idx,world_x,world_y,world_z
0,-275.5633,168.0605,0.0000
1,-275.5133,168.0605,0.0000
2,-275.4633,168.0605,0.0000
3,-275.4133,168.0605,0.0000
4,-275.3633,168.0605,0.0000
5,-275.3133,168.0605,0.0000
6,-275.2633,168.0605,0.0000
7,-275.2133,168.0605,0.0000
8,-275.1633,168.0605,0.0000
9,-275.1133,168.0605,0.0000
10,-275.0633,168.0605,0.0000
11,-275.0133,168.0605,0.0000
12,-274.9633,168.0605,0.0000
13,-274.9133,168.0605,0.0000
14,-274.8633,168.0605,0.0000
15,-274.8133,168.0605,0.0000
16,-274.7633,168.0605,0.0000
17,-274.7133,168.0605,0.0000
18,-274.6633,168.0605,0.0000
19,-274.6133,168.0605,0.0000
20,-274.5633,168.0605,0.0000
21,-274.5133,168.0605,0.0000
22,-274.4633,168.0605,0.0000
23,-274.4133,168.0605,0.0000
24,-274.3633,168.0605,0.0000
25,-274.3133,168.0605,0.0000
26,-274.2633,168.0605,0.0000
27,-274.2133,168.0605,0.0000
28,-274.1633,168.0605,0.0000
29,-274.1133,168.0605,0.0000
30,-274.0633,168.0605,0.0000
31,-274.0133,168.0605,0.0000
32,-273.9633,168.0605,0.0000
33,-273.9133,168.0605,0.0000
34,-273.8633,168.0605,0.0000
35,-273.8133,168.0605,0.0000
36,-273.7633,168.0605,0.0000
37,-273.7133,168.0605,0.0000
38,-273.6633,168.0605,0.0000
39,-273.6133,168.0605,0.0000
40,-273.5633,168.0605,0.0000
41,-273.5133,168.0605,0.0000
42,-273.4633,168.0605,0.0000
43,-273.4133,168.0605,0.0000
44,-273.3633,168.0605,0.0000
45,-273.3133,168.0605,0.0000
46,-273.2633,168.0605,0.0000
47,-273.2133,168.0605,0.0000
48,-273.1633,168.0605,0.0000
49,-273.1133,168.0605,0.0000
50,-273.0633,168.0605,0.0000
51,-273.0133,168.0605,0.0000
52,-272.9633,168.0605,0.0000
53,-272.9133,168.0605,0.0000
54,-272.8633,168.0605,0.0000
55,-272.8133,168.0605,0.0000
56,-272.7633,168.0605,0.0000
57,-272.7133,168.0605,0.0000
58,-272.6633,168.0605,0.0000
59,-272.6133,168.0605,0.0000
60,-272.5633,168.0605,0.0000
61,-272.5133,168.0605,0.0000
62,-272.4633,168.0605,0.0000
63,-272.4133,168.0605,0.0000
64,-272.3633,168.0605,0.0000
65,-272.3133,168.0605,0.0000
66,-272.2633,168.0605,0.0000
67,-272.2133,168.0605,0.0000
68,-272.1633,168.0605,0.0000
69,-272.1133,168.0605,0.0000
70,-272.0633,168.0605,0.0000
71,-272.0133,168.0605,0.0000
72,-271.9633,168.0605,0.0000
73,-271.9133,168.0605,0.0000
74,-271.8633,168.0605,0.0000
75,-271.8133,168.0605,0.0000
76,-271.7633,168.0605,0.0000
77,-271.7133,168.0605,0.0000
78,-271.6633,168.0605,0.0000
79,-271.6133,168.0605,0.0000
80,-271.5633,168.0605,0.0000
81,-271.5133,168.0605,0.0000
82,-271.4633,168.0605,0.0000
83,-271.4133,168.0605,0.0000
84,-271.3633,168.0605,0.0000
85,-271.3133,168.0605,0.0000
86,-271.2633,168.0605,0.0000
87,-271.2133,168.0605,0.0000
88,-271.1633,168.0605,0.0000
89,-271.1133,168.0605,0.0000
90,-271.0633,168.0605,0.0000
91,-271.0133,168.0605,0.0000
92,-270.9633,168.0605,0.0000
93,-270.9133,168.0605,0.0000
94,-270.8633,168.0605,0.0000
95,-270.8133,168.0605,0.0000
96,-270.7633,168.0605,0.0000
97,-270.7133,168.0605,0.0000
98,-270.6633,168.0605,0.0000
99,-270.6133,168.0605,0.0000
100,-270.5633,168.0605,0.0000
101,-270.5133,168.0605,0.0000
102,-270.4633,168.0605,0.0000
103,-270.4133,168.0605,0.0000
104,-270.3633,168.0605,0.0000
105,-270.3133,168.0605,0.0000
106,-270.2633,168.0605,0.0000
107,-270.2133,168.0605,0.0000
108,-270.1633,168.0605,0.0000
109,-270.1133,168.0605,0.0000
110,-270.0633,168.0605,0.0000
111,-270.0133,168.0605,0.0000
112,-269.9633,168.0605,0.0000
113,-269.9133,168.0605,0.0000
114,-269.8633,168.0605,0.0000
115,-269.8133,168.0605,0.0000
116,-269.7633,168.0605,0.0000
117,-269.7133,168.0605,0.0000
118,-269.6633,168.0605,0.0000
119,-269.6133,168.0605,0.0000
120,-269.5633,168.0605,0.0000
121,-269.5133,168.0605,0.0000
122,-269.4633,168.0605,0.0000
123,-269.4133,168.0605,0.0000
124,-269.3633,168.0605,0.0000
125,-269.3133,168.0605,0.0000
126,-269.2633,168.0605,0.0000
127,-269.2133,168.0605,0.0000
128,-269.1633,168.0605,0.0000
129,-269.1133,168.0605,0.0000
130,-269.0633,168.0605,0.0000
131,-269.0133,168.0605,0.0000
132,-268.9633,168.0605,0.0000
133,-268.9133,168.0605,0.0000
134,-268.8633,168.0605,0.0000
135,-268.8133,168.0605,0.0000
136,-268.7633,168.0605,0.0000
137,-268.7133,168.0605,0.0000
138,-268.6633,168.0605,0.0000
139,-268.6133,168.0605,0.0000
140,-268.5633,168.0605,0.0000
141,-268.5133,168.0605,0.0000
142,-268.4633,168.0605,0.0000
143,-268.4133,168.0605,0.0000
144,-268.3633,168.0605,0.0000
145,-268.3133,168.0605,0.0000
146,-268.2633,168.0605,0.0000
147,-268.2133,168.0605,0.0000
148,-268.1633,168.0605,0.0000
149,-268.1133,168.0605,0.0000
150,-268.0633,168.0605,0.0000
151,-268.0133,168.0605,0.0000
152,-267.9633,168.0605,0.0000
153,-267.9133,168.0605,0.0000
154,-267.8633,168.0605,0.0000
155,-267.8133,168.0605,0.0000
156,-267.7633,168.0605,0.0000
157,-267.7133,168.0605,0.0000
158,-267.6633,168.0605,0.0000
159,-267.6133,168.0605,0.0000
160,-267.5633,168.0605,0.0000
161,-267.5133,168.0605,0.0000
162,-267.4633,168.0605,0.0000
163,-267.4133,168.0605,0.0000
164,-267.3633,168.0605,0.0000
165,-267.3133,168.0605,0.0000
166,-267.2633,168.0605,0.0000
167,-267.2133,168.0605,0.0000
168,-267.1633,168.0605,0.0000
169,-267.1133,168.0605,0.0000
170,-267.0633,168.0605,0.0000
171,-267.0133,168.0605,0.0000
172,-266.9633,168.0605,0.0000
173,-266.9133,168.0605,0.0000
174,-266.8633,168.0605,0.0000
175,-266.8133,168.0605,0.0000
176,-266.7633,168.0605,0.0000
177,-266.7133,168.0605,0.0000
178,-266.6633,168.0605,0.0000
179,-266.6133,168.0605,0.0000
180,-266.5633,168.0605,0.0000
181,-266.5133,168.0605,0.0000
182,-266.4633,168.0605,0.0000
183,-266.4133,168.0605,0.0000
184,-266.3633,168.0605,0.0000
185,-266.3133,168.0605,0.0000
186,-266.2633,168.0605,0.0000
187,-266.2133,168.0605,0.0000
188,-266.1633,168.0605,0.0000
189,-266.1133,168.0605,0.0000
190,-266.0633,168.0605,0.0000
191,-266.0133,168.0605,0.0000
192,-265.9633,168.0605,0.0000
193,-265.9133,168.0605,0.0000
194,-265.8633,168.0605,0.0000
195,-265.8133,168.0605,0.0000
196,-265.7633,168.0605,0.0000
197,-265.7133,168.0605,0.0000
198,-265.6633,168.0605,0.0000
199,-265.6133,168.0605,0.0000
200,-265.5633,168.0605,0.0000
201,-265.5133,168.0605,0.0000
202,-265.4633,168.0605,0.0000
203,-265.4133,168.0605,0.0000
204,-265.3633,168.0605,0.0000
205,-265.3133,168.0605,0.0000
206,-265.2633,168.0605,0.0000
207,-265.2133,168.0605,0.0000
208,-265.1633,168.0605,0.0000
209,-265.1133,168.0605,0.0000
210,-265.0633,168.0605,0.0000
211,-265.0133,168.0605,0.0000
212,-264.9633,168.0605,0.0000
213,-264.9133,168.0605,0.0000
214,-264.8633,168.0605,0.0000
215,-264.8133,168.0605,0.0000
216,-264.7633,168.0605,0.0000
217,-264.7133,168.0605,0.0000
218,-264.6633,168.0605,0.0000
219,-264.6133,168.0605,0.0000
220,-264.5633,168.0605,0.0000
221,-264.5133,168.0605,0.0000
222,-264.4633,168.0605,0.0000
223,-264.4133,168.0605,0.0000
224,-264.3633,168.0605,0.0000
225,-264.3133,168.0605,0.0000
226,-264.2633,168.0605,0.0000
227,-264.2133,168.0605,0.0000
228,-264.1633,168.0605,0.0000
229,-264.1133,168.0605,0.0000
230,-264.0633,168.0605,0.0000
231,-264.0133,168.0605,0.0000
232,-263.9633,168.0605,0.0000
233,-263.9133,168.0605,0.0000
234,-263.8633,168.0605,0.0000
235,-263.8133,168.0605,0.0000
236,-263.7633,168.0605,0.0000
237,-263.7133,168.0605,0.0000
238,-263.6633,168.0605,0.0000
239,-263.6133,168.0605,0.0000
240,-263.5633,168.0605,0.0000
241,-263.5133,168.0605,0.0000
242,-263.4633,168.0605,0.0000
243,-263.4133,168.0605,0.0000
244,-263.3633,168.0605,0.0000
245,-263.3133,168.0605,0.0000
246,-263.2633,168.0605,0.0000
247,-263.2133,168.0605,0.0000
248,-263.1633,168.0605,0.0000
249,-263.1133,168.0605,0.0000
250,-263.0633,168.0605,0.0000
251,-263.0133,168.0605,0.0000
252,-262.9633,168.0605,0.0000
253,-262.9133,168.0605,0.0000
254,-262.8633,168.0605,0.0000
255,-262.8133,168.0605,0.0000
256,-262.7633,168.0605,0.0000
257,-262.7133,168.0605,0.0000
258,-262.6633,168.0605,0.0000
259,-262.6133,168.0605,0.0000
260,-262.5633,168.0605,0.0000
261,-262.5133,168.0605,0.0000
262,-262.4633,168.0605,0.0000
263,-262.4133,168.0605,0.0000
264,-262.3633,168.0605,0.0000
265,-262.3133,168.0605,0.0000
266,-262.2633,168.0605,0.0000
267,-262.2133,168.0605,0.0000
268,-262.1633,168.0605,0.0000
269,-262.1133,168.0605,0.0000
270,-262.0633,168.0605,0.0000
271,-262.0133,168.0605,0.0000
272,-261.9633,168.0605,0.0000
273,-261.9133,168.0605,0.0000
274,-261.8633,168.0605,0.0000
275,-261.8133,168.0605,0.0000
276,-261.7633,168.0605,0.0000
277,-261.7133,168.0605,0.0000
278,-261.6633,168.0605,0.0000
279,-261.6133,168.0605,0.0000
280,-261.5633,168.0605,0.0000
281,-261.5133,168.0605,0.0000
282,-261.4633,168.0605,0.0000
283,-261.4133,168.0605,0.0000
284,-261.3633,168.0605,0.0000
285,-261.3133,168.0605,0.0000
286,-261.2633,168.0605,0.0000
287,-261.2133,168.0605,0.0000
288,-261.1633,168.0605,0.0000
289,-261.1133,168.0605,0.0000
290,-261.0633,168.0605,0.0000
291,-261.0133,168.0605,0.0000
292,-260.9633,168.0605,0.0000
293,-260.9133,168.0605,0.0000
294,-260.8633,168.0605,0.0000
295,-260.8133,168.0605,0.0000
296,-260.7633,168.0605,0.0000
297,-260.7133,168.0605,0.0000
298,-260.6633,168.0605,0.0000
299,-260.6133,168.0605,0.0000
300,-260.5633,168.0605,0.0000
301,-260.5133,168.0605,0.0000
302,-260.4633,168.0605,0.0000
303,-260.4133,168.0605,0.0000
304,-260.3633,168.0605,0.0000
305,-260.3133,168.0605,0.0000
306,-260.2633,168.0605,0.0000
307,-260.2133,168.0605,0.0000
308,-260.1633,168.0605,0.0000
309,-260.1133,168.0605,0.0000
310,-260.0633,168.0605,0.0000
311,-260.0133,168.0605,0.0000
312,-259.9633,168.0605,0.0000
313,-259.9133,168.0605,0.0000
314,-259.8633,168.0605,0.0000
315,-259.8133,168.0605,0.0000
316,-259.7633,168.0605,0.0000
317,-259.7133,168.0605,0.0000
318,-259.6633,168.0605,0.0000
319,-259.6133,168.0605,0.0000
320,-259.5633,168.0605,0.0000
321,-259.5133,168.0605,0.0000
322,-259.4633,168.0605,0.0000
323,-259.4133,168.0605,0.0000
324,-259.3633,168.0605,0.0000
325,-259.3133,168.0605,0.0000
326,-259.2633,168.0605,0.0000
327,-259.2133,168.0605,0.0000
328,-259.1633,168.0605,0.0000
329,-259.1133,168.0605,0.0000
330,-259.0633,168.0605,0.0000
331,-259.0133,168.0605,0.0000
332,-258.9633,168.0605,0.0000
333,-258.9133,168.0605,0.0000
334,-258.8633,168.0605,0.0000
335,-258.8133,168.0605,0.0000
336,-258.7633,168.0605,0.0000
337,-258.7133,168.0605,0.0000
338,-258.6633,168.0605,0.0000
339,-258.6133,168.0605,0.0000
340,-258.5633,168.0605,0.0000
341,-258.5133,168.0605,0.0000
342,-258.4633,168.0605,0.0000
343,-258.4133,168.0605,0.0000
344,-258.3633,168.0605,0.0000
345,-258.3133,168.0605,0.0000
346,-258.2633,168.0605,0.0000
347,-258.2133,168.0605,0.0000
348,-258.1633,168.0605,0.0000
349,-258.1133,168.0605,0.0000
350,-258.0633,168.0605,0.0000
351,-258.0133,168.0605,0.0000
352,-257.9633,168.0605,0.0000
353,-257.9133,168.0605,0.0000
354,-257.8633,168.0605,0.0000
355,-257.8133,168.0605,0.0000
356,-257.7633,168.0605,0.0000
357,-257.7133,168.0605,0.0000
358,-257.6633,168.0605,0.0000
359,-257.6133,168.0605,0.0000
360,-257.5633,168.0605,0.0000
361,-257.5133,168.0605,0.0000
362,-257.4633,168.0605,0.0000
363,-257.4133,168.0605,0.0000
364,-257.3633,168.0605,0.0000
365,-257.3133,168.0605,0.0000
366,-257.2633,168.0605,0.0000
367,-257.2133,168.0605,0.0000
368,-257.1633,168.0605,0.0000
369,-257.1133,168.0605,0.0000
370,-257.0633,168.0605,0.0000
371,-257.0133,168.0605,0.0000
372,-256.9633,168.0605,0.0000
373,-256.9133,168.0605,0.0000
374,-256.8633,168.0605,0.0000
375,-256.8133,168.0605,0.0000
376,-256.7633,168.0605,0.0000
377,-256.7133,168.0605,0.0000
378,-256.6633,168.0605,0.0000
379,-256.6133,168.0605,0.0000
380,-256.5633,168.0605,0.0000
381,-256.5133,168.0605,0.0000
382,-256.4633,168.0605,0.0000
383,-256.4133,168.0605,0.0000
384,-256.3633,168.0605,0.0000
385,-256.3133,168.0605,0.0000
386,-256.2633,168.0605,0.0000
387,-256.2133,168.0605,0.0000
388,-256.1633,168.0605,0.0000
389,-256.1133,168.0605,0.0000
390,-256.0633,168.0605,0.0000
391,-256.0133,168.0605,0.0000
392,-255.9633,168.0605,0.0000
393,-255.9133,168.0605,0.0000
394,-255.8633,168.0605,0.0000
395,-255.8133,168.0605,0.0000
396,-255.7633,168.0605,0.0000
397,-255.7133,168.0605,0.0000
398,-255.6633,168.0605,0.0000
399,-255.6133,168.0605,0.0000
400,-255.5633,168.0605,0.0000
401,-255.5133,168.0605,0.0000
402,-255.4633,168.0605,0.0000
403,-255.4133,168.0605,0.0000
404,-255.3633,168.0605,0.0000
405,-255.3133,168.0605,0.0000
406,-255.2633,168.0605,0.0000
407,-255.2133,168.0605,0.0000
408,-255.1633,168.0605,0.0000
409,-255.1133,168.0605,0.0000
410,-255.0633,168.0605,0.0000
411,-255.0133,168.0605,0.0000
412,-254.9633,168.0605,0.0000
413,-254.9133,168.0605,0.0000
414,-254.8633,168.0605,0.0000
415,-254.8133,168.0605,0.0000
416,-254.7633,168.0605,0.0000
417,-254.7133,168.0605,0.0000
418,-254.6633,168.0605,0.0000
419,-254.6133,168.0605,0.0000
420,-254.5633,168.0605,0.0000
421,-254.5133,168.0605,0.0000
422,-254.4633,168.0605,0.0000
423,-254.4133,168.0605,0.0000
424,-254.3633,168.0605,0.0000
425,-254.3133,168.0605,0.0000
426,-254.2633,168.0605,0.0000
427,-254.2133,168.0605,0.0000
428,-254.1633,168.0605,0.0000
429,-254.1133,168.0605,0.0000
430,-254.0633,168.0605,0.0000
431,-254.0133,168.0605,0.0000
432,-253.9633,168.0605,0.0000
433,-253.9133,168.0605,0.0000
434,-253.8633,168.0605,0.0000
435,-253.8133,168.0605,0.0000
436,-253.7633,168.0605,0.0000
437,-253.7133,168.0605,0.0000
438,-253.6633,168.0605,0.0000
439,-253.6133,168.0605,0.0000
440,-253.5633,168.0605,0.0000
441,-253.5133,168.0605,0.0000
442,-253.4633,168.0605,0.0000
443,-253.4133,168.0605,0.0000
444,-253.3633,168.0605,0.0000
445,-253.3133,168.0605,0.0000
446,-253.2633,168.0605,0.0000
447,-253.2133,168.0605,0.0000
448,-253.1633,168.0605,0.0000
449,-253.1133,168.0605,0.0000
450,-253.0633,168.0605,0.0000
451,-253.0133,168.0605,0.0000
452,-252.9633,168.0605,0.0000
453,-252.9133,168.0605,0.0000
454,-252.8633,168.0605,0.0000
455,-252.8133,168.0605,0.0000
456,-252.7633,168.0605,0.0000
457,-252.7133,168.0605,0.0000
458,-252.6633,168.0605,0.0000
459,-252.6133,168.0605,0.0000
460,-252.5633,168.0605,0.0000
461,-252.5133,168.0605,0.0000
462,-252.4633,168.0605,0.0000
463,-252.4133,168.0605,0.0000
464,-252.3633,168.0605,0.0000
465,-252.3133,168.0605,0.0000
466,-252.2633,168.0605,0.0000
467,-252.2133,168.0605,0.0000
468,-252.1633,168.0605,0.0000
469,-252.1133,168.0605,0.0000
470,-252.0633,168.0605,0.0000
471,-252.0133,168.0605,0.0000
472,-251.9633,168.0605,0.0000
473,-251.9133,168.0605,0.0000
474,-251.8633,168.0605,0.0000
475,-251.8133,168.0605,0.0000
476,-251.7633,168.0605,0.0000
477,-251.7133,168.0605,0.0000
478,-251.6633,168.0605,0.0000
479,-251.6133,168.0605,0.0000
480,-251.5633,168.0605,0.0000
481,-251.5133,168.0605,0.0000
482,-251.4633,168.0605,0.0000
483,-251.4133,168.0605,0.0000
484,-251.3633,168.0605,0.0000
485,-251.3133,168.0605,0.0000
486,-251.2633,168.0605,0.0000
487,-251.2133,168.0605,0.0000
488,-251.1633,168.0605,0.0000
489,-251.1133,168.0605,0.0000
490,-251.0633,168.0605,0.0000
491,-251.0133,168.0605,0.0000
492,-250.9633,168.0605,0.0000
493,-250.9133,168.0605,0.0000
494,-250.8633,168.0605,0.0000
495,-250.8133,168.0605,0.0000
496,-250.7633,168.0605,0.0000
497,-250.7133,168.0605,0.0000
498,-250.6633,168.0605,0.0000
499,-250.6133,168.0605,0.0000
500,-250.5633,168.0605,0.0000
501,-250.5133,168.0605,0.0000
502,-250.4633,168.0605,0.0000
503,-250.4133,168.0605,0.0000
504,-250.3633,168.0605,0.0000
505,-250.3133,168.0605,0.0000
506,-250.2633,168.0605,0.0000
507,-250.2133,168.0605,0.0000
508,-250.1633,168.0605,0.0000
509,-250.1133,168.0605,0.0000
510,-250.0633,168.0605,0.0000
511,-250.0133,168.0605,0.0000
512,-249.9633,168.0605,0.0000
513,-249.9133,168.0605,0.0000
514,-249.8633,168.0605,0.0000
515,-249.8133,168.0605,0.0000
516,-249.7633,168.0605,0.0000
517,-249.7133,168.0605,0.0000
518,-249.6633,168.0605,0.0000
519,-249.6133,168.0605,0.0000
520,-249.5633,168.0605,0.0000
521,-249.5133,168.0605,0.0000
522,-249.4633,168.0605,0.0000
523,-249.4133,168.0605,0.0000
524,-249.3633,168.0605,0.0000
525,-249.3133,168.0605,0.0000
526,-249.2633,168.0605,0.0000
527,-249.2133,168.0605,0.0000
528,-249.1633,168.0605,0.0000
529,-249.1133,168.0605,0.0000
530,-249.0633,168.0605,0.0000
531,-249.0133,168.0605,0.0000
532,-248.9633,168.0605,0.0000
533,-248.9133,168.0605,0.0000
534,-248.8633,168.0605,0.0000
535,-248.8133,168.0605,0.0000
536,-248.7633,168.0605,0.0000
537,-248.7133,168.0605,0.0000
538,-248.6633,168.0605,0.0000
539,-248.6133,168.0605,0.0000
540,-248.5633,168.0605,0.0000
541,-248.5133,168.0605,0.0000
542,-248.4633,168.0605,0.0000
543,-248.4133,168.0605,0.0000
544,-248.3633,168.0605,0.0000
545,-248.3133,168.0605,0.0000
546,-248.2633,168.0605,0.0000
547,-248.2133,168.0605,0.0000
548,-248.1633,168.0605,0.0000
549,-248.1133,168.0605,0.0000
550,-248.0633,168.0605,0.0000
551,-248.0133,168.0605,0.0000
552,-247.9633,168.0605,0.0000
553,-247.9133,168.0605,0.0000
554,-247.8633,168.0605,0.0000
555,-247.8133,168.0605,0.0000
556,-247.7633,168.0605,0.0000
557,-247.7133,168.0605,0.0000
558,-247.6633,168.0605,0.0000
559,-247.6133,168.0605,0.0000
560,-247.5633,168.0605,0.0000
561,-247.5133,168.0605,0.0000
562,-247.4633,168.0605,0.0000
563,-247.4133,168.0605,0.0000
564,-247.3633,168.0605,0.0000
565,-247.3133,168.0605,0.0000
566,-247.2633,168.0605,0.0000
567,-247.2133,168.0605,0.0000
568,-247.1633,168.0605,0.0000
569,-247.1133,168.0605,0.0000
570,-247.0633,168.0605,0.0000
571,-247.0133,168.0605,0.0000
572,-246.9633,168.0605,0.0000
573,-246.9133,168.0605,0.0000
574,-246.8633,168.0605,0.0000
575,-246.8133,168.0605,0.0000
576,-246.7633,168.0605,0.0000
577,-246.7133,168.0605,0.0000
578,-246.6633,168.0605,0.0000
579,-246.6133,168.0605,0.0000
580,-246.5633,168.0605,0.0000
581,-246.5133,168.0605,0.0000
582,-246.4633,168.0605,0.0000
583,-246.4133,168.0605,0.0000
584,-246.3633,168.0605,0.0000
585,-246.3133,168.0605,0.0000
586,-246.2633,168.0605,0.0000
587,-246.2133,168.0605,0.0000
588,-246.1633,168.0605,0.0000
589,-246.1133,168.0605,0.0000
590,-246.0633,168.0605,0.0000
591,-246.0133,168.0605,0.0000
592,-245.9633,168.0605,0.0000
593,-245.9133,168.0605,0.0000
594,-245.8633,168.0605,0.0000
595,-245.8133,168.0605,0.0000
596,-245.7633,168.0605,0.0000
597,-245.7133,168.0605,0.0000
598,-245.6633,168.0605,0.0000
599,-245.6133,168.0605,0.0000
600,-245.5633,168.0605,0.0000
601,-245.5133,168.0605,0.0000
602,-245.4633,168.0605,0.0000
603,-245.4133,168.0605,0.0000
604,-245.3633,168.0605,0.0000
605,-245.3133,168.0605,0.0000
606,-245.2633,168.0605,0.0000
607,-245.2133,168.0605,0.0000
608,-245.1633,168.0605,0.0000
609,-245.1133,168.0605,0.0000
610,-245.0633,168.0605,0.0000
611,-245.0133,168.0605,0.0000
612,-244.9633,168.0605,0.0000
613,-244.9133,168.0605,0.0000
614,-244.8633,168.0605,0.0000
615,-244.8133,168.0605,0.0000
616,-244.7633,168.0605,0.0000
617,-244.7133,168.0605,0.0000
618,-244.6633,168.0605,0.0000
619,-244.6133,168.0605,0.0000
620,-244.5633,168.0605,0.0000
621,-244.5133,168.0605,0.0000
622,-244.4633,168.0605,0.0000
623,-244.4133,168.0605,0.0000
624,-244.3633,168.0605,0.0000
625,-244.3133,168.0605,0.0000
626,-244.2633,168.0605,0.0000
627,-244.2133,168.0605,0.0000
628,-244.1633,168.0605,0.0000
629,-244.1133,168.0605,0.0000
630,-244.0633,168.0605,0.0000
631,-244.0133,168.0605,0.0000
632,-243.9633,168.0605,0.0000
633,-243.9133,168.0605,0.0000
634,-243.8633,168.0605,0.0000
635,-243.8133,168.0605,0.0000
636,-243.7633,168.0605,0.0000
637,-243.7133,168.0605,0.0000
638,-243.6633,168.0605,0.0000
639,-243.6133,168.0605,0.0000
640,-243.5633,168.0605,0.0000
641,-243.5133,168.0605,0.0000
642,-243.4633,168.0605,0.0000
643,-243.4133,168.0605,0.0000
644,-243.3633,168.0605,0.0000
645,-243.3133,168.0605,0.0000
646,-243.2633,168.0605,0.0000
647,-243.2133,168.0605,0.0000
648,-243.1633,168.0605,0.0000
649,-243.1133,168.0605,0.0000
650,-243.0633,168.0605,0.0000
651,-243.0133,168.0605,0.0000
652,-242.9633,168.0605,0.0000
653,-242.9133,168.0605,0.0000
654,-242.8633,168.0605,0.0000
655,-242.8133,168.0605,0.0000
656,-242.7633,168.0605,0.0000
657,-242.7133,168.0605,0.0000
658,-242.6633,168.0605,0.0000
659,-242.6133,168.0605,0.0000
660,-242.5633,168.0605,0.0000
661,-242.5133,168.0605,0.0000
662,-242.4633,168.0605,0.0000
663,-242.4133,168.0605,0.0000
664,-242.3633,168.0605,0.0000
665,-242.3133,168.0605,0.0000
666,-242.2633,168.0605,0.0000
667,-242.2133,168.0605,0.0000
668,-242.1633,168.0605,0.0000
669,-242.1133,168.0605,0.0000
670,-242.0633,168.0605,0.0000
671,-242.0133,168.0605,0.0000
672,-241.9633,168.0605,0.0000
673,-241.9133,168.0605,0.0000
674,-241.8633,168.0605,0.0000
675,-241.8133,168.0605,0.0000
676,-241.7633,168.0605,0.0000
677,-241.7133,168.0605,0.0000
678,-241.6633,168.0605,0.0000
679,-241.6133,168.0605,0.0000
680,-241.5633,168.0605,0.0000
681,-241.5133,168.0605,0.0000
682,-241.4633,168.0605,0.0000
683,-241.4133,168.0605,0.0000
684,-241.3633,168.0605,0.0000
685,-241.3133,168.0605,0.0000
686,-241.2633,168.0605,0.0000
687,-241.2133,168.0605,0.0000
688,-241.1633,168.0605,0.0000
689,-241.1133,168.0605,0.0000
690,-241.0633,168.0605,0.0000
691,-241.0133,168.0605,0.0000
692,-240.9633,168.0605,0.0000
693,-240.9133,168.0605,0.0000
694,-240.8633,168.0605,0.0000
695,-240.8133,168.0605,0.0000
696,-240.7633,168.0605,0.0000
697,-240.7133,168.0605,0.0000
698,-240.6633,168.0605,0.0000
699,-240.6133,168.0605,0.0000
700,-240.5633,168.0605,0.0000
701,-240.5133,168.0605,0.0000
702,-240.4633,168.0605,0.0000
703,-240.4133,168.0605,0.0000
704,-240.3633,168.0605,0.0000
705,-240.3133,168.0605,0.0000
706,-240.2633,168.0605,0.0000
707,-240.2133,168.0605,0.0000
708,-240.1633,168.0605,0.0000
709,-240.1133,168.0605,0.0000
710,-240.0633,168.0605,0.0000
711,-240.0133,168.0605,0.0000
712,-239.9633,168.0605,0.0000
713,-239.9133,168.0605,0.0000
714,-239.8633,168.0605,0.0000
715,-239.8133,168.0605,0.0000
716,-239.7633,168.0605,0.0000
717,-239.7133,168.0605,0.0000
718,-239.6633,168.0605,0.0000
719,-239.6133,168.0605,0.0000
720,-239.5633,168.0605,0.0000
721,-239.5133,168.0605,0.0000
722,-239.4633,168.0605,0.0000
723,-239.4133,168.0605,0.0000
724,-239.3633,168.0605,0.0000
725,-239.3133,168.0605,0.0000
726,-239.2633,168.0605,0.0000
727,-239.2133,168.0605,0.0000
728,-239.1633,168.0605,0.0000
729,-239.1133,168.0605,0.0000
730,-239.0633,168.0605,0.0000
731,-239.0133,168.0605,0.0000
732,-238.9633,168.0605,0.0000
733,-238.9133,168.0605,0.0000
734,-238.8633,168.0605,0.0000
735,-238.8133,168.0605,0.0000
736,-238.7633,168.0605,0.0000
737,-238.7133,168.0605,0.0000
738,-238.6633,168.0605,0.0000
739,-238.6133,168.0605,0.0000
740,-238.5633,168.0605,0.0000
741,-238.5133,168.0605,0.0000
742,-238.4633,168.0605,0.0000
743,-238.4133,168.0605,0.0000
744,-238.3633,168.0605,0.0000
745,-238.3133,168.0605,0.0000
746,-238.2633,168.0605,0.0000
747,-238.2133,168.0605,0.0000
748,-238.1633,168.0605,0.0000
749,-238.1133,168.0605,0.0000
750,-238.0633,168.0605,0.0000
751,-238.0133,168.0605,0.0000
752,-237.9633,168.0605,0.0000
753,-237.9133,168.0605,0.0000
754,-237.8633,168.0605,0.0000
755,-237.8133,168.0605,0.0000
756,-237.7633,168.0605,0.0000
757,-237.7133,168.0605,0.0000
758,-237.6633,168.0605,0.0000
759,-237.6133,168.0605,0.0000
760,-237.5633,168.0605,0.0000
761,-237.5133,168.0605,0.0000
762,-237.4633,168.0605,0.0000
763,-237.4133,168.0605,0.0000
764,-237.3633,168.0605,0.0000
765,-237.3133,168.0605,0.0000
766,-237.2633,168.0605,0.0000
767,-237.2133,168.0605,0.0000
768,-237.1633,168.0605,0.0000
769,-237.1133,168.0605,0.0000
770,-237.0633,168.0605,0.0000
771,-237.0133,168.0605,0.0000
772,-236.9633,168.0605,0.0000
773,-236.9133,168.0605,0.0000
774,-236.8633,168.0605,0.0000
775,-236.8133,168.0605,0.0000
776,-236.7633,168.0605,0.0000
777,-236.7133,168.0605,0.0000
778,-236.6633,168.0605,0.0000
779,-236.6133,168.0605,0.0000
780,-236.5633,168.0605,0.0000
781,-236.5133,168.0605,0.0000
782,-236.4633,168.0605,0.0000
783,-236.4133,168.0605,0.0000
784,-236.3633,168.0605,0.0000
785,-236.3133,168.0605,0.0000
786,-236.2633,168.0605,0.0000
787,-236.2133,168.0605,0.0000
788,-236.1633,168.0605,0.0000
789,-236.1133,168.0605,0.0000
790,-236.0633,168.0605,0.0000
791,-236.0133,168.0605,0.0000
792,-235.9633,168.0605,0.0000
793,-235.9133,168.0605,0.0000
794,-235.8633,168.0605,0.0000
795,-235.8133,168.0605,0.0000
796,-235.7633,168.0605,0.0000
797,-235.7133,168.0605,0.0000
798,-235.6633,168.0605,0.0000
799,-235.6133,168.0605,0.0000
800,-235.5633,168.0605,0.0000
801,-235.5133,168.0605,0.0000
802,-235.4633,168.0605,0.0000
803,-235.4133,168.0605,0.0000
804,-235.3633,168.0605,0.0000
805,-235.3133,168.0605,0.0000
806,-235.2633,168.0605,0.0000
807,-235.2133,168.0605,0.0000
808,-235.1633,168.0605,0.0000
809,-235.1133,168.0605,0.0000
810,-235.0633,168.0605,0.0000
811,-235.0133,168.0605,0.0000
812,-234.9633,168.0605,0.0000
813,-234.9133,168.0605,0.0000
814,-234.8633,168.0605,0.0000
815,-234.8133,168.0605,0.0000
816,-234.7633,168.0605,0.0000
817,-234.7133,168.0605,0.0000
818,-234.6633,168.0605,0.0000
819,-234.6133,168.0605,0.0000
820,-234.5633,168.0605,0.0000
821,-234.5133,168.0605,0.0000
822,-234.4633,168.0605,0.0000
823,-234.4133,168.0605,0.0000
824,-234.3633,168.0605,0.0000
825,-234.3133,168.0605,0.0000
826,-234.2633,168.0605,0.0000
827,-234.2133,168.0605,0.0000
828,-234.1633,168.0605,0.0000
829,-234.1133,168.0605,0.0000
830,-234.0633,168.0605,0.0000
831,-234.0133,168.0605,0.0000
832,-233.9633,168.0605,0.0000
833,-233.9133,168.0605,0.0000
834,-233.8633,168.0605,0.0000
835,-233.8133,168.0605,0.0000
836,-233.7633,168.0605,0.0000
837,-233.7133,168.0605,0.0000
838,-233.6633,168.0605,0.0000
839,-233.6133,168.0605,0.0000
840,-233.5633,168.0605,0.0000
841,-233.5133,168.0605,0.0000
842,-233.4633,168.0605,0.0000
843,-233.4133,168.0605,0.0000
844,-233.3633,168.0605,0.0000
845,-233.3133,168.0605,0.0000
846,-233.2633,168.0605,0.0000
847,-233.2133,168.0605,0.0000
848,-233.1633,168.0605,0.0000
849,-233.1133,168.0605,0.0000
850,-233.0633,168.0605,0.0000
851,-233.0133,168.0605,0.0000
852,-232.9633,168.0605,0.0000
853,-232.9133,168.0605,0.0000
854,-232.8633,168.0605,0.0000
855,-232.8133,168.0605,0.0000
856,-232.7633,168.0605,0.0000
857,-232.7133,168.0605,0.0000
858,-232.6633,168.0605,0.0000
859,-232.6133,168.0605,0.0000
860,-232.5633,168.0605,0.0000
861,-232.5133,168.0605,0.0000
862,-232.4633,168.0605,0.0000
863,-232.4133,168.0605,0.0000
864,-232.3633,168.0605,0.0000
865,-232.3133,168.0605,0.0000
866,-232.2633,168.0605,0.0000
867,-232.2133,168.0605,0.0000
868,-232.1633,168.0605,0.0000
869,-232.1133,168.0605,0.0000
870,-232.0633,168.0605,0.0000
871,-232.0133,168.0605,0.0000
872,-231.9633,168.0605,0.0000
873,-231.9133,168.0605,0.0000
874,-231.8633,168.0605,0.0000
875,-231.8133,168.0605,0.0000
876,-231.7633,168.0605,0.0000
877,-231.7133,168.0605,0.0000
878,-231.6633,168.0605,0.0000
879,-231.6133,168.0605,0.0000
880,-231.5633,168.0605,0.0000
881,-231.5133,168.0605,0.0000
882,-231.4633,168.0605,0.0000
883,-231.4133,168.0605,0.0000
884,-231.3633,168.0605,0.0000
885,-231.3133,168.0605,0.0000
886,-231.2633,168.0605,0.0000
887,-231.2133,168.0605,0.0000
888,-231.1633,168.0605,0.0000
889,-231.1133,168.0605,0.0000
890,-231.0633,168.0605,0.0000
891,-231.0133,168.0605,0.0000
892,-230.9633,168.0605,0.0000
893,-230.9133,168.0605,0.0000
894,-230.8633,168.0605,0.0000
895,-230.8133,168.0605,0.0000
896,-230.7633,168.0605,0.0000
897,-230.7133,168.0605,0.0000
898,-230.6633,168.0605,0.0000
899,-230.6133,168.0605,0.0000
900,-230.5633,168.0605,0.0000
901,-230.5133,168.0605,0.0000
902,-230.4633,168.0605,0.0000
903,-230.4133,168.0605,0.0000
904,-230.3633,168.0605,0.0000
905,-230.3133,168.0605,0.0000
906,-230.2633,168.0605,0.0000
907,-230.2133,168.0605,0.0000
908,-230.1633,168.0605,0.0000
909,-230.1133,168.0605,0.0000
910,-230.0633,168.0605,0.0000
911,-230.0133,168.0605,0.0000
912,-229.9633,168.0605,0.0000
913,-229.9133,168.0605,0.0000
914,-229.8633,168.0605,0.0000
915,-229.8133,168.0605,0.0000
916,-229.7633,168.0605,0.0000
917,-229.7133,168.0605,0.0000
918,-229.6633,168.0605,0.0000
919,-229.6133,168.0605,0.0000
920,-229.5633,168.0605,0.0000
921,-229.5133,168.0605,0.0000
922,-229.4633,168.0605,0.0000
923,-229.4133,168.0605,0.0000
924,-229.3633,168.0605,0.0000
925,-229.3133,168.0605,0.0000
926,-229.2633,168.0605,0.0000
927,-229.2133,168.0605,0.0000
928,-229.1633,168.0605,0.0000
929,-229.1133,168.0605,0.0000
930,-229.0633,168.0605,0.0000
931,-229.0133,168.0605,0.0000
932,-228.9633,168.0605,0.0000
933,-228.9133,168.0605,0.0000
934,-228.8633,168.0605,0.0000
935,-228.8133,168.0605,0.0000
936,-228.7633,168.0605,0.0000
937,-228.7133,168.0605,0.0000
938,-228.6633,168.0605,0.0000
939,-228.6133,168.0605,0.0000
940,-228.5633,168.0605,0.0000
941,-228.5133,168.0605,0.0000
942,-228.4633,168.0605,0.0000
943,-228.4133,168.0605,0.0000
944,-228.3633,168.0605,0.0000
945,-228.3133,168.0605,0.0000
946,-228.2633,168.0605,0.0000
947,-228.2133,168.0605,0.0000
948,-228.1633,168.0605,0.0000
949,-228.1133,168.0605,0.0000
950,-228.0633,168.0605,0.0000
951,-228.0133,168.0605,0.0000
952,-227.9633,168.0605,0.0000
953,-227.9133,168.0605,0.0000
954,-227.8633,168.0605,0.0000
955,-227.8133,168.0605,0.0000
956,-227.7633,168.0605,0.0000
957,-227.7133,168.0605,0.0000
958,-227.6633,168.0605,0.0000
959,-227.6133,168.0605,0.0000
960,-227.5633,168.0605,0.0000
961,-227.5133,168.0605,0.0000
962,-227.4633,168.0605,0.0000
963,-227.4133,168.0605,0.0000
964,-227.3633,168.0605,0.0000
965,-227.3133,168.0605,0.0000
966,-227.2633,168.0605,0.0000
967,-227.2133,168.0605,0.0000
968,-227.1633,168.0605,0.0000
969,-227.1133,168.0605,0.0000
970,-227.0633,168.0605,0.0000
971,-227.0133,168.0605,0.0000
972,-226.9633,168.0605,0.0000
973,-226.9133,168.0605,0.0000
974,-226.8633,168.0605,0.0000
975,-226.8133,168.0605,0.0000
976,-226.7633,168.0605,0.0000
977,-226.7133,168.0605,0.0000
978,-226.6633,168.0605,0.0000
979,-226.6133,168.0605,0.0000
980,-226.5633,168.0605,0.0000
981,-226.5133,168.0605,0.0000
982,-226.4633,168.0605,0.0000
983,-226.4133,168.0605,0.0000
984,-226.3633,168.0605,0.0000
985,-226.3133,168.0605,0.0000
986,-226.2633,168.0605,0.0000
987,-226.2133,168.0605,0.0000
988,-226.1633,168.0605,0.0000
989,-226.1133,168.0605,0.0000
990,-226.0633,168.0605,0.0000
991,-226.0133,168.0605,0.0000
992,-225.9633,168.0605,0.0000
993,-225.9133,168.0605,0.0000
994,-225.8633,168.0605,0.0000
995,-225.8133,168.0605,0.0000
996,-225.7633,168.0605,0.0000
997,-225.7133,168.0605,0.0000
998,-225.6633,168.0605,0.0000
999,-225.6133,168.0605,0.0000
1000,-225.5633,168.0605,0.0000
1001,-225.5133,168.0605,0.0000
1002,-225.4633,168.0605,0.0000
1003,-225.4133,168.0605,0.0000
1004,-225.3633,168.0605,0.0000
1005,-225.3133,168.0605,0.0000
1006,-225.2633,168.0605,0.0000
1007,-225.2133,168.0605,0.0000
1008,-225.1633,168.0605,0.0000
1009,-225.1133,168.0605,0.0000
1010,-225.0633,168.0605,0.0000
1011,-225.0133,168.0605,0.0000
1012,-224.9633,168.0605,0.0000
1013,-224.9133,168.0605,0.0000
1014,-224.8633,168.0605,0.0000
1015,-224.8133,168.0605,0.0000
1016,-224.7633,168.0605,0.0000
1017,-224.7133,168.0605,0.0000
1018,-224.6633,168.0605,0.0000
1019,-224.6133,168.0605,0.0000
1020,-224.5633,168.0605,0.0000
1021,-224.5133,168.0605,0.0000
1022,-224.4633,168.0605,0.0000
1023,-224.4133,168.0605,0.0000
1024,-224.3633,168.0605,0.0000
1025,-224.3133,168.0605,0.0000
1026,-224.2633,168.0605,0.0000
1027,-224.2133,168.0605,0.0000
1028,-224.1633,168.0605,0.0000
1029,-224.1133,168.0605,0.0000
1030,-224.0633,168.0605,0.0000
1031,-224.0133,168.0605,0.0000
1032,-223.9633,168.0605,0.0000
1033,-223.9133,168.0605,0.0000
1034,-223.8633,168.0605,0.0000
1035,-223.8133,168.0605,0.0000
1036,-223.7633,168.0605,0.0000
1037,-223.7133,168.0605,0.0000
1038,-223.6633,168.0605,0.0000
1039,-223.6133,168.0605,0.0000
1040,-223.5633,168.0605,0.0000
1041,-223.5133,168.0605,0.0000
1042,-223.4633,168.0605,0.0000
1043,-223.4133,168.0605,0.0000
1044,-223.3633,168.0605,0.0000
1045,-223.3133,168.0605,0.0000
1046,-223.2633,168.0605,0.0000
1047,-223.2133,168.0605,0.0000
1048,-223.1633,168.0605,0.0000
1049,-223.1133,168.0605,0.0000
1050,-223.0633,168.0605,0.0000
1051,-223.0133,168.0605,0.0000
1052,-222.9633,168.0605,0.0000
1053,-222.9133,168.0605,0.0000
1054,-222.8633,168.0605,0.0000
1055,-222.8133,168.0605,0.0000
1056,-222.7633,168.0605,0.0000
1057,-222.7133,168.0605,0.0000
1058,-222.6633,168.0605,0.0000
1059,-222.6133,168.0605,0.0000
1060,-222.5633,168.0605,0.0000
1061,-222.5133,168.0605,0.0000
1062,-222.4633,168.0605,0.0000
1063,-222.4133,168.0605,0.0000
1064,-222.3633,168.0605,0.0000
1065,-222.3133,168.0605,0.0000
1066,-222.2633,168.0605,0.0000
1067,-222.2133,168.0605,0.0000
1068,-222.1633,168.0605,0.0000
1069,-222.1133,168.0605,0.0000
1070,-222.0633,168.0605,0.0000
1071,-222.0133,168.0605,0.0000
1072,-221.9633,168.0605,0.0000
1073,-221.9133,168.0605,0.0000
1074,-221.8633,168.0605,0.0000
1075,-221.8133,168.0605,0.0000
1076,-221.7633,168.0605,0.0000
1077,-221.7133,168.0605,0.0000
1078,-221.6633,168.0605,0.0000
1079,-221.6133,168.0605,0.0000
1080,-221.5633,168.0605,0.0000
1081,-221.5133,168.0605,0.0000
1082,-221.4633,168.0605,0.0000
1083,-221.4133,168.0605,0.0000
1084,-221.3633,168.0605,0.0000
1085,-221.3133,168.0605,0.0000
1086,-221.2633,168.0605,0.0000
1087,-221.2133,168.0605,0.0000
1088,-221.1633,168.0605,0.0000
1089,-221.1133,168.0605,0.0000
1090,-221.0633,168.0605,0.0000
1091,-221.0133,168.0605,0.0000
1092,-220.9633,168.0605,0.0000
1093,-220.9133,168.0605,0.0000
1094,-220.8633,168.0605,0.0000
1095,-220.8133,168.0605,0.0000
1096,-220.7633,168.0605,0.0000
1097,-220.7133,168.0605,0.0000
1098,-220.6633,168.0605,0.0000
1099,-220.6133,168.0605,0.0000
1100,-220.5633,168.0605,0.0000
1101,-220.5133,168.0605,0.0000
1102,-220.4633,168.0605,0.0000
1103,-220.4133,168.0605,0.0000
1104,-220.3633,168.0605,0.0000
1105,-220.3133,168.0605,0.0000
1106,-220.2633,168.0605,0.0000
1107,-220.2133,168.0605,0.0000
1108,-220.1633,168.0605,0.0000
1109,-220.1133,168.0605,0.0000
1110,-220.0633,168.0605,0.0000
1111,-220.0133,168.0605,0.0000
1112,-219.9633,168.0605,0.0000
1113,-219.9133,168.0605,0.0000
1114,-219.8633,168.0605,0.0000
1115,-219.8133,168.0605,0.0000
1116,-219.7633,168.0605,0.0000
1117,-219.7133,168.0605,0.0000
1118,-219.6633,168.0605,0.0000
1119,-219.6133,168.0605,0.0000
1120,-219.5633,168.0605,0.0000
1121,-219.5133,168.0605,0.0000
1122,-219.4633,168.0605,0.0000
1123,-219.4133,168.0605,0.0000
1124,-219.3633,168.0605,0.0000
1125,-219.3133,168.0605,0.0000
1126,-219.2633,168.0605,0.0000
1127,-219.2133,168.0605,0.0000
1128,-219.1633,168.0605,0.0000
1129,-219.1133,168.0605,0.0000
1130,-219.0633,168.0605,0.0000
1131,-219.0133,168.0605,0.0000
1132,-218.9633,168.0605,0.0000
1133,-218.9133,168.0605,0.0000
1134,-218.8633,168.0605,0.0000
1135,-218.8133,168.0605,0.0000
1136,-218.7633,168.0605,0.0000
1137,-218.7133,168.0605,0.0000
1138,-218.6633,168.0605,0.0000
1139,-218.6133,168.0605,0.0000
1140,-218.5633,168.0605,0.0000
1141,-218.5133,168.0605,0.0000
1142,-218.4633,168.0605,0.0000
1143,-218.4133,168.0605,0.0000
1144,-218.3633,168.0605,0.0000
1145,-218.3133,168.0605,0.0000
1146,-218.2633,168.0605,0.0000
1147,-218.2133,168.0605,0.0000
1148,-218.1633,168.0605,0.0000
1149,-218.1133,168.0605,0.0000
1150,-218.0633,168.0605,0.0000
1151,-218.0133,168.0605,0.0000
1152,-217.9633,168.0605,0.0000
1153,-217.9133,168.0605,0.0000
1154,-217.8633,168.0605,0.0000
1155,-217.8133,168.0605,0.0000
1156,-217.7633,168.0605,0.0000
1157,-217.7133,168.0605,0.0000
1158,-217.6633,168.0605,0.0000
1159,-217.6133,168.0605,0.0000
1160,-217.5633,168.0605,0.0000
1161,-217.5133,168.0605,0.0000
1162,-217.4633,168.0605,0.0000
1163,-217.4133,168.0605,0.0000
1164,-217.3633,168.0605,0.0000
1165,-217.3133,168.0605,0.0000
1166,-217.2633,168.0605,0.0000
1167,-217.2133,168.0605,0.0000
1168,-217.1633,168.0605,0.0000
1169,-217.1133,168.0605,0.0000
1170,-217.0633,168.0605,0.0000
1171,-217.0133,168.0605,0.0000
1172,-216.9633,168.0605,0.0000
1173,-216.9133,168.0605,0.0000
1174,-216.8633,168.0605,0.0000
1175,-216.8133,168.0605,0.0000
1176,-216.7633,168.0605,0.0000
1177,-216.7133,168.0605,0.0000
1178,-216.6633,168.0605,0.0000
1179,-216.6133,168.0605,0.0000
1180,-216.5633,168.0605,0.0000
1181,-216.5133,168.0605,0.0000
1182,-216.4633,168.0605,0.0000
1183,-216.4133,168.0605,0.0000
1184,-216.3633,168.0605,0.0000
1185,-216.3133,168.0605,0.0000
1186,-216.2633,168.0605,0.0000
1187,-216.2133,168.0605,0.0000
1188,-216.1633,168.0605,0.0000
1189,-216.1133,168.0605,0.0000
1190,-216.0633,168.0605,0.0000
1191,-216.0133,168.0605,0.0000
1192,-215.9633,168.0605,0.0000
1193,-215.9133,168.0605,0.0000
1194,-215.8633,168.0605,0.0000
1195,-215.8133,168.0605,0.0000
1196,-215.7633,168.0605,0.0000
1197,-215.7133,168.0605,0.0000
1198,-215.6633,168.0605,0.0000
1199,-215.6133,168.0605,0.0000
1200,-215.5633,168.0605,0.0000
1201,-215.5133,168.0605,0.0000
1202,-215.4633,168.0605,0.0000
1203,-215.4133,168.0605,0.0000
1204,-215.3633,168.0605,0.0000
1205,-215.3133,168.0605,0.0000
1206,-215.2633,168.0605,0.0000
1207,-215.2133,168.0605,0.0000
1208,-215.1633,168.0605,0.0000
1209,-215.1133,168.0605,0.0000
1210,-215.0633,168.0605,0.0000
1211,-215.0133,168.0605,0.0000
1212,-214.9633,168.0605,0.0000
1213,-214.9133,168.0605,0.0000
1214,-214.8633,168.0605,0.0000
1215,-214.8133,168.0605,0.0000
1216,-214.7633,168.0605,0.0000
1217,-214.7133,168.0605,0.0000
1218,-214.6633,168.0605,0.0000
1219,-214.6133,168.0605,0.0000
1220,-214.5633,168.0605,0.0000
1221,-214.5133,168.0605,0.0000
1222,-214.4633,168.0605,0.0000
1223,-214.4133,168.0605,0.0000
1224,-214.3633,168.0605,0.0000
1225,-214.3133,168.0605,0.0000
1226,-214.2633,168.0605,0.0000
1227,-214.2133,168.0605,0.0000
1228,-214.1633,168.0605,0.0000
1229,-214.1133,168.0605,0.0000
1230,-214.0633,168.0605,0.0000
1231,-214.0133,168.0605,0.0000
1232,-213.9633,168.0605,0.0000
1233,-213.9133,168.0605,0.0000
1234,-213.8633,168.0605,0.0000
1235,-213.8133,168.0605,0.0000
1236,-213.7633,168.0605,0.0000
1237,-213.7133,168.0605,0.0000
1238,-213.6633,168.0605,0.0000
1239,-213.6133,168.0605,0.0000
1240,-213.5633,168.0605,0.0000
1241,-213.5133,168.0605,0.0000
1242,-213.4633,168.0605,0.0000
1243,-213.4133,168.0605,0.0000
1244,-213.3633,168.0605,0.0000
1245,-213.3133,168.0605,0.0000
1246,-213.2633,168.0605,0.0000
1247,-213.2133,168.0605,0.0000
1248,-213.1633,168.0605,0.0000
1249,-213.1133,168.0605,0.0000
1250,-213.0633,168.0605,0.0000
1251,-213.0133,168.0605,0.0000
1252,-212.9633,168.0605,0.0000
1253,-212.9133,168.0605,0.0000
1254,-212.8633,168.0605,0.0000
1255,-212.8133,168.0605,0.0000
1256,-212.7633,168.0605,0.0000
1257,-212.7133,168.0605,0.0000
1258,-212.6633,168.0605,0.0000
1259,-212.6133,168.0605,0.0000
1260,-212.5633,168.0605,0.0000
1261,-212.5133,168.0605,0.0000
1262,-212.4633,168.0605,0.0000
1263,-212.4133,168.0605,0.0000
1264,-212.3633,168.0605,0.0000
1265,-212.3133,168.0605,0.0000
1266,-212.2633,168.0605,0.0000
1267,-212.2133,168.0605,0.0000
1268,-212.1633,168.0605,0.0000
1269,-212.1133,168.0605,0.0000
1270,-212.0633,168.0605,0.0000
1271,-212.0133,168.0605,0.0000
1272,-211.9633,168.0605,0.0000
1273,-211.9133,168.0605,0.0000
1274,-211.8633,168.0605,0.0000
1275,-211.8133,168.0605,0.0000
1276,-211.7633,168.0605,0.0000
1277,-211.7133,168.0605,0.0000
1278,-211.6633,168.0605,0.0000
1279,-211.6133,168.0605,0.0000
1280,-211.5633,168.0605,0.0000
1281,-211.5133,168.0605,0.0000
1282,-211.4633,168.0605,0.0000
1283,-211.4133,168.0605,0.0000
1284,-211.3633,168.0605,0.0000
1285,-211.3133,168.0605,0.0000
1286,-211.2633,168.0605,0.0000
1287,-211.2133,168.0605,0.0000
1288,-211.1633,168.0605,0.0000
1289,-211.1133,168.0605,0.0000
1290,-211.0633,168.0605,0.0000
1291,-211.0133,168.0605,0.0000
1292,-210.9633,168.0605,0.0000
1293,-210.9133,168.0605,0.0000
1294,-210.8633,168.0605,0.0000
1295,-210.8133,168.0605,0.0000
1296,-210.7633,168.0605,0.0000
1297,-210.7133,168.0605,0.0000
1298,-210.6633,168.0605,0.0000
1299,-210.6133,168.0605,0.0000
1300,-210.5633,168.0605,0.0000
1301,-210.5133,168.0605,0.0000
1302,-210.4633,168.0605,0.0000
1303,-210.4133,168.0605,0.0000
1304,-210.3633,168.0605,0.0000
1305,-210.3133,168.0605,0.0000
1306,-210.2633,168.0605,0.0000
1307,-210.2133,168.0605,0.0000
1308,-210.1633,168.0605,0.0000
1309,-210.1133,168.0605,0.0000
1310,-210.0633,168.0605,0.0000
1311,-210.0133,168.0605,0.0000
1312,-209.9633,168.0605,0.0000
1313,-209.9133,168.0605,0.0000
1314,-209.8633,168.0605,0.0000
1315,-209.8133,168.0605,0.0000
1316,-209.7633,168.0605,0.0000
1317,-209.7133,168.0605,0.0000
1318,-209.6633,168.0605,0.0000
1319,-209.6133,168.0605,0.0000
1320,-209.5633,168.0605,0.0000
1321,-209.5133,168.0605,0.0000
1322,-209.4633,168.0605,0.0000
1323,-209.4133,168.0605,0.0000
1324,-209.3633,168.0605,0.0000
1325,-209.3133,168.0605,0.0000
1326,-209.2633,168.0605,0.0000
1327,-209.2133,168.0605,0.0000
1328,-209.1633,168.0605,0.0000
1329,-209.1133,168.0605,0.0000
1330,-209.0633,168.0605,0.0000
1331,-209.0133,168.0605,0.0000
1332,-208.9633,168.0605,0.0000
1333,-208.9133,168.0605,0.0000
1334,-208.8633,168.0605,0.0000
1335,-208.8133,168.0605,0.0000
1336,-208.7633,168.0605,0.0000
1337,-208.7133,168.0605,0.0000
1338,-208.6633,168.0605,0.0000
1339,-208.6133,168.0605,0.0000
1340,-208.5633,168.0605,0.0000
1341,-208.5133,168.0605,0.0000
1342,-208.4633,168.0605,0.0000
1343,-208.4133,168.0605,0.0000
1344,-208.3633,168.0605,0.0000
1345,-208.3133,168.0605,0.0000
1346,-208.2633,168.0605,0.0000
1347,-208.2133,168.0605,0.0000
1348,-208.1633,168.0605,0.0000
1349,-208.1133,168.0605,0.0000
1350,-208.0633,168.0605,0.0000
1351,-208.0133,168.0605,0.0000
1352,-207.9633,168.0605,0.0000
1353,-207.9133,168.0605,0.0000
1354,-207.8633,168.0605,0.0000
1355,-207.8133,168.0605,0.0000
1356,-207.7633,168.0605,0.0000
1357,-207.7133,168.0605,0.0000
1358,-207.6633,168.0605,0.0000
1359,-207.6133,168.0605,0.0000
1360,-207.5633,168.0605,0.0000
1361,-207.5133,168.0605,0.0000
1362,-207.4633,168.0605,0.0000
1363,-207.4133,168.0605,0.0000
1364,-207.3633,168.0605,0.0000
1365,-207.3133,168.0605,0.0000
1366,-207.2633,168.0605,0.0000
1367,-207.2133,168.0605,0.0000
1368,-207.1633,168.0605,0.0000
1369,-207.1133,168.0605,0.0000
1370,-207.0633,168.0605,0.0000
1371,-207.0133,168.0605,0.0000
1372,-206.9633,168.0605,0.0000
1373,-206.9133,168.0605,0.0000
1374,-206.8633,168.0605,0.0000
1375,-206.8133,168.0605,0.0000
1376,-206.7633,168.0605,0.0000
1377,-206.7133,168.0605,0.0000
1378,-206.6633,168.0605,0.0000
1379,-206.6133,168.0605,0.0000
1380,-206.5633,168.0605,0.0000
1381,-206.5133,168.0605,0.0000
1382,-206.4633,168.0605,0.0000
1383,-206.4133,168.0605,0.0000
1384,-206.3633,168.0605,0.0000
1385,-206.3133,168.0605,0.0000
1386,-206.2633,168.0605,0.0000
1387,-206.2133,168.0605,0.0000
1388,-206.1633,168.0605,0.0000
1389,-206.1133,168.0605,0.0000
1390,-206.0633,168.0605,0.0000
1391,-206.0133,168.0605,0.0000
1392,-205.9633,168.0605,0.0000
1393,-205.9133,168.0605,0.0000
1394,-205.8633,168.0605,0.0000
1395,-205.8133,168.0605,0.0000
1396,-205.7633,168.0605,0.0000
1397,-205.7133,168.0605,0.0000
1398,-205.6633,168.0605,0.0000
1399,-205.6133,168.0605,0.0000
1400,-205.5633,168.0605,0.0000
1401,-205.5133,168.0605,0.0000
1402,-205.4633,168.0605,0.0000
1403,-205.4133,168.0605,0.0000
1404,-205.3633,168.0605,0.0000
1405,-205.3133,168.0605,0.0000
1406,-205.2633,168.0605,0.0000
1407,-205.2133,168.0605,0.0000
1408,-205.1633,168.0605,0.0000
1409,-205.1133,168.0605,0.0000
1410,-205.0633,168.0605,0.0000
1411,-205.0133,168.0605,0.0000
1412,-204.9633,168.0605,0.0000
1413,-204.9133,168.0605,0.0000
1414,-204.8633,168.0605,0.0000
1415,-204.8133,168.0605,0.0000
1416,-204.7633,168.0605,0.0000
1417,-204.7133,168.0605,0.0000
1418,-204.6633,168.0605,0.0000
1419,-204.6133,168.0605,0.0000
1420,-204.5633,168.0605,0.0000
1421,-204.5133,168.0605,0.0000
1422,-204.4633,168.0605,0.0000
1423,-204.4133,168.0605,0.0000
1424,-204.3633,168.0605,0.0000
1425,-204.3133,168.0605,0.0000
1426,-204.2633,168.0605,0.0000
1427,-204.2133,168.0605,0.0000
1428,-204.1633,168.0605,0.0000
1429,-204.1133,168.0605,0.0000
1430,-204.0633,168.0605,0.0000
1431,-204.0133,168.0605,0.0000
1432,-203.9633,168.0605,0.0000
1433,-203.9133,168.0605,0.0000
1434,-203.8633,168.0605,0.0000
1435,-203.8133,168.0605,0.0000
1436,-203.7633,168.0605,0.0000
1437,-203.7133,168.0605,0.0000
1438,-203.6633,168.0605,0.0000
1439,-203.6133,168.0605,0.0000
1440,-203.5633,168.0605,0.0000
1441,-203.5133,168.0605,0.0000
1442,-203.4633,168.0605,0.0000
1443,-203.4133,168.0605,0.0000
1444,-203.3633,168.0605,0.0000
1445,-203.3133,168.0605,0.0000
1446,-203.2633,168.0605,0.0000
1447,-203.2133,168.0605,0.0000
1448,-203.1633,168.0605,0.0000
1449,-203.1133,168.0605,0.0000
1450,-203.0633,168.0605,0.0000
1451,-203.0133,168.0605,0.0000
1452,-202.9633,168.0605,0.0000
1453,-202.9133,168.0605,0.0000
1454,-202.8633,168.0605,0.0000
1455,-202.8133,168.0605,0.0000
1456,-202.7633,168.0605,0.0000
1457,-202.7133,168.0605,0.0000
1458,-202.6633,168.0605,0.0000
1459,-202.6133,168.0605,0.0000
1460,-202.5633,168.0605,0.0000
1461,-202.5133,168.0605,0.0000
1462,-202.4633,168.0605,0.0000
1463,-202.4133,168.0605,0.0000
1464,-202.3633,168.0605,0.0000
1465,-202.3133,168.0605,0.0000
1466,-202.2633,168.0605,0.0000
1467,-202.2133,168.0605,0.0000
1468,-202.1633,168.0605,0.0000
1469,-202.1133,168.0605,0.0000
1470,-202.0633,168.0605,0.0000
1471,-202.0133,168.0605,0.0000
1472,-201.9633,168.0605,0.0000
1473,-201.9133,168.0605,0.0000
1474,-201.8633,168.0605,0.0000
1475,-201.8133,168.0605,0.0000
1476,-201.7633,168.0605,0.0000
1477,-201.7133,168.0605,0.0000
1478,-201.6633,168.0605,0.0000
1479,-201.6133,168.0605,0.0000
1480,-201.5633,168.0605,0.0000
1481,-201.5133,168.0605,0.0000
1482,-201.4633,168.0605,0.0000
1483,-201.4133,168.0605,0.0000
1484,-201.3633,168.0605,0.0000
1485,-201.3133,168.0605,0.0000
1486,-201.2633,168.0605,0.0000
1487,-201.2133,168.0605,0.0000
1488,-201.1633,168.0605,0.0000
1489,-201.1133,168.0605,0.0000
1490,-201.0633,168.0605,0.0000
1491,-201.0133,168.0605,0.0000
1492,-200.9633,168.0605,0.0000
1493,-200.9133,168.0605,0.0000
1494,-200.8633,168.0605,0.0000
1495,-200.8133,168.0605,0.0000
1496,-200.7633,168.0605,0.0000
1497,-200.7133,168.0605,0.0000
1498,-200.6633,168.0605,0.0000
1499,-200.6133,168.0605,0.0000
1500,-200.5633,168.0605,0.0000
1501,-200.5133,168.0605,0.0000
1502,-200.4633,168.0605,0.0000
1503,-200.4133,168.0605,0.0000
1504,-200.3633,168.0605,0.0000
1505,-200.3133,168.0605,0.0000
1506,-200.2633,168.0605,0.0000
1507,-200.2133,168.0605,0.0000
1508,-200.1633,168.0605,0.0000
1509,-200.1133,168.0605,0.0000
1510,-200.0633,168.0605,0.0000
1511,-200.0133,168.0605,0.0000
1512,-199.9633,168.0605,0.0000
1513,-199.9133,168.0605,0.0000
1514,-199.8633,168.0605,0.0000
1515,-199.8133,168.0605,0.0000
1516,-199.7633,168.0605,0.0000
1517,-199.7133,168.0605,0.0000
1518,-199.6633,168.0605,0.0000
1519,-199.6133,168.0605,0.0000
1520,-199.5633,168.0605,0.0000
1521,-199.5133,168.0605,0.0000
1522,-199.4633,168.0605,0.0000
1523,-199.4133,168.0605,0.0000
1524,-199.3633,168.0605,0.0000
1525,-199.3133,168.0605,0.0000
1526,-199.2633,168.0605,0.0000
1527,-199.2133,168.0605,0.0000
1528,-199.1633,168.0605,0.0000
1529,-199.1133,168.0605,0.0000
1530,-199.0633,168.0605,0.0000
1531,-199.0133,168.0605,0.0000
1532,-198.9633,168.0605,0.0000
1533,-198.9133,168.0605,0.0000
1534,-198.8633,168.0605,0.0000
1535,-198.8133,168.0605,0.0000
1536,-198.7633,168.0605,0.0000
1537,-198.7133,168.0605,0.0000
1538,-198.6633,168.0605,0.0000
1539,-198.6133,168.0605,0.0000
1540,-198.5633,168.0605,0.0000
1541,-198.5133,168.0605,0.0000
1542,-198.4633,168.0605,0.0000
1543,-198.4133,168.0605,0.0000
1544,-198.3633,168.0605,0.0000
1545,-198.3133,168.0605,0.0000
1546,-198.2633,168.0605,0.0000
1547,-198.2133,168.0605,0.0000
1548,-198.1633,168.0605,0.0000
1549,-198.1133,168.0605,0.0000
1550,-198.0633,168.0605,0.0000
1551,-198.0133,168.0605,0.0000
1552,-197.9633,168.0605,0.0000
1553,-197.9133,168.0605,0.0000
1554,-197.8633,168.0605,0.0000
1555,-197.8133,168.0605,0.0000
1556,-197.7633,168.0605,0.0000
1557,-197.7133,168.0605,0.0000
1558,-197.6633,168.0605,0.0000
1559,-197.6133,168.0605,0.0000
1560,-197.5633,168.0605,0.0000
1561,-197.5133,168.0605,0.0000
1562,-197.4633,168.0605,0.0000
1563,-197.4133,168.0605,0.0000
1564,-197.3633,168.0605,0.0000
1565,-197.3133,168.0605,0.0000
1566,-197.2633,168.0605,0.0000
1567,-197.2133,168.0605,0.0000
1568,-197.1633,168.0605,0.0000
1569,-197.1133,168.0605,0.0000
1570,-197.0633,168.0605,0.0000
1571,-197.0133,168.0605,0.0000
1572,-196.9633,168.0605,0.0000
1573,-196.9133,168.0605,0.0000
1574,-196.8633,168.0605,0.0000
1575,-196.8133,168.0605,0.0000
1576,-196.7633,168.0605,0.0000
1577,-196.7133,168.0605,0.0000
1578,-196.6633,168.0605,0.0000
1579,-196.6133,168.0605,0.0000
1580,-196.5633,168.0605,0.0000
1581,-196.5133,168.0605,0.0000
1582,-196.4633,168.0605,0.0000
1583,-196.4133,168.0605,0.0000
1584,-196.3633,168.0605,0.0000
1585,-196.3133,168.0605,0.0000
1586,-196.2633,168.0605,0.0000
1587,-196.2133,168.0605,0.0000
1588,-196.1633,168.0605,0.0000
1589,-196.1133,168.0605,0.0000
1590,-196.0633,168.0605,0.0000
1591,-196.0133,168.0605,0.0000
1592,-195.9633,168.0605,0.0000
1593,-195.9133,168.0605,0.0000
1594,-195.8633,168.0605,0.0000
1595,-195.8133,168.0605,0.0000
1596,-195.7633,168.0605,0.0000
1597,-195.7133,168.0605,0.0000
1598,-195.6633,168.0605,0.0000
1599,-195.6133,168.0605,0.0000
1600,-195.5633,168.0605,0.0000
1601,-195.5133,168.0605,0.0000
1602,-195.4633,168.0605,0.0000
1603,-195.4133,168.0605,0.0000
1604,-195.3633,168.0605,0.0000
1605,-195.3133,168.0605,0.0000
1606,-195.2633,168.0605,0.0000
1607,-195.2133,168.0605,0.0000
1608,-195.1633,168.0605,0.0000
1609,-195.1133,168.0605,0.0000
1610,-195.0633,168.0605,0.0000
1611,-195.0133,168.0605,0.0000
1612,-194.9633,168.0605,0.0000
1613,-194.9133,168.0605,0.0000
1614,-194.8633,168.0605,0.0000
1615,-194.8133,168.0605,0.0000
1616,-194.7633,168.0605,0.0000
1617,-194.7133,168.0605,0.0000
1618,-194.6633,168.0605,0.0000
1619,-194.6133,168.0605,0.0000
1620,-194.5633,168.0605,0.0000
1621,-194.5133,168.0605,0.0000
1622,-194.4633,168.0605,0.0000
1623,-194.4133,168.0605,0.0000
1624,-194.3633,168.0605,0.0000
1625,-194.3133,168.0605,0.0000
1626,-194.2633,168.0605,0.0000
1627,-194.2133,168.0605,0.0000
1628,-194.1633,168.0605,0.0000
1629,-194.1133,168.0605,0.0000
1630,-194.0633,168.0605,0.0000
1631,-194.0133,168.0605,0.0000
1632,-193.9633,168.0605,0.0000
1633,-193.9133,168.0605,0.0000
1634,-193.8633,168.0605,0.0000
1635,-193.8133,168.0605,0.0000
1636,-193.7633,168.0605,0.0000
1637,-193.7133,168.0605,0.0000
1638,-193.6633,168.0605,0.0000
1639,-193.6133,168.0605,0.0000
1640,-193.5633,168.0605,0.0000
1641,-193.5133,168.0605,0.0000
1642,-193.4633,168.0605,0.0000
1643,-193.4133,168.0605,0.0000
1644,-193.3633,168.0605,0.0000
1645,-193.3133,168.0605,0.0000
1646,-193.2633,168.0605,0.0000
1647,-193.2133,168.0605,0.0000
1648,-193.1633,168.0605,0.0000
1649,-193.1133,168.0605,0.0000
1650,-193.0633,168.0605,0.0000
1651,-193.0133,168.0605,0.0000
1652,-192.9633,168.0605,0.0000
1653,-192.9133,168.0605,0.0000
1654,-192.8633,168.0605,0.0000
1655,-192.8133,168.0605,0.0000
1656,-192.7633,168.0605,0.0000
1657,-192.7133,168.0605,0.0000
1658,-192.6633,168.0605,0.0000
1659,-192.6133,168.0605,0.0000
1660,-192.5633,168.0605,0.0000
1661,-192.5133,168.0605,0.0000
1662,-192.4633,168.0605,0.0000
1663,-192.4133,168.0605,0.0000
1664,-192.3633,168.0605,0.0000
1665,-192.3133,168.0605,0.0000
1666,-192.2633,168.0605,0.0000
1667,-192.2133,168.0605,0.0000
1668,-192.1633,168.0605,0.0000
1669,-192.1133,168.0605,0.0000
1670,-192.0633,168.0605,0.0000
1671,-192.0133,168.0605,0.0000
1672,-191.9633,168.0605,0.0000
1673,-191.9133,168.0605,0.0000
1674,-191.8633,168.0605,0.0000
1675,-191.8133,168.0605,0.0000
1676,-191.7633,168.0605,0.0000
1677,-191.7133,168.0605,0.0000
1678,-191.6633,168.0605,0.0000
1679,-191.6133,168.0605,0.0000
1680,-191.5633,168.0605,0.0000
1681,-191.5133,168.0605,0.0000
1682,-191.4633,168.0605,0.0000
1683,-191.4133,168.0605,0.0000
1684,-191.3633,168.0605,0.0000
1685,-191.3133,168.0605,0.0000
1686,-191.2633,168.0605,0.0000
1687,-191.2133,168.0605,0.0000
1688,-191.1633,168.0605,0.0000
1689,-191.1133,168.0605,0.0000
1690,-191.0633,168.0605,0.0000
1691,-191.0133,168.0605,0.0000
1692,-190.9633,168.0605,0.0000
1693,-190.9133,168.0605,0.0000
1694,-190.8633,168.0605,0.0000
1695,-190.8133,168.0605,0.0000
1696,-190.7633,168.0605,0.0000
1697,-190.7133,168.0605,0.0000
1698,-190.6633,168.0605,0.0000
1699,-190.6133,168.0605,0.0000
1700,-190.5633,168.0605,0.0000
1701,-190.5133,168.0605,0.0000
1702,-190.4633,168.0605,0.0000
1703,-190.4133,168.0605,0.0000
1704,-190.3633,168.0605,0.0000
1705,-190.3133,168.0605,0.0000
1706,-190.2633,168.0605,0.0000
1707,-190.2133,168.0605,0.0000
1708,-190.1633,168.0605,0.0000
1709,-190.1133,168.0605,0.0000
1710,-190.0633,168.0605,0.0000
1711,-190.0133,168.0605,0.0000
1712,-189.9633,168.0605,0.0000
1713,-189.9133,168.0605,0.0000
1714,-189.8633,168.0605,0.0000
1715,-189.8133,168.0605,0.0000
1716,-189.7633,168.0605,0.0000
1717,-189.7133,168.0605,0.0000
1718,-189.6633,168.0605,0.0000
1719,-189.6133,168.0605,0.0000
1720,-189.5633,168.0605,0.0000
1721,-189.5133,168.0605,0.0000
1722,-189.4633,168.0605,0.0000
1723,-189.4133,168.0605,0.0000
1724,-189.3633,168.0605,0.0000
1725,-189.3133,168.0605,0.0000
1726,-189.2633,168.0605,0.0000
1727,-189.2133,168.0605,0.0000
1728,-189.1633,168.0605,0.0000
1729,-189.1133,168.0605,0.0000
1730,-189.0633,168.0605,0.0000
1731,-189.0133,168.0605,0.0000
1732,-188.9633,168.0605,0.0000
1733,-188.9133,168.0605,0.0000
1734,-188.8633,168.0605,0.0000
1735,-188.8133,168.0605,0.0000
1736,-188.7633,168.0605,0.0000
1737,-188.7133,168.0605,0.0000
1738,-188.6633,168.0605,0.0000
1739,-188.6133,168.0605,0.0000
1740,-188.5633,168.0605,0.0000
1741,-188.5133,168.0605,0.0000
1742,-188.4633,168.0605,0.0000
1743,-188.4133,168.0605,0.0000
1744,-188.3633,168.0605,0.0000
1745,-188.3133,168.0605,0.0000
1746,-188.2633,168.0605,0.0000
1747,-188.2133,168.0605,0.0000
1748,-188.1633,168.0605,0.0000
1749,-188.1133,168.0605,0.0000
1750,-188.0633,168.0605,0.0000
1751,-188.0133,168.0605,0.0000
1752,-187.9633,168.0605,0.0000
1753,-187.9133,168.0605,0.0000
1754,-187.8633,168.0605,0.0000
1755,-187.8133,168.0605,0.0000
1756,-187.7633,168.0605,0.0000
1757,-187.7133,168.0605,0.0000
1758,-187.6633,168.0605,0.0000
1759,-187.6133,168.0605,0.0000
1760,-187.5633,168.0605,0.0000
1761,-187.5133,168.0605,0.0000
1762,-187.4633,168.0605,0.0000
1763,-187.4133,168.0605,0.0000
1764,-187.3633,168.0605,0.0000
1765,-187.3133,168.0605,0.0000
1766,-187.2633,168.0605,0.0000
1767,-187.2133,168.0605,0.0000
1768,-187.1633,168.0605,0.0000
1769,-187.1133,168.0605,0.0000
1770,-187.0633,168.0605,0.0000
1771,-187.0133,168.0605,0.0000
1772,-186.9633,168.0605,0.0000
1773,-186.9133,168.0605,0.0000
1774,-186.8633,168.0605,0.0000
1775,-186.8133,168.0605,0.0000
1776,-186.7633,168.0605,0.0000
1777,-186.7133,168.0605,0.0000
1778,-186.6633,168.0605,0.0000
1779,-186.6133,168.0605,0.0000
1780,-186.5633,168.0605,0.0000
1781,-186.5133,168.0605,0.0000
1782,-186.4633,168.0605,0.0000
1783,-186.4133,168.0605,0.0000
1784,-186.3633,168.0605,0.0000
1785,-186.3133,168.0605,0.0000
1786,-186.2633,168.0605,0.0000
1787,-186.2133,168.0605,0.0000
1788,-186.1633,168.0605,0.0000
1789,-186.1133,168.0605,0.0000
1790,-186.0633,168.0605,0.0000
1791,-186.0133,168.0605,0.0000
1792,-185.9633,168.0605,0.0000
1793,-185.9133,168.0605,0.0000
1794,-185.8633,168.0605,0.0000
1795,-185.8133,168.0605,0.0000
1796,-185.7633,168.0605,0.0000
1797,-185.7133,168.0605,0.0000
1798,-185.6633,168.0605,0.0000
1799,-185.6133,168.0605,0.0000
1800,-185.5633,168.0605,0.0000
1801,-185.5133,168.0605,0.0000
1802,-185.4633,168.0605,0.0000
1803,-185.4133,168.0605,0.0000
1804,-185.3633,168.0605,0.0000
1805,-185.3133,168.0605,0.0000
1806,-185.2633,168.0605,0.0000
1807,-185.2133,168.0605,0.0000
1808,-185.1633,168.0605,0.0000
1809,-185.1133,168.0605,0.0000
1810,-185.0633,168.0605,0.0000
1811,-185.0133,168.0605,0.0000
1812,-184.9633,168.0605,0.0000
1813,-184.9133,168.0605,0.0000
1814,-184.8633,168.0605,0.0000
1815,-184.8133,168.0605,0.0000
1816,-184.7633,168.0605,0.0000
1817,-184.7133,168.0605,0.0000
1818,-184.6633,168.0605,0.0000
1819,-184.6133,168.0605,0.0000
1820,-184.5633,168.0605,0.0000
1821,-184.5133,168.0605,0.0000
1822,-184.4633,168.0605,0.0000
1823,-184.4133,168.0605,0.0000
1824,-184.3633,168.0605,0.0000
1825,-184.3133,168.0605,0.0000
1826,-184.2633,168.0605,0.0000
1827,-184.2133,168.0605,0.0000
1828,-184.1633,168.0605,0.0000
1829,-184.1133,168.0605,0.0000
1830,-184.0633,168.0605,0.0000
1831,-184.0133,168.0605,0.0000
1832,-183.9633,168.0605,0.0000
1833,-183.9133,168.0605,0.0000
1834,-183.8633,168.0605,0.0000
1835,-183.8133,168.0605,0.0000
1836,-183.7633,168.0605,0.0000
1837,-183.7133,168.0605,0.0000
1838,-183.6633,168.0605,0.0000
1839,-183.6133,168.0605,0.0000
1840,-183.5633,168.0605,0.0000
1841,-183.5133,168.0605,0.0000
1842,-183.4633,168.0605,0.0000
1843,-183.4133,168.0605,0.0000
1844,-183.3633,168.0605,0.0000
1845,-183.3133,168.0605,0.0000
1846,-183.2633,168.0605,0.0000
1847,-183.2133,168.0605,0.0000
1848,-183.1633,168.0605,0.0000
1849,-183.1133,168.0605,0.0000
1850,-183.0633,168.0605,0.0000
1851,-183.0133,168.0605,0.0000
1852,-182.9633,168.0605,0.0000
1853,-182.9133,168.0605,0.0000
1854,-182.8633,168.0605,0.0000
1855,-182.8133,168.0605,0.0000
1856,-182.7633,168.0605,0.0000
1857,-182.7133,168.0605,0.0000
1858,-182.6633,168.0605,0.0000
1859,-182.6133,168.0605,0.0000
1860,-182.5633,168.0605,0.0000
1861,-182.5133,168.0605,0.0000
1862,-182.4633,168.0605,0.0000
1863,-182.4133,168.0605,0.0000
1864,-182.3633,168.0605,0.0000
1865,-182.3133,168.0605,0.0000
1866,-182.2633,168.0605,0.0000
1867,-182.2133,168.0605,0.0000
1868,-182.1633,168.0605,0.0000
1869,-182.1133,168.0605,0.0000
1870,-182.0633,168.0605,0.0000
1871,-182.0133,168.0605,0.0000
1872,-181.9633,168.0605,0.0000
1873,-181.9133,168.0605,0.0000
1874,-181.8633,168.0605,0.0000
1875,-181.8133,168.0605,0.0000
1876,-181.7633,168.0605,0.0000
1877,-181.7133,168.0605,0.0000
1878,-181.6633,168.0605,0.0000
1879,-181.6133,168.0605,0.0000
1880,-181.5633,168.0605,0.0000
1881,-181.5133,168.0605,0.0000
1882,-181.4633,168.0605,0.0000
1883,-181.4133,168.0605,0.0000
1884,-181.3633,168.0605,0.0000
1885,-181.3133,168.0605,0.0000
1886,-181.2633,168.0605,0.0000
1887,-181.2133,168.0605,0.0000
1888,-181.1633,168.0605,0.0000
1889,-181.1133,168.0605,0.0000
1890,-181.0633,168.0605,0.0000
1891,-181.0133,168.0605,0.0000
1892,-180.9633,168.0605,0.0000
1893,-180.9133,168.0605,0.0000
1894,-180.8633,168.0605,0.0000
1895,-180.8133,168.0605,0.0000
1896,-180.7633,168.0605,0.0000
1897,-180.7133,168.0605,0.0000
1898,-180.6633,168.0605,0.0000
1899,-180.6133,168.0605,0.0000
1900,-180.5633,168.0605,0.0000
1901,-180.5133,168.0605,0.0000
1902,-180.4633,168.0605,0.0000
1903,-180.4133,168.0605,0.0000
1904,-180.3633,168.0605,0.0000
1905,-180.3133,168.0605,0.0000
1906,-180.2633,168.0605,0.0000
1907,-180.2133,168.0605,0.0000
1908,-180.1633,168.0605,0.0000
1909,-180.1133,168.0605,0.0000
1910,-180.0633,168.0605,0.0000
1911,-180.0133,168.0605,0.0000
1912,-179.9633,168.0605,0.0000
1913,-179.9133,168.0605,0.0000
1914,-179.8633,168.0605,0.0000
1915,-179.8133,168.0605,0.0000
1916,-179.7633,168.0605,0.0000
1917,-179.7133,168.0605,0.0000
1918,-179.6633,168.0605,0.0000
1919,-179.6133,168.0605,0.0000
1920,-179.5633,168.0605,0.0000
1921,-179.5133,168.0605,0.0000
1922,-179.4633,168.0605,0.0000
1923,-179.4133,168.0605,0.0000
1924,-179.3633,168.0605,0.0000
1925,-179.3133,168.0605,0.0000
1926,-179.2633,168.0605,0.0000
1927,-179.2133,168.0605,0.0000
1928,-179.1633,168.0605,0.0000
1929,-179.1133,168.0605,0.0000
1930,-179.0633,168.0605,0.0000
1931,-179.0133,168.0605,0.0000
1932,-178.9633,168.0605,0.0000
1933,-178.9133,168.0605,0.0000
1934,-178.8633,168.0605,0.0000
1935,-178.8133,168.0605,0.0000
1936,-178.7633,168.0605,0.0000
1937,-178.7133,168.0605,0.0000
1938,-178.6633,168.0605,0.0000
1939,-178.6133,168.0605,0.0000
1940,-178.5633,168.0605,0.0000
1941,-178.5133,168.0605,0.0000
1942,-178.4633,168.0605,0.0000
1943,-178.4133,168.0605,0.0000
1944,-178.3633,168.0605,0.0000
1945,-178.3133,168.0605,0.0000
1946,-178.2633,168.0605,0.0000
1947,-178.2133,168.0605,0.0000
1948,-178.1633,168.0605,0.0000
1949,-178.1133,168.0605,0.0000
1950,-178.0633,168.0605,0.0000
1951,-178.0133,168.0605,0.0000
1952,-177.9633,168.0605,0.0000
1953,-177.9133,168.0605,0.0000
1954,-177.8633,168.0605,0.0000
1955,-177.8133,168.0605,0.0000
1956,-177.7633,168.0605,0.0000
1957,-177.7133,168.0605,0.0000
1958,-177.6633,168.0605,0.0000
1959,-177.6133,168.0605,0.0000
1960,-177.5633,168.0605,0.0000
1961,-177.5133,168.0605,0.0000
1962,-177.4633,168.0605,0.0000
1963,-177.4133,168.0605,0.0000
1964,-177.3633,168.0605,0.0000
1965,-177.3133,168.0605,0.0000
1966,-177.2633,168.0605,0.0000
1967,-177.2133,168.0605,0.0000
1968,-177.1633,168.0605,0.0000
1969,-177.1133,168.0605,0.0000
1970,-177.0633,168.0605,0.0000
1971,-177.0133,168.0605,0.0000
1972,-176.9633,168.0605,0.0000
1973,-176.9133,168.0605,0.0000
1974,-176.8633,168.0605,0.0000
1975,-176.8133,168.0605,0.0000
1976,-176.7633,168.0605,0.0000
1977,-176.7133,168.0605,0.0000
1978,-176.6633,168.0605,0.0000
1979,-176.6133,168.0605,0.0000
1980,-176.5633,168.0605,0.0000
1981,-176.5133,168.0605,0.0000
1982,-176.4633,168.0605,0.0000
1983,-176.4133,168.0605,0.0000
1984,-176.3633,168.0605,0.0000
1985,-176.3133,168.0605,0.0000
1986,-176.2633,168.0605,0.0000
1987,-176.2133,168.0605,0.0000
1988,-176.1633,168.0605,0.0000
1989,-176.1133,168.0605,0.0000
1990,-176.0633,168.0605,0.0000
1991,-176.0133,168.0605,0.0000
1992,-175.9633,168.0605,0.0000
1993,-175.9133,168.0605,0.0000
1994,-175.8633,168.0605,0.0000
1995,-175.8133,168.0605,0.0000
1996,-175.7633,168.0605,0.0000
1997,-175.7133,168.0605,0.0000
1998,-175.6633,168.0605,0.0000
1999,-175.6133,168.0605,0.0000
2000,-175.5633,168.0605,0.0000
2001,-175.5133,168.0605,0.0000
2002,-175.4633,168.0605,0.0000
2003,-175.4133,168.0605,0.0000
2004,-175.3633,168.0605,0.0000
2005,-175.3133,168.0605,0.0000
2006,-175.2633,168.0605,0.0000
2007,-175.2133,168.0605,0.0000
2008,-175.1633,168.0605,0.0000
2009,-175.1133,168.0605,0.0000
2010,-175.0633,168.0605,0.0000
2011,-175.0133,168.0605,0.0000
2012,-174.9633,168.0605,0.0000
2013,-174.9133,168.0605,0.0000
2014,-174.8633,168.0605,0.0000
2015,-174.8133,168.0605,0.0000
2016,-174.7633,168.0605,0.0000
2017,-174.7133,168.0605,0.0000
2018,-174.6633,168.0605,0.0000
2019,-174.6133,168.0605,0.0000
2020,-174.5633,168.0605,0.0000
2021,-174.5133,168.0605,0.0000
2022,-174.4633,168.0605,0.0000
2023,-174.4133,168.0605,0.0000
2024,-174.3633,168.0605,0.0000
2025,-174.3133,168.0605,0.0000
2026,-174.2633,168.0605,0.0000
2027,-174.2133,168.0605,0.0000
2028,-174.1633,168.0605,0.0000
2029,-174.1133,168.0605,0.0000
2030,-174.0633,168.0605,0.0000
2031,-174.0133,168.0605,0.0000
2032,-173.9633,168.0605,0.0000
2033,-173.9133,168.0605,0.0000
2034,-173.8633,168.0605,0.0000
2035,-173.8133,168.0605,0.0000
2036,-173.7633,168.0605,0.0000
2037,-173.7133,168.0605,0.0000
2038,-173.6633,168.0605,0.0000
2039,-173.6133,168.0605,0.0000
2040,-173.5633,168.0605,0.0000
2041,-173.5133,168.0605,0.0000
2042,-173.4633,168.0605,0.0000
2043,-173.4133,168.0605,0.0000
2044,-173.3633,168.0605,0.0000
2045,-173.3133,168.0605,0.0000
2046,-173.2633,168.0605,0.0000
2047,-173.2133,168.0605,0.0000
2048,-173.1633,168.0605,0.0000
2049,-173.1133,168.0605,0.0000
2050,-173.0633,168.0605,0.0000
2051,-173.0133,168.0605,0.0000
2052,-172.9633,168.0605,0.0000
2053,-172.9133,168.0605,0.0000
2054,-172.8633,168.0605,0.0000
2055,-172.8133,168.0605,0.0000
2056,-172.7633,168.0605,0.0000
2057,-172.7133,168.0605,0.0000
2058,-172.6633,168.0605,0.0000
2059,-172.6133,168.0605,0.0000
2060,-172.5633,168.0605,0.0000
2061,-172.5133,168.0605,0.0000
2062,-172.4633,168.0605,0.0000
2063,-172.4133,168.0605,0.0000
2064,-172.3633,168.0605,0.0000
2065,-172.3133,168.0605,0.0000
2066,-172.2633,168.0605,0.0000
2067,-172.2133,168.0605,0.0000
2068,-172.1633,168.0605,0.0000
2069,-172.1133,168.0605,0.0000
2070,-172.0633,168.0605,0.0000
2071,-172.0133,168.0605,0.0000
2072,-171.9633,168.0605,0.0000
2073,-171.9133,168.0605,0.0000
2074,-171.8633,168.0605,0.0000
2075,-171.8133,168.0605,0.0000
2076,-171.7633,168.0605,0.0000
2077,-171.7133,168.0605,0.0000
2078,-171.6633,168.0605,0.0000
2079,-171.6133,168.0605,0.0000
2080,-171.5633,168.0605,0.0000
2081,-171.5133,168.0605,0.0000
2082,-171.4633,168.0605,0.0000
2083,-171.4133,168.0605,0.0000
2084,-171.3633,168.0605,0.0000
2085,-171.3133,168.0605,0.0000
2086,-171.2633,168.0605,0.0000
2087,-171.2133,168.0605,0.0000
2088,-171.1633,168.0605,0.0000
2089,-171.1133,168.0605,0.0000
2090,-171.0633,168.0605,0.0000
2091,-171.0133,168.0605,0.0000
2092,-170.9633,168.0605,0.0000
2093,-170.9133,168.0605,0.0000
2094,-170.8633,168.0605,0.0000
2095,-170.8133,168.0605,0.0000
2096,-170.7633,168.0605,0.0000
2097,-170.7133,168.0605,0.0000
2098,-170.6633,168.0605,0.0000
2099,-170.6133,168.0605,0.0000
2100,-170.5633,168.0605,0.0000
2101,-170.5133,168.0605,0.0000
2102,-170.4633,168.0605,0.0000
2103,-170.4133,168.0605,0.0000
2104,-170.3633,168.0605,0.0000
2105,-170.3133,168.0605,0.0000
2106,-170.2633,168.0605,0.0000
2107,-170.2133,168.0605,0.0000
2108,-170.1633,168.0605,0.0000
2109,-170.1133,168.0605,0.0000
2110,-170.0633,168.0605,0.0000
2111,-170.0133,168.0605,0.0000
2112,-169.9633,168.0605,0.0000
2113,-169.9133,168.0605,0.0000
2114,-169.8633,168.0605,0.0000
2115,-169.8133,168.0605,0.0000
2116,-169.7633,168.0605,0.0000
2117,-169.7133,168.0605,0.0000
2118,-169.6633,168.0605,0.0000
2119,-169.6133,168.0605,0.0000
2120,-169.5633,168.0605,0.0000
2121,-169.5133,168.0605,0.0000
2122,-169.4633,168.0605,0.0000
2123,-169.4133,168.0605,0.0000
2124,-169.3633,168.0605,0.0000
2125,-169.3133,168.0605,0.0000
2126,-169.2633,168.0605,0.0000
2127,-169.2133,168.0605,0.0000
2128,-169.1633,168.0605,0.0000
2129,-169.1133,168.0605,0.0000
2130,-169.0633,168.0605,0.0000
2131,-169.0133,168.0605,0.0000
2132,-168.9633,168.0605,0.0000
2133,-168.9133,168.0605,0.0000
2134,-168.8633,168.0605,0.0000
2135,-168.8133,168.0605,0.0000
2136,-168.7633,168.0605,0.0000
2137,-168.7133,168.0605,0.0000
2138,-168.6633,168.0605,0.0000
2139,-168.6133,168.0605,0.0000
2140,-168.5633,168.0605,0.0000
2141,-168.5133,168.0605,0.0000
2142,-168.4633,168.0605,0.0000
2143,-168.4133,168.0605,0.0000
2144,-168.3633,168.0605,0.0000
2145,-168.3133,168.0605,0.0000
2146,-168.2633,168.0605,0.0000
2147,-168.2133,168.0605,0.0000
2148,-168.1633,168.0605,0.0000
2149,-168.1133,168.0605,0.0000
2150,-168.0633,168.0605,0.0000
2151,-168.0133,168.0605,0.0000
2152,-167.9633,168.0605,0.0000
2153,-167.9133,168.0605,0.0000
2154,-167.8633,168.0605,0.0000
2155,-167.8133,168.0605,0.0000
2156,-167.7633,168.0605,0.0000
2157,-167.7133,168.0605,0.0000
2158,-167.6633,168.0605,0.0000
2159,-167.6133,168.0605,0.0000
2160,-167.5633,168.0605,0.0000
2161,-167.5133,168.0605,0.0000
2162,-167.4633,168.0605,0.0000
2163,-167.4133,168.0605,0.0000
2164,-167.3633,168.0605,0.0000
2165,-167.3133,168.0605,0.0000
2166,-167.2633,168.0605,0.0000
2167,-167.2133,168.0605,0.0000
2168,-167.1633,168.0605,0.0000
2169,-167.1133,168.0605,0.0000
2170,-167.0633,168.0605,0.0000
2171,-167.0133,168.0605,0.0000
2172,-166.9633,168.0605,0.0000
2173,-166.9133,168.0605,0.0000
2174,-166.8633,168.0605,0.0000
2175,-166.8133,168.0605,0.0000
2176,-166.7633,168.0605,0.0000
2177,-166.7133,168.0605,0.0000
2178,-166.6633,168.0605,0.0000
2179,-166.6133,168.0605,0.0000
2180,-166.5633,168.0605,0.0000
2181,-166.5133,168.0605,0.0000
2182,-166.4633,168.0605,0.0000
2183,-166.4133,168.0605,0.0000
2184,-166.3633,168.0605,0.0000
2185,-166.3133,168.0605,0.0000
2186,-166.2633,168.0605,0.0000
2187,-166.2133,168.0605,0.0000
2188,-166.1633,168.0605,0.0000
2189,-166.1133,168.0605,0.0000
2190,-166.0633,168.0605,0.0000
2191,-166.0133,168.0605,0.0000
2192,-165.9633,168.0605,0.0000
2193,-165.9133,168.0605,0.0000
2194,-165.8633,168.0605,0.0000
2195,-165.8133,168.0605,0.0000
2196,-165.7633,168.0605,0.0000
2197,-165.7133,168.0605,0.0000
2198,-165.6633,168.0605,0.0000
2199,-165.6133,168.0605,0.0000
2200,-165.5633,168.0605,0.0000
2201,-165.5133,168.0605,0.0000
2202,-165.4633,168.0605,0.0000
2203,-165.4133,168.0605,0.0000
2204,-165.3633,168.0605,0.0000
2205,-165.3133,168.0605,0.0000
2206,-165.2633,168.0605,0.0000
2207,-165.2133,168.0605,0.0000
2208,-165.1633,168.0605,0.0000
2209,-165.1133,168.0605,0.0000
2210,-165.0633,168.0605,0.0000
2211,-165.0133,168.0605,0.0000
2212,-164.9633,168.0605,0.0000
2213,-164.9133,168.0605,0.0000
2214,-164.8633,168.0605,0.0000
2215,-164.8133,168.0605,0.0000
2216,-164.7633,168.0605,0.0000
2217,-164.7133,168.0605,0.0000
2218,-164.6633,168.0605,0.0000
2219,-164.6133,168.0605,0.0000
2220,-164.5633,168.0605,0.0000
2221,-164.5133,168.0605,0.0000
2222,-164.4633,168.0605,0.0000
2223,-164.4133,168.0605,0.0000
2224,-164.3633,168.0605,0.0000
2225,-164.3133,168.0605,0.0000
2226,-164.2633,168.0605,0.0000
2227,-164.2133,168.0605,0.0000
2228,-164.1633,168.0605,0.0000
2229,-164.1133,168.0605,0.0000
2230,-164.0633,168.0605,0.0000
2231,-164.0133,168.0605,0.0000
2232,-163.9633,168.0605,0.0000
2233,-163.9133,168.0605,0.0000
2234,-163.8633,168.0605,0.0000
2235,-163.8133,168.0605,0.0000
2236,-163.7633,168.0605,0.0000
2237,-163.7133,168.0605,0.0000
2238,-163.6633,168.0605,0.0000
2239,-163.6133,168.0605,0.0000
2240,-163.5633,168.0605,0.0000
2241,-163.5133,168.0605,0.0000
2242,-163.4633,168.0605,0.0000
2243,-163.4133,168.0605,0.0000
2244,-163.3633,168.0605,0.0000
2245,-163.3133,168.0605,0.0000
2246,-163.2633,168.0605,0.0000
2247,-163.2133,168.0605,0.0000
2248,-163.1633,168.0605,0.0000
2249,-163.1133,168.0605,0.0000
2250,-163.0633,168.0605,0.0000
2251,-163.0133,168.0605,0.0000
2252,-162.9633,168.0605,0.0000
2253,-162.9133,168.0605,0.0000
2254,-162.8633,168.0605,0.0000
2255,-162.8133,168.0605,0.0000
2256,-162.7633,168.0605,0.0000
2257,-162.7133,168.0605,0.0000
2258,-162.6633,168.0605,0.0000
2259,-162.6133,168.0605,0.0000
2260,-162.5633,168.0605,0.0000
2261,-162.5133,168.0605,0.0000
2262,-162.4633,168.0605,0.0000
2263,-162.4133,168.0605,0.0000
2264,-162.3633,168.0605,0.0000
2265,-162.3133,168.0605,0.0000
2266,-162.2633,168.0605,0.0000
2267,-162.2133,168.0605,0.0000
2268,-162.1633,168.0605,0.0000
2269,-162.1133,168.0605,0.0000
2270,-162.0633,168.0605,0.0000
2271,-162.0133,168.0605,0.0000
2272,-161.9633,168.0605,0.0000
2273,-161.9133,168.0605,0.0000
2274,-161.8633,168.0605,0.0000
2275,-161.8133,168.0605,0.0000
2276,-161.7633,168.0605,0.0000
2277,-161.7133,168.0605,0.0000
2278,-161.6633,168.0605,0.0000
2279,-161.6133,168.0605,0.0000
2280,-161.5633,168.0605,0.0000
2281,-161.5133,168.0605,0.0000
2282,-161.4633,168.0605,0.0000
2283,-161.4133,168.0605,0.0000
2284,-161.3633,168.0605,0.0000
2285,-161.3133,168.0605,0.0000
2286,-161.2633,168.0605,0.0000
2287,-161.2133,168.0605,0.0000
2288,-161.1633,168.0605,0.0000
2289,-161.1133,168.0605,0.0000
2290,-161.0633,168.0605,0.0000
2291,-161.0133,168.0605,0.0000
2292,-160.9633,168.0605,0.0000
2293,-160.9133,168.0605,0.0000
2294,-160.8633,168.0605,0.0000
2295,-160.8133,168.0605,0.0000
2296,-160.7633,168.0605,0.0000
2297,-160.7133,168.0605,0.0000
2298,-160.6633,168.0605,0.0000
2299,-160.6133,168.0605,0.0000
2300,-160.5633,168.0605,0.0000
2301,-160.5133,168.0605,0.0000
2302,-160.4633,168.0605,0.0000
2303,-160.4133,168.0605,0.0000
2304,-160.3633,168.0605,0.0000
2305,-160.3133,168.0605,0.0000
2306,-160.2633,168.0605,0.0000
2307,-160.2133,168.0605,0.0000
2308,-160.1633,168.0605,0.0000
2309,-160.1133,168.0605,0.0000
2310,-160.0633,168.0605,0.0000
2311,-160.0133,168.0605,0.0000
2312,-159.9633,168.0605,0.0000
2313,-159.9133,168.0605,0.0000
2314,-159.8633,168.0605,0.0000
2315,-159.8133,168.0605,0.0000
2316,-159.7633,168.0605,0.0000
2317,-159.7133,168.0605,0.0000
2318,-159.6633,168.0605,0.0000
2319,-159.6133,168.0605,0.0000
2320,-159.5633,168.0605,0.0000
2321,-159.5133,168.0605,0.0000
2322,-159.4633,168.0605,0.0000
2323,-159.4133,168.0605,0.0000
2324,-159.3633,168.0605,0.0000
2325,-159.3133,168.0605,0.0000
2326,-159.2633,168.0605,0.0000
2327,-159.2133,168.0605,0.0000
2328,-159.1633,168.0605,0.0000
2329,-159.1133,168.0605,0.0000
2330,-159.0633,168.0605,0.0000
2331,-159.0133,168.0605,0.0000
2332,-158.9633,168.0605,0.0000
2333,-158.9133,168.0605,0.0000
2334,-158.8633,168.0605,0.0000
2335,-158.8133,168.0605,0.0000
2336,-158.7633,168.0605,0.0000
2337,-158.7133,168.0605,0.0000
2338,-158.6633,168.0605,0.0000
2339,-158.6133,168.0605,0.0000
2340,-158.5633,168.0605,0.0000
2341,-158.5133,168.0605,0.0000
2342,-158.4633,168.0605,0.0000
2343,-158.4133,168.0605,0.0000
2344,-158.3633,168.0605,0.0000
2345,-158.3133,168.0605,0.0000
2346,-158.2633,168.0605,0.0000
2347,-158.2133,168.0605,0.0000
2348,-158.1633,168.0605,0.0000
2349,-158.1133,168.0605,0.0000
2350,-158.0633,168.0605,0.0000
2351,-158.0133,168.0605,0.0000
2352,-157.9633,168.0605,0.0000
2353,-157.9133,168.0605,0.0000
2354,-157.8633,168.0605,0.0000
2355,-157.8133,168.0605,0.0000
2356,-157.7633,168.0605,0.0000
2357,-157.7133,168.0605,0.0000
2358,-157.6633,168.0605,0.0000
2359,-157.6133,168.0605,0.0000
2360,-157.5633,168.0605,0.0000
2361,-157.5133,168.0605,0.0000
2362,-157.4633,168.0605,0.0000
2363,-157.4133,168.0605,0.0000
2364,-157.3633,168.0605,0.0000
2365,-157.3133,168.0605,0.0000
2366,-157.2633,168.0605,0.0000
2367,-157.2133,168.0605,0.0000
2368,-157.1633,168.0605,0.0000
2369,-157.1133,168.0605,0.0000
2370,-157.0633,168.0605,0.0000
2371,-157.0133,168.0605,0.0000
2372,-156.9633,168.0605,0.0000
2373,-156.9133,168.0605,0.0000
2374,-156.8633,168.0605,0.0000
2375,-156.8133,168.0605,0.0000
2376,-156.7633,168.0605,0.0000
2377,-156.7133,168.0605,0.0000
2378,-156.6633,168.0605,0.0000
2379,-156.6133,168.0605,0.0000
2380,-156.5633,168.0605,0.0000
2381,-156.5133,168.0605,0.0000
2382,-156.4633,168.0605,0.0000
2383,-156.4133,168.0605,0.0000
2384,-156.3633,168.0605,0.0000
2385,-156.3133,168.0605,0.0000
2386,-156.2633,168.0605,0.0000
2387,-156.2133,168.0605,0.0000
2388,-156.1633,168.0605,0.0000
2389,-156.1133,168.0605,0.0000
2390,-156.0633,168.0605,0.0000
2391,-156.0133,168.0605,0.0000
2392,-155.9633,168.0605,0.0000
2393,-155.9133,168.0605,0.0000
2394,-155.8633,168.0605,0.0000
2395,-155.8133,168.0605,0.0000
2396,-155.7633,168.0605,0.0000
2397,-155.7133,168.0605,0.0000
2398,-155.6633,168.0605,0.0000
2399,-155.6133,168.0605,0.0000
2400,-155.5633,168.0605,0.0000
2401,-155.5133,168.0605,0.0000
2402,-155.4633,168.0605,0.0000
2403,-155.4133,168.0605,0.0000
2404,-155.3633,168.0605,0.0000
2405,-155.3133,168.0605,0.0000
2406,-155.2633,168.0605,0.0000
2407,-155.2133,168.0605,0.0000
2408,-155.1633,168.0605,0.0000
2409,-155.1133,168.0605,0.0000
2410,-155.0633,168.0605,0.0000
2411,-155.0133,168.0605,0.0000
2412,-154.9633,168.0605,0.0000
2413,-154.9133,168.0605,0.0000
2414,-154.8633,168.0605,0.0000
2415,-154.8133,168.0605,0.0000
2416,-154.7633,168.0605,0.0000
2417,-154.7133,168.0605,0.0000
2418,-154.6633,168.0605,0.0000
2419,-154.6133,168.0605,0.0000
2420,-154.5633,168.0605,0.0000
2421,-154.5133,168.0605,0.0000
2422,-154.4633,168.0605,0.0000
2423,-154.4133,168.0605,0.0000
2424,-154.3633,168.0605,0.0000
2425,-154.3133,168.0605,0.0000
2426,-154.2633,168.0605,0.0000
2427,-154.2133,168.0605,0.0000
2428,-154.1633,168.0605,0.0000
2429,-154.1133,168.0605,0.0000
2430,-154.0633,168.0605,0.0000
2431,-154.0133,168.0605,0.0000
2432,-153.9633,168.0605,0.0000
2433,-153.9133,168.0605,0.0000
2434,-153.8633,168.0605,0.0000
2435,-153.8133,168.0605,0.0000
2436,-153.7633,168.0605,0.0000
2437,-153.7133,168.0605,0.0000
2438,-153.6633,168.0605,0.0000
2439,-153.6133,168.0605,0.0000
2440,-153.5633,168.0605,0.0000
2441,-153.5133,168.0605,0.0000
2442,-153.4633,168.0605,0.0000
2443,-153.4133,168.0605,0.0000
2444,-153.3633,168.0605,0.0000
2445,-153.3133,168.0605,0.0000
2446,-153.2633,168.0605,0.0000
2447,-153.2133,168.0605,0.0000
2448,-153.1633,168.0605,0.0000
2449,-153.1133,168.0605,0.0000
2450,-153.0633,168.0605,0.0000
2451,-153.0133,168.0605,0.0000
2452,-152.9633,168.0605,0.0000
2453,-152.9133,168.0605,0.0000
2454,-152.8633,168.0605,0.0000
2455,-152.8133,168.0605,0.0000
2456,-152.7633,168.0605,0.0000
2457,-152.7133,168.0605,0.0000
2458,-152.6633,168.0605,0.0000
2459,-152.6133,168.0605,0.0000
2460,-152.5633,168.0605,0.0000
2461,-152.5133,168.0605,0.0000
2462,-152.4633,168.0605,0.0000
2463,-152.4133,168.0605,0.0000
2464,-152.3633,168.0605,0.0000
2465,-152.3133,168.0605,0.0000
2466,-152.2633,168.0605,0.0000
2467,-152.2133,168.0605,0.0000
2468,-152.1633,168.0605,0.0000
2469,-152.1133,168.0605,0.0000
2470,-152.0633,168.0605,0.0000
2471,-152.0133,168.0605,0.0000
2472,-151.9633,168.0605,0.0000
2473,-151.9133,168.0605,0.0000
2474,-151.8633,168.0605,0.0000
2475,-151.8133,168.0605,0.0000
2476,-151.7633,168.0605,0.0000
2477,-151.7133,168.0605,0.0000
2478,-151.6633,168.0605,0.0000
2479,-151.6133,168.0605,0.0000
2480,-151.5633,168.0605,0.0000
2481,-151.5133,168.0605,0.0000
2482,-151.4633,168.0605,0.0000
2483,-151.4133,168.0605,0.0000
2484,-151.3633,168.0605,0.0000
2485,-151.3133,168.0605,0.0000
2486,-151.2633,168.0605,0.0000
2487,-151.2133,168.0605,0.0000
2488,-151.1633,168.0605,0.0000
2489,-151.1133,168.0605,0.0000
2490,-151.0633,168.0605,0.0000
2491,-151.0133,168.0605,0.0000
2492,-150.9633,168.0605,0.0000
2493,-150.9133,168.0605,0.0000
2494,-150.8633,168.0605,0.0000
2495,-150.8133,168.0605,0.0000
2496,-150.7633,168.0605,0.0000
2497,-150.7133,168.0605,0.0000
2498,-150.6633,168.0605,0.0000
2499,-150.6133,168.0605,0.0000
2500,-150.5633,168.0605,0.0000
2501,-150.5133,168.0605,0.0000
2502,-150.4633,168.0605,0.0000
2503,-150.4133,168.0605,0.0000
2504,-150.3633,168.0605,0.0000
2505,-150.3133,168.0605,0.0000
2506,-150.2633,168.0605,0.0000
2507,-150.2133,168.0605,0.0000
2508,-150.1633,168.0605,0.0000
2509,-150.1133,168.0605,0.0000
2510,-150.0633,168.0605,0.0000
2511,-150.0133,168.0605,0.0000
2512,-149.9633,168.0605,0.0000
2513,-149.9133,168.0605,0.0000
2514,-149.8633,168.0605,0.0000
2515,-149.8133,168.0605,0.0000
2516,-149.7633,168.0605,0.0000
2517,-149.7133,168.0605,0.0000
2518,-149.6633,168.0605,0.0000
2519,-149.6133,168.0605,0.0000
2520,-149.5633,168.0605,0.0000
2521,-149.5133,168.0605,0.0000
2522,-149.4633,168.0605,0.0000
2523,-149.4133,168.0605,0.0000
2524,-149.3633,168.0605,0.0000
2525,-149.3133,168.0605,0.0000
2526,-149.2633,168.0605,0.0000
2527,-149.2133,168.0605,0.0000
2528,-149.1633,168.0605,0.0000
2529,-149.1133,168.0605,0.0000
2530,-149.0633,168.0605,0.0000
2531,-149.0133,168.0605,0.0000
2532,-148.9633,168.0605,0.0000
2533,-148.9133,168.0605,0.0000
2534,-148.8633,168.0605,0.0000
2535,-148.8133,168.0605,0.0000
2536,-148.7633,168.0605,0.0000
2537,-148.7133,168.0605,0.0000
2538,-148.6633,168.0605,0.0000
2539,-148.6133,168.0605,0.0000
2540,-148.5633,168.0605,0.0000
2541,-148.5133,168.0605,0.0000
2542,-148.4633,168.0605,0.0000
2543,-148.4133,168.0605,0.0000
2544,-148.3633,168.0605,0.0000
2545,-148.3133,168.0605,0.0000
2546,-148.2633,168.0605,0.0000
2547,-148.2133,168.0605,0.0000
2548,-148.1633,168.0605,0.0000
2549,-148.1133,168.0605,0.0000
2550,-148.0633,168.0605,0.0000
2551,-148.0133,168.0605,0.0000
2552,-147.9633,168.0605,0.0000
2553,-147.9133,168.0605,0.0000
2554,-147.8633,168.0605,0.0000
2555,-147.8133,168.0605,0.0000
2556,-147.7633,168.0605,0.0000
2557,-147.7133,168.0605,0.0000
2558,-147.6633,168.0605,0.0000
2559,-147.6133,168.0605,0.0000
2560,-147.5633,168.0605,0.0000
2561,-147.5133,168.0605,0.0000
2562,-147.4633,168.0605,0.0000
2563,-147.4133,168.0605,0.0000
2564,-147.3633,168.0605,0.0000
2565,-147.3133,168.0605,0.0000
2566,-147.2633,168.0605,0.0000
2567,-147.2133,168.0605,0.0000
2568,-147.1633,168.0605,0.0000
2569,-147.1133,168.0605,0.0000
2570,-147.0633,168.0605,0.0000
2571,-147.0133,168.0605,0.0000
2572,-146.9633,168.0605,0.0000
2573,-146.9133,168.0605,0.0000
2574,-146.8633,168.0605,0.0000
2575,-146.8133,168.0605,0.0000
2576,-146.7633,168.0605,0.0000
2577,-146.7133,168.0605,0.0000
2578,-146.6633,168.0605,0.0000
2579,-146.6133,168.0605,0.0000
2580,-146.5633,168.0605,0.0000
2581,-146.5133,168.0605,0.0000
2582,-146.4633,168.0605,0.0000
2583,-146.4133,168.0605,0.0000
2584,-146.3633,168.0605,0.0000
2585,-146.3133,168.0605,0.0000
2586,-146.2633,168.0605,0.0000
2587,-146.2133,168.0605,0.0000
2588,-146.1633,168.0605,0.0000
2589,-146.1133,168.0605,0.0000
2590,-146.0633,168.0605,0.0000
2591,-146.0133,168.0605,0.0000
2592,-145.9633,168.0605,0.0000
2593,-145.9133,168.0605,0.0000
2594,-145.8633,168.0605,0.0000
2595,-145.8133,168.0605,0.0000
2596,-145.7633,168.0605,0.0000
2597,-145.7133,168.0605,0.0000
2598,-145.6633,168.0605,0.0000
2599,-145.6133,168.0605,0.0000
2600,-145.5633,168.0605,0.0000
2601,-145.5133,168.0605,0.0000
2602,-145.4633,168.0605,0.0000
2603,-145.4133,168.0605,0.0000
2604,-145.3633,168.0605,0.0000
2605,-145.3133,168.0605,0.0000
2606,-145.2633,168.0605,0.0000
2607,-145.2133,168.0605,0.0000
2608,-145.1633,168.0605,0.0000
2609,-145.1133,168.0605,0.0000
2610,-145.0633,168.0605,0.0000
2611,-145.0133,168.0605,0.0000
2612,-144.9633,168.0605,0.0000
2613,-144.9133,168.0605,0.0000
2614,-144.8633,168.0605,0.0000
2615,-144.8133,168.0605,0.0000
2616,-144.7633,168.0605,0.0000
2617,-144.7133,168.0605,0.0000
2618,-144.6633,168.0605,0.0000
2619,-144.6133,168.0605,0.0000
2620,-144.5633,168.0605,0.0000
2621,-144.5133,168.0605,0.0000
2622,-144.4633,168.0605,0.0000
2623,-144.4133,168.0605,0.0000
2624,-144.3633,168.0605,0.0000
2625,-144.3133,168.0605,0.0000
2626,-144.2633,168.0605,0.0000
2627,-144.2133,168.0605,0.0000
2628,-144.1633,168.0605,0.0000
2629,-144.1133,168.0605,0.0000
2630,-144.0633,168.0605,0.0000
2631,-144.0133,168.0605,0.0000
2632,-143.9633,168.0605,0.0000
2633,-143.9133,168.0605,0.0000
2634,-143.8633,168.0605,0.0000
2635,-143.8133,168.0605,0.0000
2636,-143.7633,168.0605,0.0000
2637,-143.7133,168.0605,0.0000
2638,-143.6633,168.0605,0.0000
2639,-143.6133,168.0605,0.0000
2640,-143.5633,168.0605,0.0000
2641,-143.5133,168.0605,0.0000
2642,-143.4633,168.0605,0.0000
2643,-143.4133,168.0605,0.0000
2644,-143.3633,168.0605,0.0000
2645,-143.3133,168.0605,0.0000
2646,-143.2633,168.0605,0.0000
2647,-143.2133,168.0605,0.0000
2648,-143.1633,168.0605,0.0000
2649,-143.1133,168.0605,0.0000
2650,-143.0633,168.0605,0.0000
2651,-143.0133,168.0605,0.0000
2652,-142.9633,168.0605,0.0000
2653,-142.9133,168.0605,0.0000
2654,-142.8633,168.0605,0.0000
2655,-142.8133,168.0605,0.0000
2656,-142.7633,168.0605,0.0000
2657,-142.7133,168.0605,0.0000
2658,-142.6633,168.0605,0.0000
2659,-142.6133,168.0605,0.0000
2660,-142.5633,168.0605,0.0000
2661,-142.5133,168.0605,0.0000
2662,-142.4633,168.0605,0.0000
2663,-142.4133,168.0605,0.0000
2664,-142.3633,168.0605,0.0000
2665,-142.3133,168.0605,0.0000
2666,-142.2633,168.0605,0.0000
2667,-142.2133,168.0605,0.0000
2668,-142.1633,168.0605,0.0000
2669,-142.1133,168.0605,0.0000
2670,-142.0633,168.0605,0.0000
2671,-142.0133,168.0605,0.0000
2672,-141.9633,168.0605,0.0000
2673,-141.9133,168.0605,0.0000
2674,-141.8633,168.0605,0.0000
2675,-141.8133,168.0605,0.0000
2676,-141.7633,168.0605,0.0000
2677,-141.7133,168.0605,0.0000
2678,-141.6633,168.0605,0.0000
2679,-141.6133,168.0605,0.0000
2680,-141.5633,168.0605,0.0000
2681,-141.5133,168.0605,0.0000
2682,-141.4633,168.0605,0.0000
2683,-141.4133,168.0605,0.0000
2684,-141.3633,168.0605,0.0000
2685,-141.3133,168.0605,0.0000
2686,-141.2633,168.0605,0.0000
2687,-141.2133,168.0605,0.0000
2688,-141.1633,168.0605,0.0000
2689,-141.1133,168.0605,0.0000
2690,-141.0633,168.0605,0.0000
2691,-141.0133,168.0605,0.0000
2692,-140.9633,168.0605,0.0000
2693,-140.9133,168.0605,0.0000
2694,-140.8633,168.0605,0.0000
2695,-140.8133,168.0605,0.0000
2696,-140.7633,168.0605,0.0000
2697,-140.7133,168.0605,0.0000
2698,-140.6633,168.0605,0.0000
2699,-140.6133,168.0605,0.0000
2700,-140.5633,168.0605,0.0000
2701,-140.5133,168.0605,0.0000
2702,-140.4633,168.0605,0.0000
2703,-140.4133,168.0605,0.0000
2704,-140.3633,168.0605,0.0000
2705,-140.3133,168.0605,0.0000
2706,-140.2633,168.0605,0.0000
2707,-140.2133,168.0605,0.0000
2708,-140.1633,168.0605,0.0000
2709,-140.1133,168.0605,0.0000
2710,-140.0633,168.0605,0.0000
2711,-140.0133,168.0605,0.0000
2712,-139.9633,168.0605,0.0000
2713,-139.9133,168.0605,0.0000
2714,-139.8633,168.0605,0.0000
2715,-139.8133,168.0605,0.0000
2716,-139.7633,168.0605,0.0000
2717,-139.7133,168.0605,0.0000
2718,-139.6633,168.0605,0.0000
2719,-139.6133,168.0605,0.0000
2720,-139.5633,168.0605,0.0000
2721,-139.5133,168.0605,0.0000
2722,-139.4633,168.0605,0.0000
2723,-139.4133,168.0605,0.0000
2724,-139.3633,168.0605,0.0000
2725,-139.3133,168.0605,0.0000
2726,-139.2633,168.0605,0.0000
2727,-139.2133,168.0605,0.0000
2728,-139.1633,168.0605,0.0000
2729,-139.1133,168.0605,0.0000
2730,-139.0633,168.0605,0.0000
2731,-139.0133,168.0605,0.0000
2732,-138.9633,168.0605,0.0000
2733,-138.9133,168.0605,0.0000
2734,-138.8633,168.0605,0.0000
2735,-138.8133,168.0605,0.0000
2736,-138.7633,168.0605,0.0000
2737,-138.7133,168.0605,0.0000
2738,-138.6633,168.0605,0.0000
2739,-138.6133,168.0605,0.0000
2740,-138.5633,168.0605,0.0000
2741,-138.5133,168.0605,0.0000
2742,-138.4633,168.0605,0.0000
2743,-138.4133,168.0605,0.0000
2744,-138.3633,168.0605,0.0000
2745,-138.3133,168.0605,0.0000
2746,-138.2633,168.0605,0.0000
2747,-138.2133,168.0605,0.0000
2748,-138.1633,168.0605,0.0000
2749,-138.1133,168.0605,0.0000
2750,-138.0633,168.0605,0.0000
2751,-138.0133,168.0605,0.0000
2752,-137.9633,168.0605,0.0000
2753,-137.9133,168.0605,0.0000
2754,-137.8633,168.0605,0.0000
2755,-137.8133,168.0605,0.0000
2756,-137.7633,168.0605,0.0000
2757,-137.7133,168.0605,0.0000
2758,-137.6633,168.0605,0.0000
2759,-137.6133,168.0605,0.0000
2760,-137.5633,168.0605,0.0000
2761,-137.5133,168.0605,0.0000
2762,-137.4633,168.0605,0.0000
2763,-137.4133,168.0605,0.0000
2764,-137.3633,168.0605,0.0000
2765,-137.3133,168.0605,0.0000
2766,-137.2633,168.0605,0.0000
2767,-137.2133,168.0605,0.0000
2768,-137.1633,168.0605,0.0000
2769,-137.1133,168.0605,0.0000
2770,-137.0633,168.0605,0.0000
2771,-137.0133,168.0605,0.0000
2772,-136.9633,168.0605,0.0000
2773,-136.9133,168.0605,0.0000
2774,-136.8633,168.0605,0.0000
2775,-136.8133,168.0605,0.0000
2776,-136.7633,168.0605,0.0000
2777,-136.7133,168.0605,0.0000
2778,-136.6633,168.0605,0.0000
2779,-136.6133,168.0605,0.0000
2780,-136.5633,168.0605,0.0000
2781,-136.5133,168.0605,0.0000
2782,-136.4633,168.0605,0.0000
2783,-136.4133,168.0605,0.0000
2784,-136.3633,168.0605,0.0000
2785,-136.3133,168.0605,0.0000
2786,-136.2633,168.0605,0.0000
2787,-136.2133,168.0605,0.0000
2788,-136.1633,168.0605,0.0000
2789,-136.1133,168.0605,0.0000
2790,-136.0633,168.0605,0.0000
2791,-136.0133,168.0605,0.0000
2792,-135.9633,168.0605,0.0000
2793,-135.9133,168.0605,0.0000
2794,-135.8633,168.0605,0.0000
2795,-135.8133,168.0605,0.0000
2796,-135.7633,168.0605,0.0000
2797,-135.7133,168.0605,0.0000
2798,-135.6633,168.0605,0.0000
2799,-135.6133,168.0605,0.0000
2800,-135.5633,168.0605,0.0000
2801,-135.5133,168.0605,0.0000
2802,-135.4633,168.0605,0.0000
2803,-135.4133,168.0605,0.0000
2804,-135.3633,168.0605,0.0000
2805,-135.3133,168.0605,0.0000
2806,-135.2633,168.0605,0.0000
2807,-135.2133,168.0605,0.0000
2808,-135.1633,168.0605,0.0000
2809,-135.1133,168.0605,0.0000
2810,-135.0633,168.0605,0.0000
2811,-135.0133,168.0605,0.0000
2812,-134.9633,168.0605,0.0000
2813,-134.9133,168.0605,0.0000
2814,-134.8633,168.0605,0.0000
2815,-134.8133,168.0605,0.0000
2816,-134.7633,168.0605,0.0000
2817,-134.7133,168.0605,0.0000
2818,-134.6633,168.0605,0.0000
2819,-134.6133,168.0605,0.0000
2820,-134.5633,168.0605,0.0000
2821,-134.5133,168.0605,0.0000
2822,-134.4633,168.0605,0.0000
2823,-134.4133,168.0605,0.0000
2824,-134.3633,168.0605,0.0000
2825,-134.3133,168.0605,0.0000
2826,-134.2633,168.0605,0.0000
2827,-134.2133,168.0605,0.0000
2828,-134.1633,168.0605,0.0000
2829,-134.1133,168.0605,0.0000
2830,-134.0633,168.0605,0.0000
2831,-134.0133,168.0605,0.0000
2832,-133.9633,168.0605,0.0000
2833,-133.9133,168.0605,0.0000
2834,-133.8633,168.0605,0.0000
2835,-133.8133,168.0605,0.0000
2836,-133.7633,168.0605,0.0000
2837,-133.7133,168.0605,0.0000
2838,-133.6633,168.0605,0.0000
2839,-133.6133,168.0605,0.0000
2840,-133.5633,168.0605,0.0000
2841,-133.5133,168.0605,0.0000
2842,-133.4633,168.0605,0.0000
2843,-133.4133,168.0605,0.0000
2844,-133.3633,168.0605,0.0000
2845,-133.3133,168.0605,0.0000
2846,-133.2633,168.0605,0.0000
2847,-133.2133,168.0605,0.0000
2848,-133.1633,168.0605,0.0000
2849,-133.1133,168.0605,0.0000
2850,-133.0633,168.0605,0.0000
2851,-133.0133,168.0605,0.0000
2852,-132.9633,168.0605,0.0000
2853,-132.9133,168.0605,0.0000
2854,-132.8633,168.0605,0.0000
2855,-132.8133,168.0605,0.0000
2856,-132.7633,168.0605,0.0000
2857,-132.7133,168.0605,0.0000
2858,-132.6633,168.0605,0.0000
2859,-132.6133,168.0605,0.0000
2860,-132.5633,168.0605,0.0000
2861,-132.5133,168.0605,0.0000
2862,-132.4633,168.0605,0.0000
2863,-132.4133,168.0605,0.0000
2864,-132.3633,168.0605,0.0000
2865,-132.3133,168.0605,0.0000
2866,-132.2633,168.0605,0.0000
2867,-132.2133,168.0605,0.0000
2868,-132.1633,168.0605,0.0000
2869,-132.1133,168.0605,0.0000
2870,-132.0633,168.0605,0.0000
2871,-132.0133,168.0605,0.0000
2872,-131.9633,168.0605,0.0000
2873,-131.9133,168.0605,0.0000
2874,-131.8633,168.0605,0.0000
2875,-131.8133,168.0605,0.0000
2876,-131.7633,168.0605,0.0000
2877,-131.7133,168.0605,0.0000
2878,-131.6633,168.0605,0.0000
2879,-131.6133,168.0605,0.0000
2880,-131.5633,168.0605,0.0000
2881,-131.5133,168.0605,0.0000
2882,-131.4633,168.0605,0.0000
2883,-131.4133,168.0605,0.0000
2884,-131.3633,168.0605,0.0000
2885,-131.3133,168.0605,0.0000
2886,-131.2633,168.0605,0.0000
2887,-131.2133,168.0605,0.0000
2888,-131.1633,168.0605,0.0000
2889,-131.1133,168.0605,0.0000
2890,-131.0633,168.0605,0.0000
2891,-131.0133,168.0605,0.0000
2892,-130.9633,168.0605,0.0000
2893,-130.9133,168.0605,0.0000
2894,-130.8633,168.0605,0.0000
2895,-130.8133,168.0605,0.0000
2896,-130.7633,168.0605,0.0000
2897,-130.7133,168.0605,0.0000
2898,-130.6633,168.0605,0.0000
2899,-130.6133,168.0605,0.0000
2900,-130.5633,168.0605,0.0000
2901,-130.5133,168.0605,0.0000
2902,-130.4633,168.0605,0.0000
2903,-130.4133,168.0605,0.0000
2904,-130.3633,168.0605,0.0000
2905,-130.3133,168.0605,0.0000
2906,-130.2633,168.0605,0.0000
2907,-130.2133,168.0605,0.0000
2908,-130.1633,168.0605,0.0000
2909,-130.1133,168.0605,0.0000
2910,-130.0633,168.0605,0.0000
2911,-130.0133,168.0605,0.0000
2912,-129.9633,168.0605,0.0000
2913,-129.9133,168.0605,0.0000
2914,-129.8633,168.0605,0.0000
2915,-129.8133,168.0605,0.0000
2916,-129.7633,168.0605,0.0000
2917,-129.7133,168.0605,0.0000
2918,-129.6633,168.0605,0.0000
2919,-129.6133,168.0605,0.0000
2920,-129.5633,168.0605,0.0000
2921,-129.5133,168.0605,0.0000
2922,-129.4633,168.0605,0.0000
2923,-129.4133,168.0605,0.0000
2924,-129.3633,168.0605,0.0000
2925,-129.3133,168.0605,0.0000
2926,-129.2633,168.0605,0.0000
2927,-129.2133,168.0605,0.0000
2928,-129.1633,168.0605,0.0000
2929,-129.1133,168.0605,0.0000
2930,-129.0633,168.0605,0.0000
2931,-129.0133,168.0605,0.0000
2932,-128.9633,168.0605,0.0000
2933,-128.9133,168.0605,0.0000
2934,-128.8633,168.0605,0.0000
2935,-128.8133,168.0605,0.0000
2936,-128.7633,168.0605,0.0000
2937,-128.7133,168.0605,0.0000
2938,-128.6633,168.0605,0.0000
2939,-128.6133,168.0605,0.0000
2940,-128.5633,168.0605,0.0000
2941,-128.5133,168.0605,0.0000
2942,-128.4633,168.0605,0.0000
2943,-128.4133,168.0605,0.0000
2944,-128.3633,168.0605,0.0000
2945,-128.3133,168.0605,0.0000
2946,-128.2633,168.0605,0.0000
2947,-128.2133,168.0605,0.0000
2948,-128.1633,168.0605,0.0000
2949,-128.1133,168.0605,0.0000
2950,-128.0633,168.0605,0.0000
2951,-128.0133,168.0605,0.0000
2952,-127.9633,168.0605,0.0000
2953,-127.9133,168.0605,0.0000
2954,-127.8633,168.0605,0.0000
2955,-127.8133,168.0605,0.0000
2956,-127.7633,168.0605,0.0000
2957,-127.7133,168.0605,0.0000
2958,-127.6633,168.0605,0.0000
2959,-127.6133,168.0605,0.0000
2960,-127.5633,168.0605,0.0000
2961,-127.5133,168.0605,0.0000
2962,-127.4633,168.0605,0.0000
2963,-127.4133,168.0605,0.0000
2964,-127.3633,168.0605,0.0000
2965,-127.3133,168.0605,0.0000
2966,-127.2633,168.0605,0.0000
2967,-127.2133,168.0605,0.0000
2968,-127.1633,168.0605,0.0000
2969,-127.1133,168.0605,0.0000
2970,-127.0633,168.0605,0.0000
2971,-127.0133,168.0605,0.0000
2972,-126.9633,168.0605,0.0000
2973,-126.9133,168.0605,0.0000
2974,-126.8633,168.0605,0.0000
2975,-126.8133,168.0605,0.0000
2976,-126.7633,168.0605,0.0000
2977,-126.7133,168.0605,0.0000
2978,-126.6633,168.0605,0.0000
2979,-126.6133,168.0605,0.0000
2980,-126.5633,168.0605,0.0000
2981,-126.5133,168.0605,0.0000
2982,-126.4633,168.0605,0.0000
2983,-126.4133,168.0605,0.0000
2984,-126.3633,168.0605,0.0000
2985,-126.3133,168.0605,0.0000
2986,-126.2633,168.0605,0.0000
2987,-126.2133,168.0605,0.0000
2988,-126.1633,168.0605,0.0000
2989,-126.1133,168.0605,0.0000
2990,-126.0633,168.0605,0.0000
2991,-126.0133,168.0605,0.0000
2992,-125.9633,168.0605,0.0000
2993,-125.9133,168.0605,0.0000
2994,-125.8633,168.0605,0.0000
2995,-125.8133,168.0605,0.0000
2996,-125.7633,168.0605,0.0000
2997,-125.7133,168.0605,0.0000
2998,-125.6633,168.0605,0.0000
2999,-125.6133,168.0605,0.0000
3000,-125.5633,168.0605,0.0000
3001,-125.5133,168.0605,0.0000
3002,-125.4633,168.0605,0.0000
3003,-125.4133,168.0605,0.0000
3004,-125.3633,168.0605,0.0000
3005,-125.3133,168.0605,0.0000
3006,-125.2633,168.0605,0.0000
3007,-125.2133,168.0605,0.0000
3008,-125.1633,168.0605,0.0000
3009,-125.1133,168.0605,0.0000
3010,-125.0633,168.0605,0.0000
3011,-125.0133,168.0605,0.0000
3012,-124.9633,168.0605,0.0000
3013,-124.9133,168.0605,0.0000
3014,-124.8633,168.0605,0.0000
3015,-124.8133,168.0605,0.0000
3016,-124.7633,168.0605,0.0000
3017,-124.7133,168.0605,0.0000
3018,-124.6633,168.0605,0.0000
3019,-124.6133,168.0605,0.0000
3020,-124.5633,168.0605,0.0000
3021,-124.5133,168.0605,0.0000
3022,-124.4633,168.0605,0.0000
3023,-124.4133,168.0605,0.0000
3024,-124.3633,168.0605,0.0000
3025,-124.3133,168.0605,0.0000
3026,-124.2633,168.0605,0.0000
3027,-124.2133,168.0605,0.0000
3028,-124.1633,168.0605,0.0000
3029,-124.1133,168.0605,0.0000
3030,-124.0633,168.0605,0.0000
3031,-124.0133,168.0605,0.0000
3032,-123.9633,168.0605,0.0000
3033,-123.9133,168.0605,0.0000
3034,-123.8633,168.0605,0.0000
3035,-123.8133,168.0605,0.0000
3036,-123.7633,168.0605,0.0000
3037,-123.7133,168.0605,0.0000
3038,-123.6633,168.0605,0.0000
3039,-123.6133,168.0605,0.0000
3040,-123.5633,168.0605,0.0000
3041,-123.5133,168.0605,0.0000
3042,-123.4633,168.0605,0.0000
3043,-123.4133,168.0605,0.0000
3044,-123.3633,168.0605,0.0000
3045,-123.3133,168.0605,0.0000
3046,-123.2633,168.0605,0.0000
3047,-123.2133,168.0605,0.0000
3048,-123.1633,168.0605,0.0000
3049,-123.1133,168.0605,0.0000
3050,-123.0633,168.0605,0.0000
3051,-123.0133,168.0605,0.0000
3052,-122.9633,168.0605,0.0000
3053,-122.9133,168.0605,0.0000
3054,-122.8633,168.0605,0.0000
3055,-122.8133,168.0605,0.0000
3056,-122.7633,168.0605,0.0000
3057,-122.7133,168.0605,0.0000
3058,-122.6633,168.0605,0.0000
3059,-122.6133,168.0605,0.0000
3060,-122.5633,168.0605,0.0000
3061,-122.5133,168.0605,0.0000
3062,-122.4633,168.0605,0.0000
3063,-122.4133,168.0605,0.0000
3064,-122.3633,168.0605,0.0000
3065,-122.3133,168.0605,0.0000
3066,-122.2633,168.0605,0.0000
3067,-122.2133,168.0605,0.0000
3068,-122.1633,168.0605,0.0000
3069,-122.1133,168.0605,0.0000
3070,-122.0633,168.0605,0.0000
3071,-122.0133,168.0605,0.0000
3072,-121.9633,168.0605,0.0000
3073,-121.9133,168.0605,0.0000
3074,-121.8633,168.0605,0.0000
3075,-121.8133,168.0605,0.0000
3076,-121.7633,168.0605,0.0000
3077,-121.7133,168.0605,0.0000
3078,-121.6633,168.0605,0.0000
3079,-121.6133,168.0605,0.0000
3080,-121.5633,168.0605,0.0000
3081,-121.5133,168.0605,0.0000
3082,-121.4633,168.0605,0.0000
3083,-121.4133,168.0605,0.0000
3084,-121.3633,168.0605,0.0000
3085,-121.3133,168.0605,0.0000
3086,-121.2633,168.0605,0.0000
3087,-121.2133,168.0605,0.0000
3088,-121.1633,168.0605,0.0000
3089,-121.1133,168.0605,0.0000
3090,-121.0633,168.0605,0.0000
3091,-121.0133,168.0605,0.0000
3092,-120.9633,168.0605,0.0000
3093,-120.9133,168.0605,0.0000
3094,-120.8633,168.0605,0.0000
3095,-120.8133,168.0605,0.0000
3096,-120.7633,168.0605,0.0000
3097,-120.7133,168.0605,0.0000
3098,-120.6633,168.0605,0.0000
3099,-120.6133,168.0605,0.0000
3100,-120.5633,168.0605,0.0000
3101,-120.5133,168.0605,0.0000
3102,-120.4633,168.0605,0.0000
3103,-120.4133,168.0605,0.0000
3104,-120.3633,168.0605,0.0000
3105,-120.3133,168.0605,0.0000
3106,-120.2633,168.0605,0.0000
3107,-120.2133,168.0605,0.0000
3108,-120.1633,168.0605,0.0000
3109,-120.1133,168.0605,0.0000
3110,-120.0633,168.0605,0.0000
3111,-120.0133,168.0605,0.0000
3112,-119.9633,168.0605,0.0000
3113,-119.9133,168.0605,0.0000
3114,-119.8633,168.0605,0.0000
3115,-119.8133,168.0605,0.0000
3116,-119.7633,168.0605,0.0000
3117,-119.7133,168.0605,0.0000
3118,-119.6633,168.0605,0.0000
3119,-119.6133,168.0605,0.0000
3120,-119.5633,168.0605,0.0000
3121,-119.5133,168.0605,0.0000
3122,-119.4633,168.0605,0.0000
3123,-119.4133,168.0605,0.0000
3124,-119.3633,168.0605,0.0000
3125,-119.3133,168.0605,0.0000
3126,-119.2633,168.0605,0.0000
3127,-119.2133,168.0605,0.0000
3128,-119.1633,168.0605,0.0000
3129,-119.1133,168.0605,0.0000
3130,-119.0633,168.0605,0.0000
3131,-119.0133,168.0605,0.0000
3132,-118.9633,168.0605,0.0000
3133,-118.9133,168.0605,0.0000
3134,-118.8633,168.0605,0.0000
3135,-118.8133,168.0605,0.0000
3136,-118.7633,168.0605,0.0000
3137,-118.7133,168.0605,0.0000
3138,-118.6633,168.0605,0.0000
3139,-118.6133,168.0605,0.0000
3140,-118.5633,168.0605,0.0000
3141,-118.5133,168.0605,0.0000
3142,-118.4633,168.0605,0.0000
3143,-118.4133,168.0605,0.0000
3144,-118.3633,168.0605,0.0000
3145,-118.3133,168.0605,0.0000
3146,-118.2633,168.0605,0.0000
3147,-118.2133,168.0605,0.0000
3148,-118.1633,168.0605,0.0000
3149,-118.1133,168.0605,0.0000
3150,-118.0633,168.0605,0.0000
3151,-118.0133,168.0605,0.0000
3152,-117.9633,168.0605,0.0000
3153,-117.9133,168.0605,0.0000
3154,-117.8633,168.0605,0.0000
3155,-117.8133,168.0605,0.0000
3156,-117.7633,168.0605,0.0000
3157,-117.7133,168.0605,0.0000
3158,-117.6633,168.0605,0.0000
3159,-117.6133,168.0605,0.0000
3160,-117.5633,168.0605,0.0000
3161,-117.5133,168.0605,0.0000
3162,-117.4633,168.0605,0.0000
3163,-117.4133,168.0605,0.0000
3164,-117.3633,168.0605,0.0000
3165,-117.3133,168.0605,0.0000
3166,-117.2633,168.0605,0.0000
3167,-117.2133,168.0605,0.0000
3168,-117.1633,168.0605,0.0000
3169,-117.1133,168.0605,0.0000
3170,-117.0633,168.0605,0.0000
3171,-117.0133,168.0605,0.0000
3172,-116.9633,168.0605,0.0000
3173,-116.9133,168.0605,0.0000
3174,-116.8633,168.0605,0.0000
3175,-116.8133,168.0605,0.0000
3176,-116.7633,168.0605,0.0000
3177,-116.7133,168.0605,0.0000
3178,-116.6633,168.0605,0.0000
3179,-116.6133,168.0605,0.0000
3180,-116.5633,168.0605,0.0000
3181,-116.5133,168.0605,0.0000
3182,-116.4633,168.0605,0.0000
3183,-116.4133,168.0605,0.0000
3184,-116.3633,168.0605,0.0000
3185,-116.3133,168.0605,0.0000
3186,-116.2633,168.0605,0.0000
3187,-116.2133,168.0605,0.0000
3188,-116.1633,168.0605,0.0000
3189,-116.1133,168.0605,0.0000
3190,-116.0633,168.0605,0.0000
3191,-116.0133,168.0605,0.0000
3192,-115.9633,168.0605,0.0000
3193,-115.9133,168.0605,0.0000
3194,-115.8633,168.0605,0.0000
3195,-115.8133,168.0605,0.0000
3196,-115.7633,168.0605,0.0000
3197,-115.7133,168.0605,0.0000
3198,-115.6633,168.0605,0.0000
3199,-115.6133,168.0605,0.0000
3200,-115.5633,168.0605,0.0000
3201,-115.5133,168.0605,0.0000
3202,-115.4633,168.0605,0.0000
3203,-115.4133,168.0605,0.0000
3204,-115.3633,168.0605,0.0000
3205,-115.3133,168.0605,0.0000
3206,-115.2633,168.0605,0.0000
3207,-115.2133,168.0605,0.0000
3208,-115.1633,168.0605,0.0000
3209,-115.1133,168.0605,0.0000
3210,-115.0633,168.0605,0.0000
3211,-115.0133,168.0605,0.0000
3212,-114.9633,168.0605,0.0000
3213,-114.9133,168.0605,0.0000
3214,-114.8633,168.0605,0.0000
3215,-114.8133,168.0605,0.0000
3216,-114.7633,168.0605,0.0000
3217,-114.7133,168.0605,0.0000
3218,-114.6633,168.0605,0.0000
3219,-114.6133,168.0605,0.0000
3220,-114.5633,168.0605,0.0000
3221,-114.5133,168.0605,0.0000
3222,-114.4633,168.0605,0.0000
3223,-114.4133,168.0605,0.0000
3224,-114.3633,168.0605,0.0000
3225,-114.3133,168.0605,0.0000
3226,-114.2633,168.0605,0.0000
3227,-114.2133,168.0605,0.0000
3228,-114.1633,168.0605,0.0000
3229,-114.1133,168.0605,0.0000
3230,-114.0633,168.0605,0.0000
3231,-114.0133,168.0605,0.0000
3232,-113.9633,168.0605,0.0000
3233,-113.9133,168.0605,0.0000
3234,-113.8633,168.0605,0.0000
3235,-113.8133,168.0605,0.0000
3236,-113.7633,168.0605,0.0000
3237,-113.7133,168.0605,0.0000
3238,-113.6633,168.0605,0.0000
3239,-113.6133,168.0605,0.0000
3240,-113.5633,168.0605,0.0000
3241,-113.5133,168.0605,0.0000
3242,-113.4633,168.0605,0.0000
3243,-113.4133,168.0605,0.0000
3244,-113.3633,168.0605,0.0000
3245,-113.3133,168.0605,0.0000
3246,-113.2633,168.0605,0.0000
3247,-113.2133,168.0605,0.0000
3248,-113.1633,168.0605,0.0000
3249,-113.1133,168.0605,0.0000
3250,-113.0633,168.0605,0.0000
3251,-113.0133,168.0605,0.0000
3252,-112.9633,168.0605,0.0000
3253,-112.9133,168.0605,0.0000
3254,-112.8633,168.0605,0.0000
3255,-112.8133,168.0605,0.0000
3256,-112.7633,168.0605,0.0000
3257,-112.7133,168.0605,0.0000
3258,-112.6633,168.0605,0.0000
3259,-112.6133,168.0605,0.0000
3260,-112.5633,168.0605,0.0000
3261,-112.5133,168.0605,0.0000
3262,-112.4633,168.0605,0.0000
3263,-112.4133,168.0605,0.0000
3264,-112.3633,168.0605,0.0000
3265,-112.3133,168.0605,0.0000
3266,-112.2633,168.0605,0.0000
3267,-112.2133,168.0605,0.0000
3268,-112.1633,168.0605,0.0000
3269,-112.1133,168.0605,0.0000
3270,-112.0633,168.0605,0.0000
3271,-112.0133,168.0605,0.0000
3272,-111.9633,168.0605,0.0000
3273,-111.9133,168.0605,0.0000
3274,-111.8633,168.0605,0.0000
3275,-111.8133,168.0605,0.0000
3276,-111.7633,168.0605,0.0000
3277,-111.7133,168.0605,0.0000
3278,-111.6633,168.0605,0.0000
3279,-111.6133,168.0605,0.0000
3280,-111.5633,168.0605,0.0000
3281,-111.5133,168.0605,0.0000
3282,-111.4633,168.0605,0.0000
3283,-111.4133,168.0605,0.0000
3284,-111.3633,168.0605,0.0000
3285,-111.3133,168.0605,0.0000
3286,-111.2633,168.0605,0.0000
3287,-111.2133,168.0605,0.0000
3288,-111.1633,168.0605,0.0000
3289,-111.1133,168.0605,0.0000
3290,-111.0633,168.0605,0.0000
3291,-111.0133,168.0605,0.0000
3292,-110.9633,168.0605,0.0000
3293,-110.9133,168.0605,0.0000
3294,-110.8633,168.0605,0.0000
3295,-110.8133,168.0605,0.0000
3296,-110.7633,168.0605,0.0000
3297,-110.7133,168.0605,0.0000
3298,-110.6633,168.0605,0.0000
3299,-110.6133,168.0605,0.0000
3300,-110.5633,168.0605,0.0000
3301,-110.5133,168.0605,0.0000
3302,-110.4633,168.0605,0.0000
3303,-110.4133,168.0605,0.0000
3304,-110.3633,168.0605,0.0000
3305,-110.3133,168.0605,0.0000
3306,-110.2633,168.0605,0.0000
3307,-110.2133,168.0605,0.0000
3308,-110.1633,168.0605,0.0000
3309,-110.1133,168.0605,0.0000
3310,-110.0633,168.0605,0.0000
3311,-110.0133,168.0605,0.0000
3312,-109.9633,168.0605,0.0000
3313,-109.9133,168.0605,0.0000
3314,-109.8633,168.0605,0.0000
3315,-109.8133,168.0605,0.0000
3316,-109.7633,168.0605,0.0000
3317,-109.7133,168.0605,0.0000
3318,-109.6633,168.0605,0.0000
3319,-109.6133,168.0605,0.0000
3320,-109.5633,168.0605,0.0000
3321,-109.5133,168.0605,0.0000
3322,-109.4633,168.0605,0.0000
3323,-109.4133,168.0605,0.0000
3324,-109.3633,168.0605,0.0000
3325,-109.3133,168.0605,0.0000
3326,-109.2633,168.0605,0.0000
3327,-109.2133,168.0605,0.0000
3328,-109.1633,168.0605,0.0000
3329,-109.1133,168.0605,0.0000
3330,-109.0633,168.0605,0.0000
3331,-109.0133,168.0605,0.0000
3332,-108.9633,168.0605,0.0000
3333,-108.9133,168.0605,0.0000
3334,-108.8633,168.0605,0.0000
3335,-108.8133,168.0605,0.0000
3336,-108.7633,168.0605,0.0000
3337,-108.7133,168.0605,0.0000
3338,-108.6633,168.0605,0.0000
3339,-108.6133,168.0605,0.0000
3340,-108.5633,168.0605,0.0000
3341,-108.5133,168.0605,0.0000
3342,-108.4633,168.0605,0.0000
3343,-108.4133,168.0605,0.0000
3344,-108.3633,168.0605,0.0000
3345,-108.3133,168.0605,0.0000
3346,-108.2633,168.0605,0.0000
3347,-108.2133,168.0605,0.0000
3348,-108.1633,168.0605,0.0000
3349,-108.1133,168.0605,0.0000
3350,-108.0633,168.0605,0.0000
3351,-108.0133,168.0605,0.0000
3352,-107.9633,168.0605,0.0000
3353,-107.9133,168.0605,0.0000
3354,-107.8633,168.0605,0.0000
3355,-107.8133,168.0605,0.0000
3356,-107.7633,168.0605,0.0000
3357,-107.7133,168.0605,0.0000
3358,-107.6633,168.0605,0.0000
3359,-107.6133,168.0605,0.0000
3360,-107.5633,168.0605,0.0000
3361,-107.5133,168.0605,0.0000
3362,-107.4633,168.0605,0.0000
3363,-107.4133,168.0605,0.0000
3364,-107.3633,168.0605,0.0000
3365,-107.3133,168.0605,0.0000
3366,-107.2633,168.0605,0.0000
3367,-107.2133,168.0605,0.0000
3368,-107.1633,168.0605,0.0000
3369,-107.1133,168.0605,0.0000
3370,-107.0633,168.0605,0.0000
3371,-107.0133,168.0605,0.0000
3372,-106.9633,168.0605,0.0000
3373,-106.9133,168.0605,0.0000
3374,-106.8633,168.0605,0.0000
3375,-106.8133,168.0605,0.0000
3376,-106.7633,168.0605,0.0000
3377,-106.7133,168.0605,0.0000
3378,-106.6633,168.0605,0.0000
3379,-106.6133,168.0605,0.0000
3380,-106.5633,168.0605,0.0000
3381,-106.5133,168.0605,0.0000
3382,-106.4633,168.0605,0.0000
3383,-106.4133,168.0605,0.0000
3384,-106.3633,168.0605,0.0000
3385,-106.3133,168.0605,0.0000
3386,-106.2633,168.0605,0.0000
3387,-106.2133,168.0605,0.0000
3388,-106.1633,168.0605,0.0000
3389,-106.1133,168.0605,0.0000
3390,-106.0633,168.0605,0.0000
3391,-106.0133,168.0605,0.0000
3392,-105.9633,168.0605,0.0000
3393,-105.9133,168.0605,0.0000
3394,-105.8633,168.0605,0.0000
3395,-105.8133,168.0605,0.0000
3396,-105.7633,168.0605,0.0000
3397,-105.7133,168.0605,0.0000
3398,-105.6633,168.0605,0.0000
3399,-105.6133,168.0605,0.0000
3400,-105.5633,168.0605,0.0000
3401,-105.5133,168.0605,0.0000
3402,-105.4633,168.0605,0.0000
3403,-105.4133,168.0605,0.0000
3404,-105.3633,168.0605,0.0000
3405,-105.3133,168.0605,0.0000
3406,-105.2633,168.0605,0.0000
3407,-105.2133,168.0605,0.0000
3408,-105.1633,168.0605,0.0000
3409,-105.1133,168.0605,0.0000
3410,-105.0633,168.0605,0.0000
3411,-105.0133,168.0605,0.0000
3412,-104.9633,168.0605,0.0000
3413,-104.9133,168.0605,0.0000
3414,-104.8633,168.0605,0.0000
3415,-104.8133,168.0605,0.0000
3416,-104.7633,168.0605,0.0000
3417,-104.7133,168.0605,0.0000
3418,-104.6633,168.0605,0.0000
3419,-104.6133,168.0605,0.0000
3420,-104.5633,168.0605,0.0000
3421,-104.5133,168.0605,0.0000
3422,-104.4633,168.0605,0.0000
3423,-104.4133,168.0605,0.0000
3424,-104.3633,168.0605,0.0000
3425,-104.3133,168.0605,0.0000
3426,-104.2633,168.0605,0.0000
3427,-104.2133,168.0605,0.0000
3428,-104.1633,168.0605,0.0000
3429,-104.1133,168.0605,0.0000
3430,-104.0633,168.0605,0.0000
3431,-104.0133,168.0605,0.0000
3432,-103.9633,168.0605,0.0000
3433,-103.9133,168.0605,0.0000
3434,-103.8633,168.0605,0.0000
3435,-103.8133,168.0605,0.0000
3436,-103.7633,168.0605,0.0000
3437,-103.7133,168.0605,0.0000
3438,-103.6633,168.0605,0.0000
3439,-103.6133,168.0605,0.0000
3440,-103.5633,168.0605,0.0000
3441,-103.5133,168.0605,0.0000
3442,-103.4633,168.0605,0.0000
3443,-103.4133,168.0605,0.0000
3444,-103.3633,168.0605,0.0000
3445,-103.3133,168.0605,0.0000
3446,-103.2633,168.0605,0.0000
3447,-103.2133,168.0605,0.0000
3448,-103.1633,168.0605,0.0000
3449,-103.1133,168.0605,0.0000
3450,-103.0633,168.0605,0.0000
3451,-103.0133,168.0605,0.0000
3452,-102.9633,168.0605,0.0000
3453,-102.9133,168.0605,0.0000
3454,-102.8633,168.0605,0.0000
3455,-102.8133,168.0605,0.0000
3456,-102.7633,168.0605,0.0000
3457,-102.7133,168.0605,0.0000
3458,-102.6633,168.0605,0.0000
3459,-102.6133,168.0605,0.0000
3460,-102.5633,168.0605,0.0000
3461,-102.5133,168.0605,0.0000
3462,-102.4633,168.0605,0.0000
3463,-102.4133,168.0605,0.0000
3464,-102.3633,168.0605,0.0000
3465,-102.3133,168.0605,0.0000
3466,-102.2633,168.0605,0.0000
3467,-102.2133,168.0605,0.0000
3468,-102.1633,168.0605,0.0000
3469,-102.1133,168.0605,0.0000
3470,-102.0633,168.0605,0.0000
3471,-102.0133,168.0605,0.0000
3472,-101.9633,168.0605,0.0000
3473,-101.9133,168.0605,0.0000
3474,-101.8633,168.0605,0.0000
3475,-101.8133,168.0605,0.0000
3476,-101.7633,168.0605,0.0000
3477,-101.7133,168.0605,0.0000
3478,-101.6633,168.0605,0.0000
3479,-101.6133,168.0605,0.0000
3480,-101.5633,168.0605,0.0000
3481,-101.5133,168.0605,0.0000
3482,-101.4633,168.0605,0.0000
3483,-101.4133,168.0605,0.0000
3484,-101.3633,168.0605,0.0000
3485,-101.3133,168.0605,0.0000
3486,-101.2633,168.0605,0.0000
3487,-101.2133,168.0605,0.0000
3488,-101.1633,168.0605,0.0000
3489,-101.1133,168.0605,0.0000
3490,-101.0633,168.0605,0.0000
3491,-101.0133,168.0605,0.0000
3492,-100.9633,168.0605,0.0000
3493,-100.9133,168.0605,0.0000
3494,-100.8633,168.0605,0.0000
3495,-100.8133,168.0605,0.0000
3496,-100.7633,168.0605,0.0000
3497,-100.7133,168.0605,0.0000
3498,-100.6633,168.0605,0.0000
3499,-100.6133,168.0605,0.0000
3500,-100.5633,168.0605,0.0000
3501,-100.5133,168.0605,0.0000
3502,-100.4633,168.0605,0.0000
3503,-100.4133,168.0605,0.0000
3504,-100.3633,168.0605,0.0000
3505,-100.3133,168.0605,0.0000
3506,-100.2633,168.0605,0.0000
3507,-100.2133,168.0605,0.0000
3508,-100.1633,168.0605,0.0000
3509,-100.1133,168.0605,0.0000
3510,-100.0633,168.0605,0.0000
3511,-100.0133,168.0605,0.0000
3512,-99.9633,168.0605,0.0000
3513,-99.9133,168.0605,0.0000
3514,-99.8633,168.0605,0.0000
3515,-99.8133,168.0605,0.0000
3516,-99.7633,168.0605,0.0000
3517,-99.7133,168.0605,0.0000
3518,-99.6633,168.0605,0.0000
3519,-99.6133,168.0605,0.0000
3520,-99.5633,168.0605,0.0000
3521,-99.5133,168.0605,0.0000
3522,-99.4633,168.0605,0.0000
3523,-99.4133,168.0605,0.0000
3524,-99.3633,168.0605,0.0000
3525,-99.3133,168.0605,0.0000
3526,-99.2633,168.0605,0.0000
3527,-99.2133,168.0605,0.0000
3528,-99.1633,168.0605,0.0000
3529,-99.1133,168.0605,0.0000
3530,-99.0633,168.0605,0.0000
3531,-99.0133,168.0605,0.0000
3532,-98.9633,168.0605,0.0000
3533,-98.9133,168.0605,0.0000
3534,-98.8633,168.0605,0.0000
3535,-98.8133,168.0605,0.0000
3536,-98.7633,168.0605,0.0000
3537,-98.7133,168.0605,0.0000
3538,-98.6633,168.0605,0.0000
3539,-98.6133,168.0605,0.0000
3540,-98.5633,168.0605,0.0000
3541,-98.5133,168.0605,0.0000
3542,-98.4633,168.0605,0.0000
3543,-98.4133,168.0605,0.0000
3544,-98.3633,168.0605,0.0000
3545,-98.3133,168.0605,0.0000
3546,-98.2633,168.0605,0.0000
3547,-98.2133,168.0605,0.0000
3548,-98.1633,168.0605,0.0000
3549,-98.1133,168.0605,0.0000
3550,-98.0633,168.0605,0.0000
3551,-98.0133,168.0605,0.0000
3552,-97.9633,168.0605,0.0000
3553,-97.9133,168.0605,0.0000
3554,-97.8633,168.0605,0.0000
3555,-97.8133,168.0605,0.0000
3556,-97.7633,168.0605,0.0000
3557,-97.7133,168.0605,0.0000
3558,-97.6633,168.0605,0.0000
3559,-97.6133,168.0605,0.0000
3560,-97.5633,168.0605,0.0000
3561,-97.5133,168.0605,0.0000
3562,-97.4633,168.0605,0.0000
3563,-97.4133,168.0605,0.0000
3564,-97.3633,168.0605,0.0000
3565,-97.3133,168.0605,0.0000
3566,-97.2633,168.0605,0.0000
3567,-97.2133,168.0605,0.0000
3568,-97.1633,168.0605,0.0000
3569,-97.1133,168.0605,0.0000
3570,-97.0633,168.0605,0.0000
3571,-97.0133,168.0605,0.0000
3572,-96.9633,168.0605,0.0000
3573,-96.9133,168.0605,0.0000
3574,-96.8633,168.0605,0.0000
3575,-96.8133,168.0605,0.0000
3576,-96.7633,168.0605,0.0000
3577,-96.7133,168.0605,0.0000
3578,-96.6633,168.0605,0.0000
3579,-96.6133,168.0605,0.0000
3580,-96.5633,168.0605,0.0000
3581,-96.5133,168.0605,0.0000
3582,-96.4633,168.0605,0.0000
3583,-96.4133,168.0605,0.0000
3584,-96.3633,168.0605,0.0000
3585,-96.3133,168.0605,0.0000
3586,-96.2633,168.0605,0.0000
3587,-96.2133,168.0605,0.0000
3588,-96.1633,168.0605,0.0000
3589,-96.1133,168.0605,0.0000
3590,-96.0633,168.0605,0.0000
3591,-96.0133,168.0605,0.0000
3592,-95.9633,168.0605,0.0000
3593,-95.9133,168.0605,0.0000
3594,-95.8633,168.0605,0.0000
3595,-95.8133,168.0605,0.0000
3596,-95.7633,168.0605,0.0000
3597,-95.7133,168.0605,0.0000
3598,-95.6633,168.0605,0.0000
3599,-95.6133,168.0605,0.0000
3600,-95.5633,168.0605,0.0000
3601,-95.5133,168.0605,0.0000
3602,-95.4633,168.0605,0.0000
3603,-95.4133,168.0605,0.0000
3604,-95.3633,168.0605,0.0000
3605,-95.3133,168.0605,0.0000
3606,-95.2633,168.0605,0.0000
3607,-95.2133,168.0605,0.0000
3608,-95.1633,168.0605,0.0000
3609,-95.1133,168.0605,0.0000
3610,-95.0633,168.0605,0.0000
3611,-95.0133,168.0605,0.0000
3612,-94.9633,168.0605,0.0000
3613,-94.9133,168.0605,0.0000
3614,-94.8633,168.0605,0.0000
3615,-94.8133,168.0605,0.0000
3616,-94.7633,168.0605,0.0000
3617,-94.7133,168.0605,0.0000
3618,-94.6633,168.0605,0.0000
3619,-94.6133,168.0605,0.0000
3620,-94.5633,168.0605,0.0000
3621,-94.5133,168.0605,0.0000
3622,-94.4633,168.0605,0.0000
3623,-94.4133,168.0605,0.0000
3624,-94.3633,168.0605,0.0000
3625,-94.3133,168.0605,0.0000
3626,-94.2633,168.0605,0.0000
3627,-94.2133,168.0605,0.0000
3628,-94.1633,168.0605,0.0000
3629,-94.1133,168.0605,0.0000
3630,-94.0633,168.0605,0.0000
3631,-94.0133,168.0605,0.0000
3632,-93.9633,168.0605,0.0000
3633,-93.9133,168.0605,0.0000
3634,-93.8633,168.0605,0.0000
3635,-93.8133,168.0605,0.0000
3636,-93.7633,168.0605,0.0000
3637,-93.7133,168.0605,0.0000
3638,-93.6633,168.0605,0.0000
3639,-93.6133,168.0605,0.0000
3640,-93.5633,168.0605,0.0000
3641,-93.5133,168.0605,0.0000
3642,-93.4633,168.0605,0.0000
3643,-93.4133,168.0605,0.0000
3644,-93.3633,168.0605,0.0000
3645,-93.3133,168.0605,0.0000
3646,-93.2633,168.0605,0.0000
3647,-93.2133,168.0605,0.0000
3648,-93.1633,168.0605,0.0000
3649,-93.1133,168.0605,0.0000
3650,-93.0633,168.0605,0.0000
3651,-93.0133,168.0605,0.0000
3652,-92.9633,168.0605,0.0000
3653,-92.9133,168.0605,0.0000
3654,-92.8633,168.0605,0.0000
3655,-92.8133,168.0605,0.0000
3656,-92.7633,168.0605,0.0000
3657,-92.7133,168.0605,0.0000
3658,-92.6633,168.0605,0.0000
3659,-92.6133,168.0605,0.0000
3660,-92.5633,168.0605,0.0000
3661,-92.5133,168.0605,0.0000
3662,-92.4633,168.0605,0.0000
3663,-92.4133,168.0605,0.0000
3664,-92.3633,168.0605,0.0000
3665,-92.3133,168.0605,0.0000
3666,-92.2633,168.0605,0.0000
3667,-92.2133,168.0605,0.0000
3668,-92.1633,168.0605,0.0000
3669,-92.1133,168.0605,0.0000
3670,-92.0633,168.0605,0.0000
3671,-92.0133,168.0605,0.0000
3672,-91.9633,168.0605,0.0000
3673,-91.9133,168.0605,0.0000
3674,-91.8633,168.0605,0.0000
3675,-91.8133,168.0605,0.0000
3676,-91.7633,168.0605,0.0000
3677,-91.7133,168.0605,0.0000
3678,-91.6633,168.0605,0.0000
3679,-91.6133,168.0605,0.0000
3680,-91.5633,168.0605,0.0000
3681,-91.5133,168.0605,0.0000
3682,-91.4633,168.0605,0.0000
3683,-91.4133,168.0605,0.0000
3684,-91.3633,168.0605,0.0000
3685,-91.3133,168.0605,0.0000
3686,-91.2633,168.0605,0.0000
3687,-91.2133,168.0605,0.0000
3688,-91.1633,168.0605,0.0000
3689,-91.1133,168.0605,0.0000
3690,-91.0633,168.0605,0.0000
3691,-91.0133,168.0605,0.0000
3692,-90.9633,168.0605,0.0000
3693,-90.9133,168.0605,0.0000
3694,-90.8633,168.0605,0.0000
3695,-90.8133,168.0605,0.0000
3696,-90.7633,168.0605,0.0000
3697,-90.7133,168.0605,0.0000
3698,-90.6633,168.0605,0.0000
3699,-90.6133,168.0605,0.0000
3700,-90.5633,168.0605,0.0000
3701,-90.5133,168.0605,0.0000
3702,-90.4633,168.0605,0.0000
3703,-90.4133,168.0605,0.0000
3704,-90.3633,168.0605,0.0000
3705,-90.3133,168.0605,0.0000
3706,-90.2633,168.0605,0.0000
3707,-90.2133,168.0605,0.0000
3708,-90.1633,168.0605,0.0000
3709,-90.1133,168.0605,0.0000
3710,-90.0633,168.0605,0.0000
3711,-90.0133,168.0605,0.0000
3712,-89.9633,168.0605,0.0000
3713,-89.9133,168.0605,0.0000
3714,-89.8633,168.0605,0.0000
3715,-89.8133,168.0605,0.0000
3716,-89.7633,168.0605,0.0000
3717,-89.7133,168.0605,0.0000
3718,-89.6633,168.0605,0.0000
3719,-89.6133,168.0605,0.0000
3720,-89.5633,168.0605,0.0000
3721,-89.5133,168.0605,0.0000
3722,-89.4633,168.0605,0.0000
3723,-89.4133,168.0605,0.0000
3724,-89.3633,168.0605,0.0000
3725,-89.3133,168.0605,0.0000
3726,-89.2633,168.0605,0.0000
3727,-89.2133,168.0605,0.0000
3728,-89.1633,168.0605,0.0000
3729,-89.1133,168.0605,0.0000
3730,-89.0633,168.0605,0.0000
3731,-89.0133,168.0605,0.0000
3732,-88.9633,168.0605,0.0000
3733,-88.9133,168.0605,0.0000
3734,-88.8633,168.0605,0.0000
3735,-88.8133,168.0605,0.0000
3736,-88.7633,168.0605,0.0000
3737,-88.7133,168.0605,0.0000
3738,-88.6633,168.0605,0.0000
3739,-88.6133,168.0605,0.0000
3740,-88.5633,168.0605,0.0000
3741,-88.5133,168.0605,0.0000
3742,-88.4633,168.0605,0.0000
3743,-88.4133,168.0605,0.0000
3744,-88.3633,168.0605,0.0000
3745,-88.3133,168.0605,0.0000
3746,-88.2633,168.0605,0.0000
3747,-88.2133,168.0605,0.0000
3748,-88.1633,168.0605,0.0000
3749,-88.1133,168.0605,0.0000
3750,-88.0633,168.0605,0.0000
3751,-88.0133,168.0605,0.0000
3752,-87.9633,168.0605,0.0000
3753,-87.9133,168.0605,0.0000
3754,-87.8633,168.0605,0.0000
3755,-87.8133,168.0605,0.0000
3756,-87.7633,168.0605,0.0000
3757,-87.7133,168.0605,0.0000
3758,-87.6633,168.0605,0.0000
3759,-87.6133,168.0605,0.0000
3760,-87.5633,168.0605,0.0000
3761,-87.5133,168.0605,0.0000
3762,-87.4633,168.0605,0.0000
3763,-87.4133,168.0605,0.0000
3764,-87.3633,168.0605,0.0000
3765,-87.3133,168.0605,0.0000
3766,-87.2633,168.0605,0.0000
3767,-87.2133,168.0605,0.0000
3768,-87.1633,168.0605,0.0000
3769,-87.1133,168.0605,0.0000
3770,-87.0633,168.0605,0.0000
3771,-87.0133,168.0605,0.0000
3772,-86.9633,168.0605,0.0000
3773,-86.9133,168.0605,0.0000
3774,-86.8633,168.0605,0.0000
3775,-86.8133,168.0605,0.0000
3776,-86.7633,168.0605,0.0000
3777,-86.7133,168.0605,0.0000
3778,-86.6633,168.0605,0.0000
3779,-86.6133,168.0605,0.0000
3780,-86.5633,168.0605,0.0000
3781,-86.5133,168.0605,0.0000
3782,-86.4633,168.0605,0.0000
3783,-86.4133,168.0605,0.0000
3784,-86.3633,168.0605,0.0000
3785,-86.3133,168.0605,0.0000
3786,-86.2633,168.0605,0.0000
3787,-86.2133,168.0605,0.0000
3788,-86.1633,168.0605,0.0000
3789,-86.1133,168.0605,0.0000
3790,-86.0633,168.0605,0.0000
3791,-86.0133,168.0605,0.0000
3792,-85.9633,168.0605,0.0000
3793,-85.9133,168.0605,0.0000
3794,-85.8633,168.0605,0.0000
3795,-85.8133,168.0605,0.0000
3796,-85.7633,168.0605,0.0000
3797,-85.7133,168.0605,0.0000
3798,-85.6633,168.0605,0.0000
3799,-85.6133,168.0605,0.0000
3800,-85.5633,168.0605,0.0000
3801,-85.5133,168.0605,0.0000
3802,-85.4633,168.0605,0.0000
3803,-85.4133,168.0605,0.0000
3804,-85.3633,168.0605,0.0000
3805,-85.3133,168.0605,0.0000
3806,-85.2633,168.0605,0.0000
3807,-85.2133,168.0605,0.0000
3808,-85.1633,168.0605,0.0000
3809,-85.1133,168.0605,0.0000
3810,-85.0633,168.0605,0.0000
3811,-85.0133,168.0605,0.0000
3812,-84.9633,168.0605,0.0000
3813,-84.9133,168.0605,0.0000
3814,-84.8633,168.0605,0.0000
3815,-84.8133,168.0605,0.0000
3816,-84.7633,168.0605,0.0000
3817,-84.7133,168.0605,0.0000
3818,-84.6633,168.0605,0.0000
3819,-84.6133,168.0605,0.0000
3820,-84.5633,168.0605,0.0000
3821,-84.5133,168.0605,0.0000
3822,-84.4633,168.0605,0.0000
3823,-84.4133,168.0605,0.0000
3824,-84.3633,168.0605,0.0000
3825,-84.3133,168.0605,0.0000
3826,-84.2633,168.0605,0.0000
3827,-84.2133,168.0605,0.0000
3828,-84.1633,168.0605,0.0000
3829,-84.1133,168.0605,0.0000
3830,-84.0633,168.0605,0.0000
3831,-84.0133,168.0605,0.0000
3832,-83.9633,168.0605,0.0000
3833,-83.9133,168.0605,0.0000
3834,-83.8633,168.0605,0.0000
3835,-83.8133,168.0605,0.0000
3836,-83.7633,168.0605,0.0000
3837,-83.7133,168.0605,0.0000
3838,-83.6633,168.0605,0.0000
3839,-83.6133,168.0605,0.0000
3840,-83.5633,168.0605,0.0000
3841,-83.5133,168.0605,0.0000
3842,-83.4633,168.0605,0.0000
3843,-83.4133,168.0605,0.0000
3844,-83.3633,168.0605,0.0000
3845,-83.3133,168.0605,0.0000
3846,-83.2633,168.0605,0.0000
3847,-83.2133,168.0605,0.0000
3848,-83.1633,168.0605,0.0000
3849,-83.1133,168.0605,0.0000
3850,-83.0633,168.0605,0.0000
3851,-83.0133,168.0605,0.0000
3852,-82.9633,168.0605,0.0000
3853,-82.9133,168.0605,0.0000
3854,-82.8633,168.0605,0.0000
3855,-82.8133,168.0605,0.0000
3856,-82.7633,168.0605,0.0000
3857,-82.7133,168.0605,0.0000
3858,-82.6633,168.0605,0.0000
3859,-82.6133,168.0605,0.0000
3860,-82.5633,168.0605,0.0000
3861,-82.5133,168.0605,0.0000
3862,-82.4633,168.0605,0.0000
3863,-82.4133,168.0605,0.0000
3864,-82.3633,168.0605,0.0000
3865,-82.3133,168.0605,0.0000
3866,-82.2633,168.0605,0.0000
3867,-82.2133,168.0605,0.0000
3868,-82.1633,168.0605,0.0000
3869,-82.1133,168.0605,0.0000
3870,-82.0633,168.0605,0.0000
3871,-82.0133,168.0605,0.0000
3872,-81.9633,168.0605,0.0000
3873,-81.9133,168.0605,0.0000
3874,-81.8633,168.0605,0.0000
3875,-81.8133,168.0605,0.0000
3876,-81.7633,168.0605,0.0000
3877,-81.7133,168.0605,0.0000
3878,-81.6633,168.0605,0.0000
3879,-81.6133,168.0605,0.0000
3880,-81.5633,168.0605,0.0000
3881,-81.5133,168.0605,0.0000
3882,-81.4633,168.0605,0.0000
3883,-81.4133,168.0605,0.0000
3884,-81.3633,168.0605,0.0000
3885,-81.3133,168.0605,0.0000
3886,-81.2633,168.0605,0.0000
3887,-81.2133,168.0605,0.0000
3888,-81.1633,168.0605,0.0000
3889,-81.1133,168.0605,0.0000
3890,-81.0633,168.0605,0.0000
3891,-81.0133,168.0605,0.0000
3892,-80.9633,168.0605,0.0000
3893,-80.9133,168.0605,0.0000
3894,-80.8633,168.0605,0.0000
3895,-80.8133,168.0605,0.0000
3896,-80.7633,168.0605,0.0000
3897,-80.7133,168.0605,0.0000
3898,-80.6633,168.0605,0.0000
3899,-80.6133,168.0605,0.0000
3900,-80.5633,168.0605,0.0000
3901,-80.5133,168.0605,0.0000
3902,-80.4633,168.0605,0.0000
3903,-80.4133,168.0605,0.0000
3904,-80.3633,168.0605,0.0000
3905,-80.3133,168.0605,0.0000
3906,-80.2633,168.0605,0.0000
3907,-80.2133,168.0605,0.0000
3908,-80.1633,168.0605,0.0000
3909,-80.1133,168.0605,0.0000
3910,-80.0633,168.0605,0.0000
3911,-80.0133,168.0605,0.0000
3912,-79.9633,168.0605,0.0000
3913,-79.9133,168.0605,0.0000
3914,-79.8633,168.0605,0.0000
3915,-79.8133,168.0605,0.0000
3916,-79.7633,168.0605,0.0000
3917,-79.7133,168.0605,0.0000
3918,-79.6633,168.0605,0.0000
3919,-79.6133,168.0605,0.0000
3920,-79.5633,168.0605,0.0000
3921,-79.5133,168.0605,0.0000
3922,-79.4633,168.0605,0.0000
3923,-79.4133,168.0605,0.0000
3924,-79.3633,168.0605,0.0000
3925,-79.3133,168.0605,0.0000
3926,-79.2633,168.0605,0.0000
3927,-79.2133,168.0605,0.0000
3928,-79.1633,168.0605,0.0000
3929,-79.1133,168.0605,0.0000
3930,-79.0633,168.0605,0.0000
3931,-79.0133,168.0605,0.0000
3932,-78.9633,168.0605,0.0000
3933,-78.9133,168.0605,0.0000
3934,-78.8633,168.0605,0.0000
3935,-78.8133,168.0605,0.0000
3936,-78.7633,168.0605,0.0000
3937,-78.7133,168.0605,0.0000
3938,-78.6633,168.0605,0.0000
3939,-78.6133,168.0605,0.0000
3940,-78.5633,168.0605,0.0000
3941,-78.5133,168.0605,0.0000
3942,-78.4633,168.0605,0.0000
3943,-78.4133,168.0605,0.0000
3944,-78.3633,168.0605,0.0000
3945,-78.3133,168.0605,0.0000
3946,-78.2633,168.0605,0.0000
3947,-78.2133,168.0605,0.0000
3948,-78.1633,168.0605,0.0000
3949,-78.1133,168.0605,0.0000
3950,-78.0633,168.0605,0.0000
3951,-78.0133,168.0605,0.0000
3952,-77.9633,168.0605,0.0000
3953,-77.9133,168.0605,0.0000
3954,-77.8633,168.0605,0.0000
3955,-77.8133,168.0605,0.0000
3956,-77.7633,168.0605,0.0000
3957,-77.7133,168.0605,0.0000
3958,-77.6633,168.0605,0.0000
3959,-77.6133,168.0605,0.0000
3960,-77.5633,168.0605,0.0000
3961,-77.5133,168.0605,0.0000
3962,-77.4633,168.0605,0.0000
3963,-77.4133,168.0605,0.0000
3964,-77.3633,168.0605,0.0000
3965,-77.3133,168.0605,0.0000
3966,-77.2633,168.0605,0.0000
3967,-77.2133,168.0605,0.0000
3968,-77.1633,168.0605,0.0000
3969,-77.1133,168.0605,0.0000
3970,-77.0633,168.0605,0.0000
3971,-77.0133,168.0605,0.0000
3972,-76.9633,168.0605,0.0000
3973,-76.9133,168.0605,0.0000
3974,-76.8633,168.0605,0.0000
3975,-76.8133,168.0605,0.0000
3976,-76.7633,168.0605,0.0000
3977,-76.7133,168.0605,0.0000
3978,-76.6633,168.0605,0.0000
3979,-76.6133,168.0605,0.0000
3980,-76.5633,168.0605,0.0000
3981,-76.5133,168.0605,0.0000
3982,-76.4633,168.0605,0.0000
3983,-76.4133,168.0605,0.0000
3984,-76.3633,168.0605,0.0000
3985,-76.3133,168.0605,0.0000
3986,-76.2633,168.0605,0.0000
3987,-76.2133,168.0605,0.0000
3988,-76.1633,168.0605,0.0000
3989,-76.1133,168.0605,0.0000
3990,-76.0633,168.0605,0.0000
3991,-76.0133,168.0605,0.0000
3992,-75.9633,168.0605,0.0000
3993,-75.9133,168.0605,0.0000
3994,-75.8633,168.0605,0.0000
3995,-75.8133,168.0605,0.0000
3996,-75.7633,168.0605,0.0000
3997,-75.7133,168.0605,0.0000
3998,-75.6633,168.0605,0.0000
3999,-75.6133,168.0605,0.0000
4000,-75.5633,168.0605,0.0000
4001,-75.5133,168.0605,0.0000
4002,-75.4633,168.0605,0.0000
4003,-75.4133,168.0605,0.0000
4004,-75.3633,168.0605,0.0000
4005,-75.3133,168.0605,0.0000
4006,-75.2633,168.0605,0.0000
4007,-75.2133,168.0605,0.0000
4008,-75.1633,168.0605,0.0000
4009,-75.1133,168.0605,0.0000
4010,-75.0633,168.0605,0.0000
4011,-75.0133,168.0605,0.0000
4012,-74.9633,168.0605,0.0000
4013,-74.9133,168.0605,0.0000
4014,-74.8633,168.0605,0.0000
4015,-74.8133,168.0605,0.0000
4016,-74.7633,168.0605,0.0000
4017,-74.7133,168.0605,0.0000
4018,-74.6633,168.0605,0.0000
4019,-74.6133,168.0605,0.0000
4020,-74.5633,168.0605,0.0000
4021,-74.5133,168.0605,0.0000
4022,-74.4633,168.0605,0.0000
4023,-74.4133,168.0605,0.0000
4024,-74.3633,168.0605,0.0000
4025,-74.3133,168.0605,0.0000
4026,-74.2633,168.0605,0.0000
4027,-74.2133,168.0605,0.0000
4028,-74.1633,168.0605,0.0000
4029,-74.1133,168.0605,0.0000
4030,-74.0633,168.0605,0.0000
4031,-74.0133,168.0605,0.0000
4032,-73.9633,168.0605,0.0000
4033,-73.9133,168.0605,0.0000
4034,-73.8633,168.0605,0.0000
4035,-73.8133,168.0605,0.0000
4036,-73.7633,168.0605,0.0000
4037,-73.7133,168.0605,0.0000
4038,-73.6633,168.0605,0.0000
4039,-73.6133,168.0605,0.0000
4040,-73.5633,168.0605,0.0000
4041,-73.5133,168.0605,0.0000
4042,-73.4633,168.0605,0.0000
4043,-73.4133,168.0605,0.0000
4044,-73.3633,168.0605,0.0000
4045,-73.3133,168.0605,0.0000
4046,-73.2633,168.0605,0.0000
4047,-73.2133,168.0605,0.0000
4048,-73.1633,168.0605,0.0000
4049,-73.1133,168.0605,0.0000
4050,-73.0633,168.0605,0.0000
4051,-73.0133,168.0605,0.0000
4052,-72.9633,168.0605,0.0000
4053,-72.9133,168.0605,0.0000
4054,-72.8633,168.0605,0.0000
4055,-72.8133,168.0605,0.0000
4056,-72.7633,168.0605,0.0000
4057,-72.7133,168.0605,0.0000
4058,-72.6633,168.0605,0.0000
4059,-72.6133,168.0605,0.0000
4060,-72.5633,168.0605,0.0000
4061,-72.5133,168.0605,0.0000
4062,-72.4633,168.0605,0.0000
4063,-72.4133,168.0605,0.0000
4064,-72.3633,168.0605,0.0000
4065,-72.3133,168.0605,0.0000
4066,-72.2633,168.0605,0.0000
4067,-72.2133,168.0605,0.0000
4068,-72.1633,168.0605,0.0000
4069,-72.1133,168.0605,0.0000
4070,-72.0633,168.0605,0.0000
4071,-72.0133,168.0605,0.0000
4072,-71.9633,168.0605,0.0000
4073,-71.9133,168.0605,0.0000
4074,-71.8633,168.0605,0.0000
4075,-71.8133,168.0605,0.0000
4076,-71.7633,168.0605,0.0000
4077,-71.7133,168.0605,0.0000
4078,-71.6633,168.0605,0.0000
4079,-71.6133,168.0605,0.0000
4080,-71.5633,168.0605,0.0000
4081,-71.5133,168.0605,0.0000
4082,-71.4633,168.0605,0.0000
4083,-71.4133,168.0605,0.0000
4084,-71.3633,168.0605,0.0000
4085,-71.3133,168.0605,0.0000
4086,-71.2633,168.0605,0.0000
4087,-71.2133,168.0605,0.0000
4088,-71.1633,168.0605,0.0000
4089,-71.1133,168.0605,0.0000
4090,-71.0633,168.0605,0.0000
4091,-71.0133,168.0605,0.0000
4092,-70.9633,168.0605,0.0000
4093,-70.9133,168.0605,0.0000
4094,-70.8633,168.0605,0.0000
4095,-70.8133,168.0605,0.0000
4096,-70.7633,168.0605,0.0000
4097,-70.7133,168.0605,0.0000
4098,-70.6633,168.0605,0.0000
4099,-70.6133,168.0605,0.0000
4100,-70.5633,168.0605,0.0000
4101,-70.5133,168.0605,0.0000
4102,-70.4633,168.0605,0.0000
4103,-70.4133,168.0605,0.0000
4104,-70.3633,168.0605,0.0000
4105,-70.3133,168.0605,0.0000
4106,-70.2633,168.0605,0.0000
4107,-70.2133,168.0605,0.0000
4108,-70.1633,168.0605,0.0000
4109,-70.1133,168.0605,0.0000
4110,-70.0633,168.0605,0.0000
4111,-70.0133,168.0605,0.0000
4112,-69.9633,168.0605,0.0000
4113,-69.9133,168.0605,0.0000
4114,-69.8633,168.0605,0.0000
4115,-69.8133,168.0605,0.0000
4116,-69.7633,168.0605,0.0000
4117,-69.7133,168.0605,0.0000
4118,-69.6633,168.0605,0.0000
4119,-69.6133,168.0605,0.0000
4120,-69.5633,168.0605,0.0000
4121,-69.5133,168.0605,0.0000
4122,-69.4633,168.0605,0.0000
4123,-69.4133,168.0605,0.0000
4124,-69.3633,168.0605,0.0000
4125,-69.3133,168.0605,0.0000
4126,-69.2633,168.0605,0.0000
4127,-69.2133,168.0605,0.0000
4128,-69.1633,168.0605,0.0000
4129,-69.1133,168.0605,0.0000
4130,-69.0633,168.0605,0.0000
4131,-69.0133,168.0605,0.0000
4132,-68.9633,168.0605,0.0000
4133,-68.9133,168.0605,0.0000
4134,-68.8633,168.0605,0.0000
4135,-68.8133,168.0605,0.0000
4136,-68.7633,168.0605,0.0000
4137,-68.7133,168.0605,0.0000
4138,-68.6633,168.0605,0.0000
4139,-68.6133,168.0605,0.0000
4140,-68.5633,168.0605,0.0000
4141,-68.5133,168.0605,0.0000
4142,-68.4633,168.0605,0.0000
4143,-68.4133,168.0605,0.0000
4144,-68.3633,168.0605,0.0000
4145,-68.3133,168.0605,0.0000
4146,-68.2633,168.0605,0.0000
4147,-68.2133,168.0605,0.0000
4148,-68.1633,168.0605,0.0000
4149,-68.1133,168.0605,0.0000
4150,-68.0633,168.0605,0.0000
4151,-68.0133,168.0605,0.0000
4152,-67.9633,168.0605,0.0000
4153,-67.9133,168.0605,0.0000
4154,-67.8633,168.0605,0.0000
4155,-67.8133,168.0605,0.0000
4156,-67.7633,168.0605,0.0000
4157,-67.7133,168.0605,0.0000
4158,-67.6633,168.0605,0.0000
4159,-67.6133,168.0605,0.0000
4160,-67.5633,168.0605,0.0000
4161,-67.5133,168.0605,0.0000
4162,-67.4633,168.0605,0.0000
4163,-67.4133,168.0605,0.0000
4164,-67.3633,168.0605,0.0000
4165,-67.3133,168.0605,0.0000
4166,-67.2633,168.0605,0.0000
4167,-67.2133,168.0605,0.0000
4168,-67.1633,168.0605,0.0000
4169,-67.1133,168.0605,0.0000
4170,-67.0633,168.0605,0.0000
4171,-67.0133,168.0605,0.0000
4172,-66.9633,168.0605,0.0000
4173,-66.9133,168.0605,0.0000
4174,-66.8633,168.0605,0.0000
4175,-66.8133,168.0605,0.0000
4176,-66.7633,168.0605,0.0000
4177,-66.7133,168.0605,0.0000
4178,-66.6633,168.0605,0.0000
4179,-66.6133,168.0605,0.0000
4180,-66.5633,168.0605,0.0000
4181,-66.5133,168.0605,0.0000
4182,-66.4633,168.0605,0.0000
4183,-66.4133,168.0605,0.0000
4184,-66.3633,168.0605,0.0000
4185,-66.3133,168.0605,0.0000
4186,-66.2633,168.0605,0.0000
4187,-66.2133,168.0605,0.0000
4188,-66.1633,168.0605,0.0000
4189,-66.1133,168.0605,0.0000
4190,-66.0633,168.0605,0.0000
4191,-66.0133,168.0605,0.0000
4192,-65.9633,168.0605,0.0000
4193,-65.9133,168.0605,0.0000
4194,-65.8633,168.0605,0.0000
4195,-65.8133,168.0605,0.0000
4196,-65.7633,168.0605,0.0000
4197,-65.7133,168.0605,0.0000
4198,-65.6633,168.0605,0.0000
4199,-65.6133,168.0605,0.0000
4200,-65.5633,168.0605,0.0000
4201,-65.5133,168.0605,0.0000
4202,-65.4633,168.0605,0.0000
4203,-65.4133,168.0605,0.0000
4204,-65.3633,168.0605,0.0000
4205,-65.3133,168.0605,0.0000
4206,-65.2633,168.0605,0.0000
4207,-65.2133,168.0605,0.0000
4208,-65.1633,168.0605,0.0000
4209,-65.1133,168.0605,0.0000
4210,-65.0633,168.0605,0.0000
4211,-65.0133,168.0605,0.0000
4212,-64.9633,168.0605,0.0000
4213,-64.9133,168.0605,0.0000
4214,-64.8633,168.0605,0.0000
4215,-64.8133,168.0605,0.0000
4216,-64.7633,168.0605,0.0000
4217,-64.7133,168.0605,0.0000
4218,-64.6633,168.0605,0.0000
4219,-64.6133,168.0605,0.0000
4220,-64.5633,168.0605,0.0000
4221,-64.5133,168.0605,0.0000
4222,-64.4633,168.0605,0.0000
4223,-64.4133,168.0605,0.0000
4224,-64.3633,168.0605,0.0000
4225,-64.3133,168.0605,0.0000
4226,-64.2633,168.0605,0.0000
4227,-64.2133,168.0605,0.0000
4228,-64.1633,168.0605,0.0000
4229,-64.1133,168.0605,0.0000
4230,-64.0633,168.0605,0.0000
4231,-64.0133,168.0605,0.0000
4232,-63.9633,168.0605,0.0000
4233,-63.9133,168.0605,0.0000
4234,-63.8633,168.0605,0.0000
4235,-63.8133,168.0605,0.0000
4236,-63.7633,168.0605,0.0000
4237,-63.7133,168.0605,0.0000
4238,-63.6633,168.0605,0.0000
4239,-63.6133,168.0605,0.0000
4240,-63.5633,168.0605,0.0000
4241,-63.5133,168.0605,0.0000
4242,-63.4633,168.0605,0.0000
4243,-63.4133,168.0605,0.0000
4244,-63.3633,168.0605,0.0000
4245,-63.3133,168.0605,0.0000
4246,-63.2633,168.0605,0.0000
4247,-63.2133,168.0605,0.0000
4248,-63.1633,168.0605,0.0000
4249,-63.1133,168.0605,0.0000
4250,-63.0633,168.0605,0.0000
4251,-63.0133,168.0605,0.0000
4252,-62.9633,168.0605,0.0000
4253,-62.9133,168.0605,0.0000
4254,-62.8633,168.0605,0.0000
4255,-62.8133,168.0605,0.0000
4256,-62.7633,168.0605,0.0000
4257,-62.7133,168.0605,0.0000
4258,-62.6633,168.0605,0.0000
4259,-62.6133,168.0605,0.0000
4260,-62.5633,168.0605,0.0000
4261,-62.5133,168.0605,0.0000
4262,-62.4633,168.0605,0.0000
4263,-62.4133,168.0605,0.0000
4264,-62.3633,168.0605,0.0000
4265,-62.3133,168.0605,0.0000
4266,-62.2633,168.0605,0.0000
4267,-62.2133,168.0605,0.0000
4268,-62.1633,168.0605,0.0000
4269,-62.1133,168.0605,0.0000
4270,-62.0633,168.0605,0.0000
4271,-62.0133,168.0605,0.0000
4272,-61.9633,168.0605,0.0000
4273,-61.9133,168.0605,0.0000
4274,-61.8633,168.0605,0.0000
4275,-61.8133,168.0605,0.0000
4276,-61.7633,168.0605,0.0000
4277,-61.7133,168.0605,0.0000
4278,-61.6633,168.0605,0.0000
4279,-61.6133,168.0605,0.0000
4280,-61.5633,168.0605,0.0000
4281,-61.5133,168.0605,0.0000
4282,-61.4633,168.0605,0.0000
4283,-61.4133,168.0605,0.0000
4284,-61.3633,168.0605,0.0000
4285,-61.3133,168.0605,0.0000
4286,-61.2633,168.0605,0.0000
4287,-61.2133,168.0605,0.0000
4288,-61.1633,168.0605,0.0000
4289,-61.1133,168.0605,0.0000
4290,-61.0633,168.0605,0.0000
4291,-61.0133,168.0605,0.0000
4292,-60.9633,168.0605,0.0000
4293,-60.9133,168.0605,0.0000
4294,-60.8633,168.0605,0.0000
4295,-60.8133,168.0605,0.0000
4296,-60.7633,168.0605,0.0000
4297,-60.7133,168.0605,0.0000
4298,-60.6633,168.0605,0.0000
4299,-60.6133,168.0605,0.0000
4300,-60.5633,168.0605,0.0000
4301,-60.5133,168.0605,0.0000
4302,-60.4633,168.0605,0.0000
4303,-60.4133,168.0605,0.0000
4304,-60.3633,168.0605,0.0000
4305,-60.3133,168.0605,0.0000
4306,-60.2633,168.0605,0.0000
4307,-60.2133,168.0605,0.0000
4308,-60.1633,168.0605,0.0000
4309,-60.1133,168.0605,0.0000
4310,-60.0633,168.0605,0.0000
4311,-60.0133,168.0605,0.0000
4312,-59.9633,168.0605,0.0000
4313,-59.9133,168.0605,0.0000
4314,-59.8633,168.0605,0.0000
4315,-59.8133,168.0605,0.0000
4316,-59.7633,168.0605,0.0000
4317,-59.7133,168.0605,0.0000
4318,-59.6633,168.0605,0.0000
4319,-59.6133,168.0605,0.0000
4320,-59.5633,168.0605,0.0000
4321,-59.5133,168.0605,0.0000
4322,-59.4633,168.0605,0.0000
4323,-59.4133,168.0605,0.0000
4324,-59.3633,168.0605,0.0000
4325,-59.3133,168.0605,0.0000
4326,-59.2633,168.0605,0.0000
4327,-59.2133,168.0605,0.0000
4328,-59.1633,168.0605,0.0000
4329,-59.1133,168.0605,0.0000
4330,-59.0633,168.0605,0.0000
4331,-59.0133,168.0605,0.0000
4332,-58.9633,168.0605,0.0000
4333,-58.9133,168.0605,0.0000
4334,-58.8633,168.0605,0.0000
4335,-58.8133,168.0605,0.0000
4336,-58.7633,168.0605,0.0000
4337,-58.7133,168.0605,0.0000
4338,-58.6633,168.0605,0.0000
4339,-58.6133,168.0605,0.0000
4340,-58.5633,168.0605,0.0000
4341,-58.5133,168.0605,0.0000
4342,-58.4633,168.0605,0.0000
4343,-58.4133,168.0605,0.0000
4344,-58.3633,168.0605,0.0000
4345,-58.3133,168.0605,0.0000
4346,-58.2633,168.0605,0.0000
4347,-58.2133,168.0605,0.0000
4348,-58.1633,168.0605,0.0000
4349,-58.1133,168.0605,0.0000
4350,-58.0633,168.0605,0.0000
4351,-58.0133,168.0605,0.0000
4352,-57.9633,168.0605,0.0000
4353,-57.9133,168.0605,0.0000
4354,-57.8633,168.0605,0.0000
4355,-57.8133,168.0605,0.0000
4356,-57.7633,168.0605,0.0000
4357,-57.7133,168.0605,0.0000
4358,-57.6633,168.0605,0.0000
4359,-57.6133,168.0605,0.0000
4360,-57.5633,168.0605,0.0000
4361,-57.5133,168.0605,0.0000
4362,-57.4633,168.0605,0.0000
4363,-57.4133,168.0605,0.0000
4364,-57.3633,168.0605,0.0000
4365,-57.3133,168.0605,0.0000
4366,-57.2633,168.0605,0.0000
4367,-57.2133,168.0605,0.0000
4368,-57.1633,168.0605,0.0000
4369,-57.1133,168.0605,0.0000
4370,-57.0633,168.0605,0.0000
4371,-57.0133,168.0605,0.0000
4372,-56.9633,168.0605,0.0000
4373,-56.9133,168.0605,0.0000
4374,-56.8633,168.0605,0.0000
4375,-56.8133,168.0605,0.0000
4376,-56.7633,168.0605,0.0000
4377,-56.7133,168.0605,0.0000
4378,-56.6633,168.0605,0.0000
4379,-56.6133,168.0605,0.0000
4380,-56.5633,168.0605,0.0000
4381,-56.5133,168.0605,0.0000
4382,-56.4633,168.0605,0.0000
4383,-56.4133,168.0605,0.0000
4384,-56.3633,168.0605,0.0000
4385,-56.3133,168.0605,0.0000
4386,-56.2633,168.0605,0.0000
4387,-56.2133,168.0605,0.0000
4388,-56.1633,168.0605,0.0000
4389,-56.1133,168.0605,0.0000
4390,-56.0633,168.0605,0.0000
4391,-56.0133,168.0605,0.0000
4392,-55.9633,168.0605,0.0000
4393,-55.9133,168.0605,0.0000
4394,-55.8633,168.0605,0.0000
4395,-55.8133,168.0605,0.0000
4396,-55.7633,168.0605,0.0000
4397,-55.7133,168.0605,0.0000
4398,-55.6633,168.0605,0.0000
4399,-55.6133,168.0605,0.0000
4400,-55.5633,168.0605,0.0000
4401,-55.5133,168.0605,0.0000
4402,-55.4633,168.0605,0.0000
4403,-55.4133,168.0605,0.0000
4404,-55.3633,168.0605,0.0000
4405,-55.3133,168.0605,0.0000
4406,-55.2633,168.0605,0.0000
4407,-55.2133,168.0605,0.0000
4408,-55.1633,168.0605,0.0000
4409,-55.1133,168.0605,0.0000
4410,-55.0633,168.0605,0.0000
4411,-55.0133,168.0605,0.0000
4412,-54.9633,168.0605,0.0000
4413,-54.9133,168.0605,0.0000
4414,-54.8633,168.0605,0.0000
4415,-54.8133,168.0605,0.0000
4416,-54.7633,168.0605,0.0000
4417,-54.7133,168.0605,0.0000
4418,-54.6633,168.0605,0.0000
4419,-54.6133,168.0605,0.0000
4420,-54.5633,168.0605,0.0000
4421,-54.5133,168.0605,0.0000
4422,-54.4633,168.0605,0.0000
4423,-54.4133,168.0605,0.0000
4424,-54.3633,168.0605,0.0000
4425,-54.3133,168.0605,0.0000
4426,-54.2633,168.0605,0.0000
4427,-54.2133,168.0605,0.0000
4428,-54.1633,168.0605,0.0000
4429,-54.1133,168.0605,0.0000
4430,-54.0633,168.0605,0.0000
4431,-54.0133,168.0605,0.0000
4432,-53.9633,168.0605,0.0000
4433,-53.9133,168.0605,0.0000
4434,-53.8633,168.0605,0.0000
4435,-53.8133,168.0605,0.0000
4436,-53.7633,168.0605,0.0000
4437,-53.7133,168.0605,0.0000
4438,-53.6633,168.0605,0.0000
4439,-53.6133,168.0605,0.0000
4440,-53.5633,168.0605,0.0000
4441,-53.5133,168.0605,0.0000
4442,-53.4633,168.0605,0.0000
4443,-53.4133,168.0605,0.0000
4444,-53.3633,168.0605,0.0000
4445,-53.3133,168.0605,0.0000
4446,-53.2633,168.0605,0.0000
4447,-53.2133,168.0605,0.0000
4448,-53.1633,168.0605,0.0000
4449,-53.1133,168.0605,0.0000
4450,-53.0633,168.0605,0.0000
4451,-53.0133,168.0605,0.0000
4452,-52.9633,168.0605,0.0000
4453,-52.9133,168.0605,0.0000
4454,-52.8633,168.0605,0.0000
4455,-52.8133,168.0605,0.0000
4456,-52.7633,168.0605,0.0000
4457,-52.7133,168.0605,0.0000
4458,-52.6633,168.0605,0.0000
4459,-52.6133,168.0605,0.0000
4460,-52.5633,168.0605,0.0000
4461,-52.5133,168.0605,0.0000
4462,-52.4633,168.0605,0.0000
4463,-52.4133,168.0605,0.0000
4464,-52.3633,168.0605,0.0000
4465,-52.3133,168.0605,0.0000
4466,-52.2633,168.0605,0.0000
4467,-52.2133,168.0605,0.0000
4468,-52.1633,168.0605,0.0000
4469,-52.1133,168.0605,0.0000
4470,-52.0633,168.0605,0.0000
4471,-52.0133,168.0605,0.0000
4472,-51.9633,168.0605,0.0000
4473,-51.9133,168.0605,0.0000
4474,-51.8633,168.0605,0.0000
4475,-51.8133,168.0605,0.0000
4476,-51.7633,168.0605,0.0000
4477,-51.7133,168.0605,0.0000
4478,-51.6633,168.0605,0.0000
4479,-51.6133,168.0605,0.0000
4480,-51.5633,168.0605,0.0000
4481,-51.5133,168.0605,0.0000
4482,-51.4633,168.0605,0.0000
4483,-51.4133,168.0605,0.0000
4484,-51.3633,168.0605,0.0000
4485,-51.3133,168.0605,0.0000
4486,-51.2633,168.0605,0.0000
4487,-51.2133,168.0605,0.0000
4488,-51.1633,168.0605,0.0000
4489,-51.1133,168.0605,0.0000
4490,-51.0633,168.0605,0.0000
4491,-51.0133,168.0605,0.0000
4492,-50.9633,168.0605,0.0000
4493,-50.9133,168.0605,0.0000
4494,-50.8633,168.0605,0.0000
4495,-50.8133,168.0605,0.0000
4496,-50.7633,168.0605,0.0000
4497,-50.7133,168.0605,0.0000
4498,-50.6633,168.0605,0.0000
4499,-50.6133,168.0605,0.0000
4500,-50.5633,168.0605,0.0000
4501,-50.5133,168.0605,0.0000
4502,-50.4633,168.0605,0.0000
4503,-50.4133,168.0605,0.0000
4504,-50.3633,168.0605,0.0000
4505,-50.3133,168.0605,0.0000
4506,-50.2633,168.0605,0.0000
4507,-50.2133,168.0605,0.0000
4508,-50.1633,168.0605,0.0000
4509,-50.1133,168.0605,0.0000
4510,-50.0633,168.0605,0.0000
4511,-50.0133,168.0605,0.0000
4512,-49.9633,168.0605,0.0000
4513,-49.9133,168.0605,0.0000
4514,-49.8633,168.0605,0.0000
4515,-49.8133,168.0605,0.0000
4516,-49.7633,168.0605,0.0000
4517,-49.7133,168.0605,0.0000
4518,-49.6633,168.0605,0.0000
4519,-49.6133,168.0605,0.0000
4520,-49.5633,168.0605,0.0000
4521,-49.5133,168.0605,0.0000
4522,-49.4633,168.0605,0.0000
4523,-49.4133,168.0605,0.0000
4524,-49.3633,168.0605,0.0000
4525,-49.3133,168.0605,0.0000
4526,-49.2633,168.0605,0.0000
4527,-49.2133,168.0605,0.0000
4528,-49.1633,168.0605,0.0000
4529,-49.1133,168.0605,0.0000
4530,-49.0633,168.0605,0.0000
4531,-49.0133,168.0605,0.0000
4532,-48.9633,168.0605,0.0000
4533,-48.9133,168.0605,0.0000
4534,-48.8633,168.0605,0.0000
4535,-48.8133,168.0605,0.0000
4536,-48.7633,168.0605,0.0000
4537,-48.7133,168.0605,0.0000
4538,-48.6633,168.0605,0.0000
4539,-48.6133,168.0605,0.0000
4540,-48.5633,168.0605,0.0000
4541,-48.5133,168.0605,0.0000
4542,-48.4633,168.0605,0.0000
4543,-48.4133,168.0605,0.0000
4544,-48.3633,168.0605,0.0000
4545,-48.3133,168.0605,0.0000
4546,-48.2633,168.0605,0.0000
4547,-48.2133,168.0605,0.0000
4548,-48.1633,168.0605,0.0000
4549,-48.1133,168.0605,0.0000
4550,-48.0633,168.0605,0.0000
4551,-48.0133,168.0605,0.0000
4552,-47.9633,168.0605,0.0000
4553,-47.9133,168.0605,0.0000
4554,-47.8633,168.0605,0.0000
4555,-47.8133,168.0605,0.0000
4556,-47.7633,168.0605,0.0000
4557,-47.7133,168.0605,0.0000
4558,-47.6633,168.0605,0.0000
4559,-47.6133,168.0605,0.0000
4560,-47.5633,168.0605,0.0000
4561,-47.5133,168.0605,0.0000
4562,-47.4633,168.0605,0.0000
4563,-47.4133,168.0605,0.0000
4564,-47.3633,168.0605,0.0000
4565,-47.3133,168.0605,0.0000
4566,-47.2633,168.0605,0.0000
4567,-47.2133,168.0605,0.0000
4568,-47.1633,168.0605,0.0000
4569,-47.1133,168.0605,0.0000
4570,-47.0633,168.0605,0.0000
4571,-47.0133,168.0605,0.0000
4572,-46.9633,168.0605,0.0000
4573,-46.9133,168.0605,0.0000
4574,-46.8633,168.0605,0.0000
4575,-46.8133,168.0605,0.0000
4576,-46.7633,168.0605,0.0000
4577,-46.7133,168.0605,0.0000
4578,-46.6633,168.0605,0.0000
4579,-46.6133,168.0605,0.0000
4580,-46.5633,168.0605,0.0000
4581,-46.5133,168.0605,0.0000
4582,-46.4633,168.0605,0.0000
4583,-46.4133,168.0605,0.0000
4584,-46.3633,168.0605,0.0000
4585,-46.3133,168.0605,0.0000
4586,-46.2633,168.0605,0.0000
4587,-46.2133,168.0605,0.0000
4588,-46.1633,168.0605,0.0000
4589,-46.1133,168.0605,0.0000
4590,-46.0633,168.0605,0.0000
4591,-46.0133,168.0605,0.0000
4592,-45.9633,168.0605,0.0000
4593,-45.9133,168.0605,0.0000
4594,-45.8633,168.0605,0.0000
4595,-45.8133,168.0605,0.0000
4596,-45.7633,168.0605,0.0000
4597,-45.7133,168.0605,0.0000
4598,-45.6633,168.0605,0.0000
4599,-45.6133,168.0605,0.0000
4600,-45.5633,168.0605,0.0000
4601,-45.5133,168.0605,0.0000
4602,-45.4633,168.0605,0.0000
4603,-45.4133,168.0605,0.0000
4604,-45.3633,168.0605,0.0000
4605,-45.3133,168.0605,0.0000
4606,-45.2633,168.0605,0.0000
4607,-45.2133,168.0605,0.0000
4608,-45.1633,168.0605,0.0000
4609,-45.1133,168.0605,0.0000
4610,-45.0633,168.0605,0.0000
4611,-45.0133,168.0605,0.0000
4612,-44.9633,168.0605,0.0000
4613,-44.9133,168.0605,0.0000
4614,-44.8633,168.0605,0.0000
4615,-44.8133,168.0605,0.0000
4616,-44.7633,168.0605,0.0000
4617,-44.7133,168.0605,0.0000
4618,-44.6633,168.0605,0.0000
4619,-44.6133,168.0605,0.0000
4620,-44.5633,168.0605,0.0000
4621,-44.5133,168.0605,0.0000
4622,-44.4633,168.0605,0.0000
4623,-44.4133,168.0605,0.0000
4624,-44.3633,168.0605,0.0000
4625,-44.3133,168.0605,0.0000
4626,-44.2633,168.0605,0.0000
4627,-44.2133,168.0605,0.0000
4628,-44.1633,168.0605,0.0000
4629,-44.1133,168.0605,0.0000
4630,-44.0633,168.0605,0.0000
4631,-44.0133,168.0605,0.0000
4632,-43.9633,168.0605,0.0000
4633,-43.9133,168.0605,0.0000
4634,-43.8633,168.0605,0.0000
4635,-43.8133,168.0605,0.0000
4636,-43.7633,168.0605,0.0000
4637,-43.7133,168.0605,0.0000
4638,-43.6633,168.0605,0.0000
4639,-43.6133,168.0605,0.0000
4640,-43.5633,168.0605,0.0000
4641,-43.5133,168.0605,0.0000
4642,-43.4633,168.0605,0.0000
4643,-43.4133,168.0605,0.0000
4644,-43.3633,168.0605,0.0000
4645,-43.3133,168.0605,0.0000
4646,-43.2633,168.0605,0.0000
4647,-43.2133,168.0605,0.0000
4648,-43.1633,168.0605,0.0000
4649,-43.1133,168.0605,0.0000
4650,-43.0633,168.0605,0.0000
4651,-43.0133,168.0605,0.0000
4652,-42.9633,168.0605,0.0000
4653,-42.9133,168.0605,0.0000
4654,-42.8633,168.0605,0.0000
4655,-42.8133,168.0605,0.0000
4656,-42.7633,168.0605,0.0000
4657,-42.7133,168.0605,0.0000
4658,-42.6633,168.0605,0.0000
4659,-42.6133,168.0605,0.0000
4660,-42.5633,168.0605,0.0000
4661,-42.5133,168.0605,0.0000
4662,-42.4633,168.0605,0.0000
4663,-42.4133,168.0605,0.0000
4664,-42.3633,168.0605,0.0000
4665,-42.3133,168.0605,0.0000
4666,-42.2633,168.0605,0.0000
4667,-42.2133,168.0605,0.0000
4668,-42.1633,168.0605,0.0000
4669,-42.1133,168.0605,0.0000
4670,-42.0633,168.0605,0.0000
4671,-42.0133,168.0605,0.0000
4672,-41.9633,168.0605,0.0000
4673,-41.9133,168.0605,0.0000
4674,-41.8633,168.0605,0.0000
4675,-41.8133,168.0605,0.0000
4676,-41.7633,168.0605,0.0000
4677,-41.7133,168.0605,0.0000
4678,-41.6633,168.0605,0.0000
4679,-41.6133,168.0605,0.0000
4680,-41.5633,168.0605,0.0000
4681,-41.5133,168.0605,0.0000
4682,-41.4633,168.0605,0.0000
4683,-41.4133,168.0605,0.0000
4684,-41.3633,168.0605,0.0000
4685,-41.3133,168.0605,0.0000
4686,-41.2633,168.0605,0.0000
4687,-41.2133,168.0605,0.0000
4688,-41.1633,168.0605,0.0000
4689,-41.1133,168.0605,0.0000
4690,-41.0633,168.0605,0.0000
4691,-41.0133,168.0605,0.0000
4692,-40.9633,168.0605,0.0000
4693,-40.9133,168.0605,0.0000
4694,-40.8633,168.0605,0.0000
4695,-40.8133,168.0605,0.0000
4696,-40.7633,168.0605,0.0000
4697,-40.7133,168.0605,0.0000
4698,-40.6633,168.0605,0.0000
4699,-40.6133,168.0605,0.0000
4700,-40.5633,168.0605,0.0000
4701,-40.5133,168.0605,0.0000
4702,-40.4633,168.0605,0.0000
4703,-40.4133,168.0605,0.0000
4704,-40.3633,168.0605,0.0000
4705,-40.3133,168.0605,0.0000
4706,-40.2633,168.0605,0.0000
4707,-40.2133,168.0605,0.0000
4708,-40.1633,168.0605,0.0000
4709,-40.1133,168.0605,0.0000
4710,-40.0633,168.0605,0.0000
4711,-40.0133,168.0605,0.0000
4712,-39.9633,168.0605,0.0000
4713,-39.9133,168.0605,0.0000
4714,-39.8633,168.0605,0.0000
4715,-39.8133,168.0605,0.0000
4716,-39.7633,168.0605,0.0000
4717,-39.7133,168.0605,0.0000
4718,-39.6633,168.0605,0.0000
4719,-39.6133,168.0605,0.0000
4720,-39.5633,168.0605,0.0000
4721,-39.5133,168.0605,0.0000
4722,-39.4633,168.0605,0.0000
4723,-39.4133,168.0605,0.0000
4724,-39.3633,168.0605,0.0000
4725,-39.3133,168.0605,0.0000
4726,-39.2633,168.0605,0.0000
4727,-39.2133,168.0605,0.0000
4728,-39.1633,168.0605,0.0000
4729,-39.1133,168.0605,0.0000
4730,-39.0633,168.0605,0.0000
4731,-39.0133,168.0605,0.0000
4732,-38.9633,168.0605,0.0000
4733,-38.9133,168.0605,0.0000
4734,-38.8633,168.0605,0.0000
4735,-38.8133,168.0605,0.0000
4736,-38.7633,168.0605,0.0000
4737,-38.7133,168.0605,0.0000
4738,-38.6633,168.0605,0.0000
4739,-38.6133,168.0605,0.0000
4740,-38.5633,168.0605,0.0000
4741,-38.5133,168.0605,0.0000
4742,-38.4633,168.0605,0.0000
4743,-38.4133,168.0605,0.0000
4744,-38.3633,168.0605,0.0000
4745,-38.3133,168.0605,0.0000
4746,-38.2633,168.0605,0.0000
4747,-38.2133,168.0605,0.0000
4748,-38.1633,168.0605,0.0000
4749,-38.1133,168.0605,0.0000
4750,-38.0633,168.0605,0.0000
4751,-38.0133,168.0605,0.0000
4752,-37.9633,168.0605,0.0000
4753,-37.9133,168.0605,0.0000
4754,-37.8633,168.0605,0.0000
4755,-37.8133,168.0605,0.0000
4756,-37.7633,168.0605,0.0000
4757,-37.7133,168.0605,0.0000
4758,-37.6633,168.0605,0.0000
4759,-37.6133,168.0605,0.0000
4760,-37.5633,168.0605,0.0000
4761,-37.5133,168.0605,0.0000
4762,-37.4633,168.0605,0.0000
4763,-37.4133,168.0605,0.0000
4764,-37.3633,168.0605,0.0000
4765,-37.3133,168.0605,0.0000
4766,-37.2633,168.0605,0.0000
4767,-37.2133,168.0605,0.0000
4768,-37.1633,168.0605,0.0000
4769,-37.1133,168.0605,0.0000
4770,-37.0633,168.0605,0.0000
4771,-37.0133,168.0605,0.0000
4772,-36.9633,168.0605,0.0000
4773,-36.9133,168.0605,0.0000
4774,-36.8633,168.0605,0.0000
4775,-36.8133,168.0605,0.0000
4776,-36.7633,168.0605,0.0000
4777,-36.7133,168.0605,0.0000
4778,-36.6633,168.0605,0.0000
4779,-36.6133,168.0605,0.0000
4780,-36.5633,168.0605,0.0000
4781,-36.5133,168.0605,0.0000
4782,-36.4633,168.0605,0.0000
4783,-36.4133,168.0605,0.0000
4784,-36.3633,168.0605,0.0000
4785,-36.3133,168.0605,0.0000
4786,-36.2633,168.0605,0.0000
4787,-36.2133,168.0605,0.0000
4788,-36.1633,168.0605,0.0000
4789,-36.1133,168.0605,0.0000
4790,-36.0633,168.0605,0.0000
4791,-36.0133,168.0605,0.0000
4792,-35.9633,168.0605,0.0000
4793,-35.9133,168.0605,0.0000
4794,-35.8633,168.0605,0.0000
4795,-35.8133,168.0605,0.0000
4796,-35.7633,168.0605,0.0000
4797,-35.7133,168.0605,0.0000
4798,-35.6633,168.0605,0.0000
4799,-35.6133,168.0605,0.0000
4800,-35.5633,168.0605,0.0000
4801,-35.5133,168.0605,0.0000
4802,-35.4633,168.0605,0.0000
4803,-35.4133,168.0605,0.0000
4804,-35.3633,168.0605,0.0000
4805,-35.3133,168.0605,0.0000
4806,-35.2633,168.0605,0.0000
4807,-35.2133,168.0605,0.0000
4808,-35.1633,168.0605,0.0000
4809,-35.1133,168.0605,0.0000
4810,-35.0633,168.0605,0.0000
4811,-35.0133,168.0605,0.0000
4812,-34.9633,168.0605,0.0000
4813,-34.9133,168.0605,0.0000
4814,-34.8633,168.0605,0.0000
4815,-34.8133,168.0605,0.0000
4816,-34.7633,168.0605,0.0000
4817,-34.7133,168.0605,0.0000
4818,-34.6633,168.0605,0.0000
4819,-34.6133,168.0605,0.0000
4820,-34.5633,168.0605,0.0000
4821,-34.5133,168.0605,0.0000
4822,-34.4633,168.0605,0.0000
4823,-34.4133,168.0605,0.0000
4824,-34.3633,168.0605,0.0000
4825,-34.3133,168.0605,0.0000
4826,-34.2633,168.0605,0.0000
4827,-34.2133,168.0605,0.0000
4828,-34.1633,168.0605,0.0000
4829,-34.1133,168.0605,0.0000
4830,-34.0633,168.0605,0.0000
4831,-34.0133,168.0605,0.0000
4832,-33.9633,168.0605,0.0000
4833,-33.9133,168.0605,0.0000
4834,-33.8633,168.0605,0.0000
4835,-33.8133,168.0605,0.0000
4836,-33.7633,168.0605,0.0000
4837,-33.7133,168.0605,0.0000
4838,-33.6633,168.0605,0.0000
4839,-33.6133,168.0605,0.0000
4840,-33.5633,168.0605,0.0000
4841,-33.5133,168.0605,0.0000
4842,-33.4633,168.0605,0.0000
4843,-33.4133,168.0605,0.0000
4844,-33.3633,168.0605,0.0000
4845,-33.3133,168.0605,0.0000
4846,-33.2633,168.0605,0.0000
4847,-33.2133,168.0605,0.0000
4848,-33.1633,168.0605,0.0000
4849,-33.1133,168.0605,0.0000
4850,-33.0633,168.0605,0.0000
4851,-33.0133,168.0605,0.0000
4852,-32.9633,168.0605,0.0000
4853,-32.9133,168.0605,0.0000
4854,-32.8633,168.0605,0.0000
4855,-32.8133,168.0605,0.0000
4856,-32.7633,168.0605,0.0000
4857,-32.7133,168.0605,0.0000
4858,-32.6633,168.0605,0.0000
4859,-32.6133,168.0605,0.0000
4860,-32.5633,168.0605,0.0000
4861,-32.5133,168.0605,0.0000
4862,-32.4633,168.0605,0.0000
4863,-32.4133,168.0605,0.0000
4864,-32.3633,168.0605,0.0000
4865,-32.3133,168.0605,0.0000
4866,-32.2633,168.0605,0.0000
4867,-32.2133,168.0605,0.0000
4868,-32.1633,168.0605,0.0000
4869,-32.1133,168.0605,0.0000
4870,-32.0633,168.0605,0.0000
4871,-32.0133,168.0605,0.0000
4872,-31.9633,168.0605,0.0000
4873,-31.9133,168.0605,0.0000
4874,-31.8633,168.0605,0.0000
4875,-31.8133,168.0605,0.0000
4876,-31.7633,168.0605,0.0000
4877,-31.7133,168.0605,0.0000
4878,-31.6633,168.0605,0.0000
4879,-31.6133,168.0605,0.0000
4880,-31.5633,168.0605,0.0000
4881,-31.5133,168.0605,0.0000
4882,-31.4633,168.0605,0.0000
4883,-31.4133,168.0605,0.0000
4884,-31.3633,168.0605,0.0000
4885,-31.3133,168.0605,0.0000
4886,-31.2633,168.0605,0.0000
4887,-31.2133,168.0605,0.0000
4888,-31.1633,168.0605,0.0000
4889,-31.1133,168.0605,0.0000
4890,-31.0633,168.0605,0.0000
4891,-31.0133,168.0605,0.0000
4892,-30.9633,168.0605,0.0000
4893,-30.9133,168.0605,0.0000
4894,-30.8633,168.0605,0.0000
4895,-30.8133,168.0605,0.0000
4896,-30.7633,168.0605,0.0000
4897,-30.7133,168.0605,0.0000
4898,-30.6633,168.0605,0.0000
4899,-30.6133,168.0605,0.0000
4900,-30.5633,168.0605,0.0000
4901,-30.5133,168.0605,0.0000
4902,-30.4633,168.0605,0.0000
4903,-30.4133,168.0605,0.0000
4904,-30.3633,168.0605,0.0000
4905,-30.3133,168.0605,0.0000
4906,-30.2633,168.0605,0.0000
4907,-30.2133,168.0605,0.0000
4908,-30.1633,168.0605,0.0000
4909,-30.1133,168.0605,0.0000
4910,-30.0633,168.0605,0.0000
4911,-30.0133,168.0605,0.0000
4912,-29.9633,168.0605,0.0000
4913,-29.9133,168.0605,0.0000
4914,-29.8633,168.0605,0.0000
4915,-29.8133,168.0605,0.0000
4916,-29.7633,168.0605,0.0000
4917,-29.7133,168.0605,0.0000
4918,-29.6633,168.0605,0.0000
4919,-29.6133,168.0605,0.0000
4920,-29.5633,168.0605,0.0000
4921,-29.5133,168.0605,0.0000
4922,-29.4633,168.0605,0.0000
4923,-29.4133,168.0605,0.0000
4924,-29.3633,168.0605,0.0000
4925,-29.3133,168.0605,0.0000
4926,-29.2633,168.0605,0.0000
4927,-29.2133,168.0605,0.0000
4928,-29.1633,168.0605,0.0000
4929,-29.1133,168.0605,0.0000
4930,-29.0633,168.0605,0.0000
4931,-29.0133,168.0605,0.0000
4932,-28.9633,168.0605,0.0000
4933,-28.9133,168.0605,0.0000
4934,-28.8633,168.0605,0.0000
4935,-28.8133,168.0605,0.0000
4936,-28.7633,168.0605,0.0000
4937,-28.7133,168.0605,0.0000
4938,-28.6633,168.0605,0.0000
4939,-28.6133,168.0605,0.0000
4940,-28.5633,168.0605,0.0000
4941,-28.5133,168.0605,0.0000
4942,-28.4633,168.0605,0.0000
4943,-28.4133,168.0605,0.0000
4944,-28.3633,168.0605,0.0000
4945,-28.3133,168.0605,0.0000
4946,-28.2633,168.0605,0.0000
4947,-28.2133,168.0605,0.0000
4948,-28.1633,168.0605,0.0000
4949,-28.1133,168.0605,0.0000
4950,-28.0633,168.0605,0.0000
4951,-28.0133,168.0605,0.0000
4952,-27.9633,168.0605,0.0000
4953,-27.9133,168.0605,0.0000
4954,-27.8633,168.0605,0.0000
4955,-27.8133,168.0605,0.0000
4956,-27.7633,168.0605,0.0000
4957,-27.7133,168.0605,0.0000
4958,-27.6633,168.0605,0.0000
4959,-27.6133,168.0605,0.0000
4960,-27.5633,168.0605,0.0000
4961,-27.5133,168.0605,0.0000
4962,-27.4633,168.0605,0.0000
4963,-27.4133,168.0605,0.0000
4964,-27.3633,168.0605,0.0000
4965,-27.3133,168.0605,0.0000
4966,-27.2633,168.0605,0.0000
4967,-27.2133,168.0605,0.0000
4968,-27.1633,168.0605,0.0000
4969,-27.1133,168.0605,0.0000
4970,-27.0633,168.0605,0.0000
4971,-27.0133,168.0605,0.0000
4972,-26.9633,168.0605,0.0000
4973,-26.9133,168.0605,0.0000
4974,-26.8633,168.0605,0.0000
4975,-26.8133,168.0605,0.0000
4976,-26.7633,168.0605,0.0000
4977,-26.7133,168.0605,0.0000
4978,-26.6633,168.0605,0.0000
4979,-26.6133,168.0605,0.0000
4980,-26.5633,168.0605,0.0000
4981,-26.5133,168.0605,0.0000
4982,-26.4633,168.0605,0.0000
4983,-26.4133,168.0605,0.0000
4984,-26.3633,168.0605,0.0000
4985,-26.3133,168.0605,0.0000
4986,-26.2633,168.0605,0.0000
4987,-26.2133,168.0605,0.0000
4988,-26.1633,168.0605,0.0000
4989,-26.1133,168.0605,0.0000
4990,-26.0633,168.0605,0.0000
4991,-26.0133,168.0605,0.0000
4992,-25.9633,168.0605,0.0000
4993,-25.9133,168.0605,0.0000
4994,-25.8633,168.0605,0.0000
4995,-25.8133,168.0605,0.0000
4996,-25.7633,168.0605,0.0000
4997,-25.7133,168.0605,0.0000
4998,-25.6633,168.0605,0.0000
4999,-25.6133,168.0605,0.0000
5000,-25.5633,168.0605,0.0000
5001,-25.5133,168.0605,0.0000
5002,-25.4633,168.0605,0.0000
5003,-25.4133,168.0605,0.0000
5004,-25.3633,168.0605,0.0000
5005,-25.3133,168.0605,0.0000
5006,-25.2633,168.0605,0.0000
5007,-25.2133,168.0605,0.0000
5008,-25.1633,168.0605,0.0000
5009,-25.1133,168.0605,0.0000
5010,-25.0633,168.0605,0.0000
5011,-25.0133,168.0605,0.0000
5012,-24.9633,168.0605,0.0000
5013,-24.9133,168.0605,0.0000
5014,-24.8633,168.0605,0.0000
5015,-24.8133,168.0605,0.0000
5016,-24.7633,168.0605,0.0000
5017,-24.7133,168.0605,0.0000
5018,-24.6633,168.0605,0.0000
5019,-24.6133,168.0605,0.0000
5020,-24.5633,168.0605,0.0000
5021,-24.5133,168.0605,0.0000
5022,-24.4633,168.0605,0.0000
5023,-24.4133,168.0605,0.0000
5024,-24.3633,168.0605,0.0000
5025,-24.3133,168.0605,0.0000
5026,-24.2633,168.0605,0.0000
5027,-24.2133,168.0605,0.0000
5028,-24.1633,168.0605,0.0000
5029,-24.1133,168.0605,0.0000
5030,-24.0633,168.0605,0.0000
5031,-24.0133,168.0605,0.0000
5032,-23.9633,168.0605,0.0000
5033,-23.9133,168.0605,0.0000
5034,-23.8633,168.0605,0.0000
5035,-23.8133,168.0605,0.0000
5036,-23.7633,168.0605,0.0000
5037,-23.7133,168.0605,0.0000
5038,-23.6633,168.0605,0.0000
5039,-23.6133,168.0605,0.0000
5040,-23.5633,168.0605,0.0000
5041,-23.5133,168.0605,0.0000
5042,-23.4633,168.0605,0.0000
5043,-23.4133,168.0605,0.0000
5044,-23.3633,168.0605,0.0000
5045,-23.3133,168.0605,0.0000
5046,-23.2633,168.0605,0.0000
5047,-23.2133,168.0605,0.0000
5048,-23.1633,168.0605,0.0000
5049,-23.1133,168.0605,0.0000
5050,-23.0633,168.0605,0.0000
5051,-23.0133,168.0605,0.0000
5052,-22.9633,168.0605,0.0000
5053,-22.9133,168.0605,0.0000
5054,-22.8633,168.0605,0.0000
5055,-22.8133,168.0605,0.0000
5056,-22.7633,168.0605,0.0000
5057,-22.7133,168.0605,0.0000
5058,-22.6633,168.0605,0.0000
5059,-22.6133,168.0605,0.0000
5060,-22.5633,168.0605,0.0000
5061,-22.5133,168.0605,0.0000
5062,-22.4633,168.0605,0.0000
5063,-22.4133,168.0605,0.0000
5064,-22.3633,168.0605,0.0000
5065,-22.3133,168.0605,0.0000
5066,-22.2633,168.0605,0.0000
5067,-22.2133,168.0605,0.0000
5068,-22.1633,168.0605,0.0000
5069,-22.1133,168.0605,0.0000
5070,-22.0633,168.0605,0.0000
5071,-22.0133,168.0605,0.0000
5072,-21.9633,168.0605,0.0000
5073,-21.9133,168.0605,0.0000
5074,-21.8633,168.0605,0.0000
5075,-21.8133,168.0605,0.0000
5076,-21.7633,168.0605,0.0000
5077,-21.7133,168.0605,0.0000
5078,-21.6633,168.0605,0.0000
5079,-21.6133,168.0605,0.0000
5080,-21.5633,168.0605,0.0000
5081,-21.5133,168.0605,0.0000
5082,-21.4633,168.0605,0.0000
5083,-21.4133,168.0605,0.0000
5084,-21.3633,168.0605,0.0000
5085,-21.3133,168.0605,0.0000
5086,-21.2633,168.0605,0.0000
5087,-21.2133,168.0605,0.0000
5088,-21.1633,168.0605,0.0000
5089,-21.1133,168.0605,0.0000
5090,-21.0633,168.0605,0.0000
5091,-21.0133,168.0605,0.0000
5092,-20.9633,168.0605,0.0000
5093,-20.9133,168.0605,0.0000
5094,-20.8633,168.0605,0.0000
5095,-20.8133,168.0605,0.0000
5096,-20.7633,168.0605,0.0000
5097,-20.7133,168.0605,0.0000
5098,-20.6633,168.0605,0.0000
5099,-20.6133,168.0605,0.0000
5100,-20.5633,168.0605,0.0000
5101,-20.5133,168.0605,0.0000
5102,-20.4633,168.0605,0.0000
5103,-20.4133,168.0605,0.0000
5104,-20.3633,168.0605,0.0000
5105,-20.3133,168.0605,0.0000
5106,-20.2633,168.0605,0.0000
5107,-20.2133,168.0605,0.0000
5108,-20.1633,168.0605,0.0000
5109,-20.1133,168.0605,0.0000
5110,-20.0633,168.0605,0.0000
5111,-20.0133,168.0605,0.0000
5112,-19.9633,168.0605,0.0000
5113,-19.9133,168.0605,0.0000
5114,-19.8633,168.0605,0.0000
5115,-19.8133,168.0605,0.0000
5116,-19.7633,168.0605,0.0000
5117,-19.7133,168.0605,0.0000
5118,-19.6633,168.0605,0.0000
5119,-19.6133,168.0605,0.0000
5120,-19.5633,168.0605,0.0000
5121,-19.5133,168.0605,0.0000
5122,-19.4633,168.0605,0.0000
5123,-19.4133,168.0605,0.0000
5124,-19.3633,168.0605,0.0000
5125,-19.3133,168.0605,0.0000
5126,-19.2633,168.0605,0.0000
5127,-19.2133,168.0605,0.0000
5128,-19.1633,168.0605,0.0000
5129,-19.1133,168.0605,0.0000
5130,-19.0633,168.0605,0.0000
5131,-19.0133,168.0605,0.0000
5132,-18.9633,168.0605,0.0000
5133,-18.9133,168.0605,0.0000
5134,-18.8633,168.0605,0.0000
5135,-18.8133,168.0605,0.0000
5136,-18.7633,168.0605,0.0000
5137,-18.7133,168.0605,0.0000
5138,-18.6633,168.0605,0.0000
5139,-18.6133,168.0605,0.0000
5140,-18.5633,168.0605,0.0000
5141,-18.5133,168.0605,0.0000
5142,-18.4633,168.0605,0.0000
5143,-18.4133,168.0605,0.0000
5144,-18.3633,168.0605,0.0000
5145,-18.3133,168.0605,0.0000
5146,-18.2633,168.0605,0.0000
5147,-18.2133,168.0605,0.0000
5148,-18.1633,168.0605,0.0000
5149,-18.1133,168.0605,0.0000
5150,-18.0633,168.0605,0.0000
5151,-18.0133,168.0605,0.0000
5152,-17.9633,168.0605,0.0000
5153,-17.9133,168.0605,0.0000
5154,-17.8633,168.0605,0.0000
5155,-17.8133,168.0605,0.0000
5156,-17.7633,168.0605,0.0000
5157,-17.7133,168.0605,0.0000
5158,-17.6633,168.0605,0.0000
5159,-17.6133,168.0605,0.0000
5160,-17.5633,168.0605,0.0000
5161,-17.5133,168.0605,0.0000
5162,-17.4633,168.0605,0.0000
5163,-17.4133,168.0605,0.0000
5164,-17.3633,168.0605,0.0000
5165,-17.3133,168.0605,0.0000
5166,-17.2633,168.0605,0.0000
5167,-17.2133,168.0605,0.0000
5168,-17.1633,168.0605,0.0000
5169,-17.1133,168.0605,0.0000
5170,-17.0633,168.0605,0.0000
5171,-17.0133,168.0605,0.0000
5172,-16.9633,168.0605,0.0000
5173,-16.9133,168.0605,0.0000
5174,-16.8633,168.0605,0.0000
5175,-16.8133,168.0605,0.0000
5176,-16.7633,168.0605,0.0000
5177,-16.7133,168.0605,0.0000
5178,-16.6633,168.0605,0.0000
5179,-16.6133,168.0605,0.0000
5180,-16.5633,168.0605,0.0000
5181,-16.5133,168.0605,0.0000
5182,-16.4633,168.0605,0.0000
5183,-16.4133,168.0605,0.0000
5184,-16.3633,168.0605,0.0000
5185,-16.3133,168.0605,0.0000
5186,-16.2633,168.0605,0.0000
5187,-16.2133,168.0605,0.0000
5188,-16.1633,168.0605,0.0000
5189,-16.1133,168.0605,0.0000
5190,-16.0633,168.0605,0.0000
5191,-16.0133,168.0605,0.0000
5192,-15.9633,168.0605,0.0000
5193,-15.9133,168.0605,0.0000
5194,-15.8633,168.0605,0.0000
5195,-15.8133,168.0605,0.0000
5196,-15.7633,168.0605,0.0000
5197,-15.7133,168.0605,0.0000
5198,-15.6633,168.0605,0.0000
5199,-15.6133,168.0605,0.0000
5200,-15.5633,168.0605,0.0000
5201,-15.5133,168.0605,0.0000
5202,-15.4633,168.0605,0.0000
5203,-15.4133,168.0605,0.0000
5204,-15.3633,168.0605,0.0000
5205,-15.3133,168.0605,0.0000
5206,-15.2633,168.0605,0.0000
5207,-15.2133,168.0605,0.0000
5208,-15.1633,168.0605,0.0000
5209,-15.1133,168.0605,0.0000
5210,-15.0633,168.0605,0.0000
5211,-15.0133,168.0605,0.0000
5212,-14.9633,168.0605,0.0000
5213,-14.9133,168.0605,0.0000
5214,-14.8633,168.0605,0.0000
5215,-14.8133,168.0605,0.0000
5216,-14.7633,168.0605,0.0000
5217,-14.7133,168.0605,0.0000
5218,-14.6633,168.0605,0.0000
5219,-14.6133,168.0605,0.0000
5220,-14.5633,168.0605,0.0000
5221,-14.5133,168.0605,0.0000
5222,-14.4633,168.0605,0.0000
5223,-14.4133,168.0605,0.0000
5224,-14.3633,168.0605,0.0000
5225,-14.3133,168.0605,0.0000
5226,-14.2633,168.0605,0.0000
5227,-14.2133,168.0605,0.0000
5228,-14.1633,168.0605,0.0000
5229,-14.1133,168.0605,0.0000
5230,-14.0633,168.0605,0.0000
5231,-14.0133,168.0605,0.0000
5232,-13.9633,168.0605,0.0000
5233,-13.9133,168.0605,0.0000
5234,-13.8633,168.0605,0.0000
5235,-13.8133,168.0605,0.0000
5236,-13.7633,168.0605,0.0000
5237,-13.7133,168.0605,0.0000
5238,-13.6633,168.0605,0.0000
5239,-13.6133,168.0605,0.0000
5240,-13.5633,168.0605,0.0000
5241,-13.5133,168.0605,0.0000
5242,-13.4633,168.0605,0.0000
5243,-13.4133,168.0605,0.0000
5244,-13.3633,168.0605,0.0000
5245,-13.3133,168.0605,0.0000
5246,-13.2633,168.0605,0.0000
5247,-13.2133,168.0605,0.0000
5248,-13.1633,168.0605,0.0000
5249,-13.1133,168.0605,0.0000
5250,-13.0633,168.0605,0.0000
5251,-13.0133,168.0605,0.0000
5252,-12.9633,168.0605,0.0000
5253,-12.9133,168.0605,0.0000
5254,-12.8633,168.0605,0.0000
5255,-12.8133,168.0605,0.0000
5256,-12.7633,168.0605,0.0000
5257,-12.7133,168.0605,0.0000
5258,-12.6633,168.0605,0.0000
5259,-12.6133,168.0605,0.0000
5260,-12.5633,168.0605,0.0000
5261,-12.5133,168.0605,0.0000
5262,-12.4633,168.0605,0.0000
5263,-12.4133,168.0605,0.0000
5264,-12.3633,168.0605,0.0000
5265,-12.3133,168.0605,0.0000
5266,-12.2633,168.0605,0.0000
5267,-12.2133,168.0605,0.0000
5268,-12.1633,168.0605,0.0000
5269,-12.1133,168.0605,0.0000
5270,-12.0633,168.0605,0.0000
5271,-12.0133,168.0605,0.0000
5272,-11.9633,168.0605,0.0000
5273,-11.9133,168.0605,0.0000
5274,-11.8633,168.0605,0.0000
5275,-11.8133,168.0605,0.0000
5276,-11.7238,168.0605,0.0000
5277,-11.6857,168.0281,0.0000
5278,-11.6476,167.9957,0.0000
5279,-11.6095,167.9634,0.0000
5280,-11.5714,167.9310,0.0000
5281,-11.5332,167.8986,0.0000
5282,-11.4951,167.8663,0.0000
5283,-11.4570,167.8339,0.0000
5284,-11.4189,167.8016,0.0000
5285,-11.3808,167.7692,0.0000
5286,-11.3427,167.7368,0.0000
5287,-11.3045,167.7045,0.0000
5288,-11.2664,167.6721,0.0000
5289,-11.2283,167.6398,0.0000
5290,-11.1902,167.6074,0.0000
5291,-11.1521,167.5750,0.0000
5292,-11.1140,167.5427,0.0000
5293,-11.0759,167.5103,0.0000
5294,-11.0377,167.4780,0.0000
5295,-10.9996,167.4456,0.0000
5296,-10.9615,167.4132,0.0000
5297,-10.9234,167.3809,0.0000
5298,-10.8853,167.3485,0.0000
5299,-10.8472,167.3161,0.0000
5300,-10.8090,167.2838,0.0000
5301,-10.7709,167.2514,0.0000
5302,-10.7328,167.2191,0.0000
5303,-10.6947,167.1867,0.0000
5304,-10.6566,167.1543,0.0000
5305,-10.6185,167.1220,0.0000
5306,-10.5804,167.0896,0.0000
5307,-10.5422,167.0573,0.0000
5308,-10.5041,167.0249,0.0000
5309,-10.4660,166.9925,0.0000
5310,-10.4279,166.9602,0.0000
5311,-10.3898,166.9278,0.0000
5312,-10.3517,166.8955,0.0000
5313,-10.3136,166.8631,0.0000
5314,-10.2754,166.8307,0.0000
5315,-10.2373,166.7984,0.0000
5316,-10.1992,166.7660,0.0000
5317,-10.1611,166.7336,0.0000
5318,-10.1230,166.7013,0.0000
5319,-10.0849,166.6689,0.0000
5320,-10.0467,166.6366,0.0000
5321,-10.0086,166.6042,0.0000
5322,-9.9705,166.5718,0.0000
5323,-9.9324,166.5395,0.0000
5324,-9.8943,166.5071,0.0000
5325,-9.8562,166.4748,0.0000
5326,-9.8181,166.4424,0.0000
5327,-9.7799,166.4100,0.0000
5328,-9.7418,166.3777,0.0000
5329,-9.7037,166.3453,0.0000
5330,-9.6656,166.3130,0.0000
5331,-9.6275,166.2806,0.0000
5332,-9.5894,166.2482,0.0000
5333,-9.5513,166.2159,0.0000
5334,-9.5131,166.1835,0.0000
5335,-9.4750,166.1512,0.0000
5336,-9.4369,166.1188,0.0000
5337,-9.3988,166.0864,0.0000
5338,-9.3607,166.0541,0.0000
5339,-9.3226,166.0217,0.0000
5340,-9.2844,165.9893,0.0000
5341,-9.2463,165.9570,0.0000
5342,-9.2082,165.9246,0.0000
5343,-9.1701,165.8923,0.0000
5344,-9.1320,165.8599,0.0000
5345,-9.0939,165.8275,0.0000
5346,-9.0558,165.7952,0.0000
5347,-9.0176,165.7628,0.0000
5348,-8.9795,165.7305,0.0000
5349,-8.9414,165.6981,0.0000
5350,-8.9033,165.6657,0.0000
5351,-8.8652,165.6334,0.0000
5352,-8.8271,165.6010,0.0000
5353,-8.7889,165.5687,0.0000
5354,-8.7508,165.5363,0.0000
5355,-8.7127,165.5039,0.0000
5356,-8.6746,165.4716,0.0000
5357,-8.6365,165.4392,0.0000
5358,-8.5984,165.4068,0.0000
5359,-8.5603,165.3745,0.0000
5360,-8.5221,165.3421,0.0000
5361,-8.4840,165.3098,0.0000
5362,-8.4459,165.2774,0.0000
5363,-8.4078,165.2450,0.0000
5364,-8.3697,165.2127,0.0000
5365,-8.3316,165.1803,0.0000
5366,-8.2935,165.1480,0.0000
5367,-8.2553,165.1156,0.0000
5368,-8.2172,165.0832,0.0000
5369,-8.1791,165.0509,0.0000
5370,-8.1410,165.0185,0.0000
5371,-8.1029,164.9862,0.0000
5372,-8.0648,164.9538,0.0000
5373,-8.0266,164.9214,0.0000
5374,-7.9885,164.8891,0.0000
5375,-7.9504,164.8567,0.0000
5376,-7.9123,164.8243,0.0000
5377,-7.8742,164.7920,0.0000
5378,-7.8361,164.7596,0.0000
5379,-7.7980,164.7273,0.0000
5380,-7.7598,164.6949,0.0000
5381,-7.7217,164.6625,0.0000
5382,-7.6836,164.6302,0.0000
5383,-7.6455,164.5978,0.0000
5384,-7.6074,164.5655,0.0000
5385,-7.5693,164.5331,0.0000
5386,-7.5311,164.5007,0.0000
5387,-7.4930,164.4684,0.0000
5388,-7.4549,164.4360,0.0000
5389,-7.4168,164.4037,0.0000
5390,-7.3787,164.3713,0.0000
5391,-7.3406,164.3389,0.0000
5392,-7.3025,164.3066,0.0000
5393,-7.2643,164.2742,0.0000
5394,-7.2262,164.2418,0.0000
5395,-7.1881,164.2095,0.0000
5396,-7.1500,164.1771,0.0000
5397,-7.1119,164.1448,0.0000
5398,-7.0738,164.1124,0.0000
5399,-7.0357,164.0800,0.0000
5400,-6.9975,164.0477,0.0000
5401,-6.9594,164.0153,0.0000
5402,-6.9213,163.9830,0.0000
5403,-6.8832,163.9506,0.0000
5404,-6.8451,163.9182,0.0000
5405,-6.8070,163.8859,0.0000
5406,-6.7688,163.8535,0.0000
5407,-6.7307,163.8212,0.0000
5408,-6.6926,163.7888,0.0000
5409,-6.6545,163.7564,0.0000
5410,-6.6164,163.7241,0.0000
5411,-6.5783,163.6917,0.0000
5412,-6.5402,163.6594,0.0000
5413,-6.5020,163.6270,0.0000
5414,-6.4639,163.5946,0.0000
5415,-6.4258,163.5623,0.0000
5416,-6.3877,163.5299,0.0000
5417,-6.3496,163.4975,0.0000
5418,-6.3115,163.4652,0.0000
5419,-6.2733,163.4328,0.0000
5420,-6.2352,163.4005,0.0000
5421,-6.1971,163.3681,0.0000
5422,-6.1590,163.3357,0.0000
5423,-6.1209,163.3034,0.0000
5424,-6.0828,163.2710,0.0000
5425,-6.0447,163.2387,0.0000
5426,-6.0065,163.2063,0.0000
5427,-5.9684,163.1739,0.0000
5428,-5.9303,163.1416,0.0000
5429,-5.8922,163.1092,0.0000
5430,-5.8541,163.0769,0.0000
5431,-5.8160,163.0445,0.0000
5432,-5.7779,163.0121,0.0000
5433,-5.7397,162.9798,0.0000
5434,-5.7016,162.9474,0.0000
5435,-5.6635,162.9150,0.0000
5436,-5.6254,162.8827,0.0000
5437,-5.5873,162.8503,0.0000
5438,-5.5492,162.8180,0.0000
5439,-5.5110,162.7856,0.0000
5440,-5.4729,162.7532,0.0000
5441,-5.4348,162.7209,0.0000
5442,-5.3967,162.6885,0.0000
5443,-5.3586,162.6562,0.0000
5444,-5.3205,162.6238,0.0000
5445,-5.2824,162.5914,0.0000
5446,-5.2442,162.5591,0.0000
5447,-5.2061,162.5267,0.0000
5448,-5.1680,162.4944,0.0000
5449,-5.1299,162.4620,0.0000
5450,-5.0918,162.4296,0.0000
5451,-5.0537,162.3973,0.0000
5452,-5.0156,162.3649,0.0000
5453,-4.9774,162.3325,0.0000
5454,-4.9393,162.3002,0.0000
5455,-4.9012,162.2678,0.0000
5456,-4.8631,162.2355,0.0000
5457,-4.8250,162.2031,0.0000
5458,-4.7869,162.1707,0.0000
5459,-4.7487,162.1384,0.0000
5460,-4.7106,162.1060,0.0000
5461,-4.6725,162.0737,0.0000
5462,-4.6344,162.0413,0.0000
5463,-4.5963,162.0089,0.0000
5464,-4.5582,161.9766,0.0000
5465,-4.5201,161.9442,0.0000
5466,-4.4819,161.9119,0.0000
5467,-4.4438,161.8795,0.0000
5468,-4.4057,161.8471,0.0000
5469,-4.3676,161.8148,0.0000
5470,-4.3295,161.7824,0.0000
5471,-4.2914,161.7500,0.0000
5472,-4.2532,161.7177,0.0000
5473,-4.2151,161.6853,0.0000
5474,-4.1770,161.6530,0.0000
5475,-4.1389,161.6206,0.0000
5476,-4.1008,161.5882,0.0000
5477,-4.0627,161.5559,0.0000
5478,-4.0246,161.5235,0.0000
5479,-3.9864,161.4912,0.0000
5480,-3.9483,161.4588,0.0000
5481,-3.9102,161.4264,0.0000
5482,-3.8721,161.3941,0.0000
5483,-3.8340,161.3617,0.0000
5484,-3.7959,161.3294,0.0000
5485,-3.7578,161.2970,0.0000
5486,-3.7196,161.2646,0.0000
5487,-3.6815,161.2323,0.0000
5488,-3.6434,161.1999,0.0000
5489,-3.6053,161.1675,0.0000
5490,-3.5672,161.1352,0.0000
5491,-3.5291,161.1028,0.0000
5492,-3.4909,161.0705,0.0000
5493,-3.4528,161.0381,0.0000
5494,-3.4147,161.0057,0.0000
5495,-3.3766,160.9734,0.0000
5496,-3.3385,160.9410,0.0000
5497,-3.3004,160.9087,0.0000
5498,-3.2623,160.8763,0.0000
5499,-3.2241,160.8439,0.0000
5500,-3.1860,160.8116,0.0000
5501,-3.1479,160.7792,0.0000
5502,-3.1098,160.7469,0.0000
5503,-3.0717,160.7145,0.0000
5504,-3.0336,160.6821,0.0000
5505,-2.9954,160.6498,0.0000
5506,-2.9573,160.6174,0.0000
5507,-2.9192,160.5851,0.0000
5508,-2.8811,160.5527,0.0000
5509,-2.8430,160.5203,0.0000
5510,-2.8049,160.4880,0.0000
5511,-2.7668,160.4556,0.0000
5512,-2.7286,160.4232,0.0000
5513,-2.6905,160.3909,0.0000
5514,-2.6524,160.3585,0.0000
5515,-2.6143,160.3262,0.0000
5516,-2.5762,160.2938,0.0000
5517,-2.5381,160.2614,0.0000
5518,-2.5000,160.2291,0.0000
5519,-2.4618,160.1967,0.0000
5520,-2.4237,160.1644,0.0000
5521,-2.3856,160.1320,0.0000
5522,-2.3475,160.0996,0.0000
5523,-2.3094,160.0673,0.0000
5524,-2.2713,160.0349,0.0000
5525,-2.2331,160.0026,0.0000
5526,-2.1950,159.9702,0.0000
5527,-2.1569,159.9378,0.0000
5528,-2.1188,159.9055,0.0000
5529,-2.0807,159.8731,0.0000
5530,-2.0426,159.8407,0.0000
5531,-2.0045,159.8084,0.0000
5532,-1.9663,159.7760,0.0000
5533,-1.9282,159.7437,0.0000
5534,-1.8901,159.7113,0.0000
5535,-1.8520,159.6789,0.0000
5536,-1.8139,159.6466,0.0000
5537,-1.7758,159.6142,0.0000
5538,-1.7376,159.5819,0.0000
5539,-1.6995,159.5495,0.0000
5540,-1.6614,159.5171,0.0000
5541,-1.6233,159.4848,0.0000
5542,-1.5852,159.4524,0.0000
5543,-1.5471,159.4201,0.0000
5544,-1.5090,159.3877,0.0000
5545,-1.4708,159.3553,0.0000
5546,-1.4327,159.3230,0.0000
5547,-1.3946,159.2906,0.0000
5548,-1.3565,159.2582,0.0000
5549,-1.3184,159.2259,0.0000
5550,-1.2803,159.1935,0.0000
5551,-1.2422,159.1612,0.0000
5552,-1.2040,159.1288,0.0000
5553,-1.1659,159.0964,0.0000
5554,-1.1278,159.0641,0.0000
5555,-1.0897,159.0317,0.0000
5556,-1.0516,158.9994,0.0000
5557,-1.0135,158.9670,0.0000
5558,-0.9753,158.9346,0.0000
5559,-0.9372,158.9023,0.0000
5560,-0.8991,158.8699,0.0000
5561,-0.8610,158.8376,0.0000
5562,-0.8229,158.8052,0.0000
5563,-0.7848,158.7728,0.0000
5564,-0.7467,158.7405,0.0000
5565,-0.7085,158.7081,0.0000
5566,-0.6704,158.6757,0.0000
5567,-0.6323,158.6434,0.0000
5568,-0.5942,158.6110,0.0000
5569,-0.5561,158.5787,0.0000
5570,-0.5180,158.5463,0.0000
5571,-0.4799,158.5139,0.0000
5572,-0.4417,158.4816,0.0000
5573,-0.4036,158.4492,0.0000
5574,-0.3655,158.4169,0.0000
5575,-0.3274,158.3845,0.0000
5576,-0.2893,158.3521,0.0000
5577,-0.2512,158.3198,0.0000
5578,-0.2130,158.2874,0.0000
5579,-0.1749,158.2551,0.0000
5580,-0.1368,158.2227,0.0000
5581,-0.0987,158.1903,0.0000
5582,-0.0606,158.1580,0.0000
5583,-0.0225,158.1256,0.0000
5584,0.0156,158.0933,0.0000
5585,0.0538,158.0609,0.0000
5586,0.0919,158.0285,0.0000
5587,0.1300,157.9962,0.0000
5588,0.1681,157.9638,0.0000
5589,0.2062,157.9314,0.0000
5590,0.2443,157.8991,0.0000
5591,0.2825,157.8667,0.0000
5592,0.3206,157.8344,0.0000
5593,0.3587,157.8020,0.0000
5594,0.3968,157.7696,0.0000
5595,0.4349,157.7373,0.0000
5596,0.4730,157.7049,0.0000
5597,0.5111,157.6726,0.0000
5598,0.5493,157.6402,0.0000
5599,0.5874,157.6078,0.0000
5600,0.6255,157.5755,0.0000
5601,0.6636,157.5431,0.0000
5602,0.7017,157.5108,0.0000
5603,0.7398,157.4784,0.0000
5604,0.7779,157.4460,0.0000
5605,0.8161,157.4137,0.0000
5606,0.8542,157.3813,0.0000
5607,0.8923,157.3489,0.0000
5608,0.9304,157.3166,0.0000
5609,0.9685,157.2842,0.0000
5610,1.0066,157.2519,0.0000
5611,1.0448,157.2195,0.0000
5612,1.0829,157.1871,0.0000
5613,1.1210,157.1548,0.0000
5614,1.1591,157.1224,0.0000
5615,1.1972,157.0901,0.0000
5616,1.2353,157.0577,0.0000
5617,1.2734,157.0253,0.0000
5618,1.3116,156.9930,0.0000
5619,1.3497,156.9606,0.0000
5620,1.3878,156.9283,0.0000
5621,1.4259,156.8959,0.0000
5622,1.4640,156.8635,0.0000
5623,1.5021,156.8312,0.0000
5624,1.5403,156.7988,0.0000
5625,1.5784,156.7664,0.0000
5626,1.6165,156.7341,0.0000
5627,1.6546,156.7017,0.0000
5628,1.6927,156.6694,0.0000
5629,1.7308,156.6370,0.0000
5630,1.7689,156.6046,0.0000
5631,1.8071,156.5723,0.0000
5632,1.8452,156.5399,0.0000
5633,1.8833,156.5076,0.0000
5634,1.9214,156.4752,0.0000
5635,1.9595,156.4428,0.0000
5636,1.9976,156.4105,0.0000
5637,2.0357,156.3781,0.0000
5638,2.0739,156.3458,0.0000
5639,2.1120,156.3134,0.0000
5640,2.1501,156.2810,0.0000
5641,2.1882,156.2487,0.0000
5642,2.2263,156.2163,0.0000
5643,2.2644,156.1839,0.0000
5644,2.3026,156.1516,0.0000
5645,2.3407,156.1192,0.0000
5646,2.3788,156.0869,0.0000
5647,2.4169,156.0545,0.0000
5648,2.4550,156.0221,0.0000
5649,2.4931,155.9898,0.0000
5650,2.5312,155.9574,0.0000
5651,2.5694,155.9251,0.0000
5652,2.6075,155.8927,0.0000
5653,2.6456,155.8603,0.0000
5654,2.6837,155.8280,0.0000
5655,2.7218,155.7956,0.0000
5656,2.7599,155.7633,0.0000
5657,2.7981,155.7309,0.0000
5658,2.8362,155.6985,0.0000
5659,2.8743,155.6662,0.0000
5660,2.9124,155.6338,0.0000
5661,2.9505,155.6015,0.0000
5662,2.9886,155.5691,0.0000
5663,3.0267,155.5367,0.0000
5664,3.0649,155.5044,0.0000
5665,3.1030,155.4720,0.0000
5666,3.1411,155.4396,0.0000
5667,3.1792,155.4073,0.0000
5668,3.2173,155.3749,0.0000
5669,3.2554,155.3426,0.0000
5670,3.2935,155.3102,0.0000
5671,3.3317,155.2778,0.0000
5672,3.3698,155.2455,0.0000
5673,3.4079,155.2131,0.0000
5674,3.4460,155.1808,0.0000
5675,3.4841,155.1484,0.0000
5676,3.5222,155.1160,0.0000
5677,3.5604,155.0837,0.0000
5678,3.5985,155.0513,0.0000
5679,3.6366,155.0190,0.0000
5680,3.6747,154.9866,0.0000
5681,3.7128,154.9542,0.0000
5682,3.7509,154.9219,0.0000
5683,3.7890,154.8895,0.0000
5684,3.8272,154.8571,0.0000
5685,3.8653,154.8248,0.0000
5686,3.9034,154.7924,0.0000
5687,3.9415,154.7601,0.0000
5688,3.9796,154.7277,0.0000
5689,4.0177,154.6953,0.0000
5690,4.0558,154.6630,0.0000
5691,4.0940,154.6306,0.0000
5692,4.1321,154.5983,0.0000
5693,4.1702,154.5659,0.0000
5694,4.2083,154.5335,0.0000
5695,4.2464,154.5012,0.0000
5696,4.2845,154.4688,0.0000
5697,4.3227,154.4365,0.0000
5698,4.3608,154.4041,0.0000
5699,4.3989,154.3717,0.0000
5700,4.4370,154.3394,0.0000
5701,4.4751,154.3070,0.0000
5702,4.5132,154.2746,0.0000
5703,4.5513,154.2423,0.0000
5704,4.5895,154.2099,0.0000
5705,4.6276,154.1776,0.0000
5706,4.6657,154.1452,0.0000
5707,4.7038,154.1128,0.0000
5708,4.7419,154.0805,0.0000
5709,4.7800,154.0481,0.0000
5710,4.8182,154.0158,0.0000
5711,4.8563,153.9834,0.0000
5712,4.8944,153.9510,0.0000
5713,4.9325,153.9187,0.0000
5714,4.9706,153.8863,0.0000
5715,5.0087,153.8540,0.0000
5716,5.0468,153.8216,0.0000
5717,5.0850,153.7892,0.0000
5718,5.1231,153.7569,0.0000
5719,5.1612,153.7245,0.0000
5720,5.1993,153.6921,0.0000
5721,5.2374,153.6598,0.0000
5722,5.2755,153.6274,0.0000
5723,5.3136,153.5951,0.0000
5724,5.3518,153.5627,0.0000
5725,5.3899,153.5303,0.0000
5726,5.4280,153.4980,0.0000
5727,5.4661,153.4656,0.0000
5728,5.5042,153.4333,0.0000
5729,5.5423,153.4009,0.0000
5730,5.5805,153.3685,0.0000
5731,5.6186,153.3362,0.0000
5732,5.6567,153.3038,0.0000
5733,5.6948,153.2715,0.0000
5734,5.7329,153.2391,0.0000
5735,5.7710,153.2067,0.0000
5736,5.8091,153.1744,0.0000
5737,5.8473,153.1420,0.0000
5738,5.8854,153.1096,0.0000
5739,5.9235,153.0773,0.0000
5740,5.9616,153.0449,0.0000
5741,5.9997,153.0126,0.0000
5742,6.0378,152.9802,0.0000
5743,6.0760,152.9478,0.0000
5744,6.1141,152.9155,0.0000
5745,6.1522,152.8831,0.0000
5746,6.1903,152.8508,0.0000
5747,6.2284,152.8184,0.0000
5748,6.2665,152.7860,0.0000
5749,6.3046,152.7537,0.0000
5750,6.3428,152.7213,0.0000
5751,6.3809,152.6890,0.0000
5752,6.4190,152.6566,0.0000
5753,6.4571,152.6242,0.0000
5754,6.4952,152.5919,0.0000
5755,6.5333,152.5595,0.0000
5756,6.5714,152.5272,0.0000
5757,6.6096,152.4948,0.0000
5758,6.6477,152.4624,0.0000
5759,6.6858,152.4301,0.0000
5760,6.7239,152.3977,0.0000
5761,6.7620,152.3653,0.0000
5762,6.8001,152.3330,0.0000
5763,6.8383,152.3006,0.0000
5764,6.8764,152.2683,0.0000
5765,6.9145,152.2359,0.0000
5766,6.9526,152.2035,0.0000
5767,6.9907,152.1712,0.0000
5768,7.0288,152.1388,0.0000
5769,7.0669,152.1065,0.0000
5770,7.1051,152.0741,0.0000
5771,7.1432,152.0417,0.0000
5772,7.1813,152.0094,0.0000
5773,7.2194,151.9770,0.0000
5774,7.2575,151.9447,0.0000
5775,7.2956,151.9123,0.0000
5776,7.3337,151.8799,0.0000
5777,7.3719,151.8476,0.0000
5778,7.4100,151.8152,0.0000
5779,7.4481,151.7828,0.0000
5780,7.4862,151.7505,0.0000
5781,7.5243,151.7181,0.0000
5782,7.5624,151.6858,0.0000
5783,7.6006,151.6534,0.0000
5784,7.6387,151.6210,0.0000
5785,7.6768,151.5887,0.0000
5786,7.7149,151.5563,0.0000
5787,7.7530,151.5240,0.0000
5788,7.7911,151.4916,0.0000
5789,7.8292,151.4592,0.0000
5790,7.8674,151.4269,0.0000
5791,7.9055,151.3945,0.0000
5792,7.9436,151.3622,0.0000
5793,7.9817,151.3298,0.0000
5794,8.0198,151.2974,0.0000
5795,8.0579,151.2651,0.0000
5796,8.0961,151.2327,0.0000
5797,8.1342,151.2003,0.0000
5798,8.1723,151.1680,0.0000
5799,8.2104,151.1356,0.0000
5800,8.2485,151.1033,0.0000
5801,8.2866,151.0709,0.0000
5802,8.3247,151.0385,0.0000
5803,8.3629,151.0062,0.0000
5804,8.4010,150.9738,0.0000
5805,8.4391,150.9415,0.0000
5806,8.4772,150.9091,0.0000
5807,8.5153,150.8767,0.0000
5808,8.5534,150.8444,0.0000
5809,8.5915,150.8120,0.0000
5810,8.6297,150.7797,0.0000
5811,8.6678,150.7473,0.0000
5812,8.7059,150.7149,0.0000
5813,8.7440,150.6826,0.0000
5814,8.7821,150.6502,0.0000
5815,8.8202,150.6178,0.0000
5816,8.8584,150.5855,0.0000
5817,8.8965,150.5531,0.0000
5818,8.9346,150.5208,0.0000
5819,8.9727,150.4884,0.0000
5820,9.0108,150.4560,0.0000
5821,9.0489,150.4237,0.0000
5822,9.0870,150.3913,0.0000
5823,9.1252,150.3590,0.0000
5824,9.1633,150.3266,0.0000
5825,9.2014,150.2942,0.0000
5826,9.2395,150.2619,0.0000
5827,9.2776,150.2295,0.0000
5828,9.3157,150.1972,0.0000
5829,9.3539,150.1648,0.0000
5830,9.3920,150.1324,0.0000
5831,9.4301,150.1001,0.0000
5832,9.4682,150.0677,0.0000
5833,9.5063,150.0354,0.0000
5834,9.5444,150.0030,0.0000
5835,9.5825,149.9706,0.0000
5836,9.6207,149.9383,0.0000
5837,9.6588,149.9059,0.0000
5838,9.6969,149.8735,0.0000
5839,9.7350,149.8412,0.0000
5840,9.7731,149.8088,0.0000
5841,9.8112,149.7765,0.0000
5842,9.8493,149.7441,0.0000
5843,9.8875,149.7117,0.0000
5844,9.9256,149.6794,0.0000
5845,9.9637,149.6470,0.0000
5846,10.0018,149.6147,0.0000
5847,10.0399,149.5823,0.0000
5848,10.0780,149.5499,0.0000
5849,10.1162,149.5176,0.0000
5850,10.1543,149.4852,0.0000
5851,10.1924,149.4529,0.0000
5852,10.2305,149.4205,0.0000
5853,10.2686,149.3881,0.0000
5854,10.3067,149.3558,0.0000
5855,10.3448,149.3234,0.0000
5856,10.3830,149.2910,0.0000
5857,10.4211,149.2587,0.0000
5858,10.4592,149.2263,0.0000
5859,10.4973,149.1940,0.0000
5860,10.5354,149.1616,0.0000
5861,10.5735,149.1292,0.0000
5862,10.6117,149.0969,0.0000
5863,10.6498,149.0645,0.0000
5864,10.6879,149.0322,0.0000
5865,10.7260,148.9998,0.0000
5866,10.7641,148.9674,0.0000
5867,10.8022,148.9351,0.0000
5868,10.8403,148.9027,0.0000
5869,10.8785,148.8704,0.0000
5870,10.9166,148.8380,0.0000
5871,10.9547,148.8056,0.0000
5872,10.9928,148.7733,0.0000
5873,11.0309,148.7409,0.0000
5874,11.0690,148.7085,0.0000
5875,11.1071,148.6762,0.0000
5876,11.1453,148.6438,0.0000
5877,11.1834,148.6115,0.0000
5878,11.2215,148.5791,0.0000
5879,11.2596,148.5467,0.0000
5880,11.2977,148.5144,0.0000
5881,11.3358,148.4820,0.0000
5882,11.3740,148.4497,0.0000
5883,11.4121,148.4173,0.0000
5884,11.4502,148.3849,0.0000
5885,11.4883,148.3526,0.0000
5886,11.5264,148.3202,0.0000
5887,11.5645,148.2879,0.0000
5888,11.6026,148.2555,0.0000
5889,11.6408,148.2231,0.0000
5890,11.6789,148.1908,0.0000
5891,11.7170,148.1584,0.0000
5892,11.7551,148.1260,0.0000
5893,11.7932,148.0937,0.0000
5894,11.8313,148.0613,0.0000
5895,11.8694,148.0290,0.0000
5896,11.9076,147.9966,0.0000
5897,11.9457,147.9642,0.0000
5898,11.9838,147.9319,0.0000
5899,12.0219,147.8995,0.0000
5900,12.0600,147.8672,0.0000
5901,12.0981,147.8348,0.0000
5902,12.1363,147.8024,0.0000
5903,12.1744,147.7701,0.0000
5904,12.2125,147.7377,0.0000
5905,12.2506,147.7054,0.0000
5906,12.2887,147.6730,0.0000
5907,12.3268,147.6406,0.0000
5908,12.3649,147.6083,0.0000
5909,12.4031,147.5759,0.0000
5910,12.4412,147.5435,0.0000
5911,12.4793,147.5112,0.0000
5912,12.5174,147.4788,0.0000
5913,12.5555,147.4465,0.0000
5914,12.5936,147.4141,0.0000
5915,12.6318,147.3817,0.0000
5916,12.6699,147.3494,0.0000
5917,12.7080,147.3170,0.0000
5918,12.7461,147.2847,0.0000
5919,12.7842,147.2523,0.0000
5920,12.8223,147.2199,0.0000
5921,12.8604,147.1876,0.0000
5922,12.8986,147.1552,0.0000
5923,12.9367,147.1229,0.0000
5924,12.9748,147.0905,0.0000
5925,13.0129,147.0581,0.0000
5926,13.0510,147.0258,0.0000
5927,13.0891,146.9934,0.0000
5928,13.1272,146.9611,0.0000
5929,13.1654,146.9287,0.0000
5930,13.2035,146.8963,0.0000
5931,13.2416,146.8640,0.0000
5932,13.2797,146.8316,0.0000
5933,13.3178,146.7992,0.0000
5934,13.3559,146.7669,0.0000
5935,13.3941,146.7345,0.0000
5936,13.4322,146.7022,0.0000
5937,13.4703,146.6698,0.0000
5938,13.5084,146.6374,0.0000
5939,13.5465,146.6051,0.0000
5940,13.5846,146.5727,0.0000
5941,13.6227,146.5404,0.0000
5942,13.6609,146.5080,0.0000
5943,13.6990,146.4756,0.0000
5944,13.7371,146.4433,0.0000
5945,13.7752,146.4109,0.0000
5946,13.8133,146.3786,0.0000
5947,13.8514,146.3462,0.0000
5948,13.8896,146.3138,0.0000
5949,13.9277,146.2815,0.0000
5950,13.9658,146.2491,0.0000
5951,14.0039,146.2167,0.0000
5952,14.0420,146.1844,0.0000
5953,14.0801,146.1520,0.0000
5954,14.1182,146.1197,0.0000
5955,14.1564,146.0873,0.0000
5956,14.1945,146.0549,0.0000
5957,14.2326,146.0226,0.0000
5958,14.2707,145.9902,0.0000
5959,14.3088,145.9579,0.0000
5960,14.3469,145.9255,0.0000
5961,14.3850,145.8931,0.0000
5962,14.4232,145.8608,0.0000
5963,14.4613,145.8284,0.0000
5964,14.4994,145.7961,0.0000
5965,14.5375,145.7637,0.0000
5966,14.5756,145.7313,0.0000
5967,14.6137,145.6990,0.0000
5968,14.6519,145.6666,0.0000
5969,14.6900,145.6342,0.0000
5970,14.7281,145.6019,0.0000
5971,14.7662,145.5695,0.0000
5972,14.8043,145.5372,0.0000
5973,14.8424,145.5048,0.0000
5974,14.8805,145.4724,0.0000
5975,14.9187,145.4401,0.0000
5976,14.9568,145.4077,0.0000
5977,14.9949,145.3754,0.0000
5978,15.0330,145.3430,0.0000
5979,15.0711,145.3106,0.0000
5980,15.1092,145.2783,0.0000
5981,15.1474,145.2459,0.0000
5982,15.1855,145.2136,0.0000
5983,15.2236,145.1812,0.0000
5984,15.2617,145.1488,0.0000
5985,15.2998,145.1165,0.0000
5986,15.3379,145.0841,0.0000
5987,15.3760,145.0517,0.0000
5988,15.4142,145.0194,0.0000
5989,15.4523,144.9870,0.0000
5990,15.4904,144.9547,0.0000
5991,15.5285,144.9223,0.0000
5992,15.5666,144.8899,0.0000
5993,15.6047,144.8576,0.0000
5994,15.6428,144.8252,0.0000
5995,15.6810,144.7929,0.0000
5996,15.7191,144.7605,0.0000
5997,15.7572,144.7281,0.0000
5998,15.7953,144.6958,0.0000
5999,15.8334,144.6634,0.0000
6000,15.8715,144.6311,0.0000
6001,15.9097,144.5987,0.0000
6002,15.9478,144.5663,0.0000
6003,15.9859,144.5340,0.0000
6004,16.0240,144.5016,0.0000
6005,16.0621,144.4693,0.0000
6006,16.1002,144.4369,0.0000
6007,16.1383,144.4045,0.0000
6008,16.1765,144.3722,0.0000
6009,16.2146,144.3398,0.0000
6010,16.2527,144.3074,0.0000
6011,16.2908,144.2751,0.0000
6012,16.3289,144.2427,0.0000
6013,16.3670,144.2104,0.0000
6014,16.4051,144.1780,0.0000
6015,16.4433,144.1456,0.0000
6016,16.4814,144.1133,0.0000
6017,16.5195,144.0809,0.0000
6018,16.5576,144.0486,0.0000
6019,16.5957,144.0162,0.0000
6020,16.6338,143.9838,0.0000
6021,16.6720,143.9515,0.0000
6022,16.7101,143.9191,0.0000
6023,16.7482,143.8868,0.0000
6024,16.7863,143.8544,0.0000
6025,16.8244,143.8220,0.0000
6026,16.8625,143.7897,0.0000
6027,16.9006,143.7573,0.0000
6028,16.9388,143.7249,0.0000
6029,16.9769,143.6926,0.0000
6030,17.0150,143.6602,0.0000
6031,17.0531,143.6279,0.0000
6032,17.0912,143.5955,0.0000
6033,17.1293,143.5631,0.0000
6034,17.1675,143.5308,0.0000
6035,17.2056,143.4984,0.0000
6036,17.2437,143.4661,0.0000
6037,17.2818,143.4337,0.0000
6038,17.3199,143.4013,0.0000
6039,17.3580,143.3690,0.0000
6040,17.3961,143.3366,0.0000
6041,17.4343,143.3043,0.0000
6042,17.4724,143.2719,0.0000
6043,17.5105,143.2395,0.0000
6044,17.5486,143.2072,0.0000
6045,17.5867,143.1748,0.0000
6046,17.6248,143.1424,0.0000
6047,17.6629,143.1101,0.0000
6048,17.7011,143.0777,0.0000
6049,17.7392,143.0454,0.0000
6050,17.7773,143.0130,0.0000
6051,17.8154,142.9806,0.0000
6052,17.8535,142.9483,0.0000
6053,17.8916,142.9159,0.0000
6054,17.9298,142.8836,0.0000
6055,17.9679,142.8512,0.0000
6056,18.0060,142.8188,0.0000
6057,18.0441,142.7865,0.0000
6058,18.0822,142.7541,0.0000
6059,18.1203,142.7218,0.0000
6060,18.1584,142.6894,0.0000
6061,18.1966,142.6570,0.0000
6062,18.2347,142.6247,0.0000
6063,18.2728,142.5923,0.0000
6064,18.3109,142.5599,0.0000
6065,18.3490,142.5276,0.0000
6066,18.3871,142.4952,0.0000
6067,18.4253,142.4629,0.0000
6068,18.4634,142.4305,0.0000
6069,18.5015,142.3981,0.0000
6070,18.5396,142.3658,0.0000
6071,18.5777,142.3334,0.0000
6072,18.6158,142.3011,0.0000
6073,18.6539,142.2687,0.0000
6074,18.6921,142.2363,0.0000
6075,18.7302,142.2040,0.0000
6076,18.7683,142.1716,0.0000
6077,18.8064,142.1393,0.0000
6078,18.8445,142.1069,0.0000
6079,18.8826,142.0745,0.0000
6080,18.9207,142.0422,0.0000
6081,18.9589,142.0098,0.0000
6082,18.9970,141.9774,0.0000
6083,19.0351,141.9451,0.0000
6084,19.0732,141.9127,0.0000
6085,19.1113,141.8804,0.0000
6086,19.1494,141.8480,0.0000
6087,19.1876,141.8156,0.0000
6088,19.2257,141.7833,0.0000
6089,19.2638,141.7509,0.0000
6090,19.3019,141.7186,0.0000
6091,19.3400,141.6862,0.0000
6092,19.3781,141.6538,0.0000
6093,19.4162,141.6215,0.0000
6094,19.4544,141.5891,0.0000
6095,19.4925,141.5568,0.0000
6096,19.5306,141.5244,0.0000
6097,19.5687,141.4920,0.0000
6098,19.6068,141.4597,0.0000
6099,19.6449,141.4273,0.0000
6100,19.6831,141.3950,0.0000
6101,19.7212,141.3626,0.0000
6102,19.7593,141.3302,0.0000
6103,19.7974,141.2979,0.0000
6104,19.8355,141.2655,0.0000
6105,19.8736,141.2331,0.0000
6106,19.9117,141.2008,0.0000
6107,19.9499,141.1684,0.0000
6108,19.9880,141.1361,0.0000
6109,20.0261,141.1037,0.0000
6110,20.0642,141.0713,0.0000
6111,20.1023,141.0390,0.0000
6112,20.1404,141.0066,0.0000
6113,20.1785,140.9743,0.0000
6114,20.2167,140.9419,0.0000
6115,20.2548,140.9095,0.0000
6116,20.2929,140.8772,0.0000
6117,20.3310,140.8448,0.0000
6118,20.3691,140.8125,0.0000
6119,20.4072,140.7801,0.0000
6120,20.4454,140.7477,0.0000
6121,20.4835,140.7154,0.0000
6122,20.5216,140.6830,0.0000
6123,20.5597,140.6506,0.0000
6124,20.5978,140.6183,0.0000
6125,20.6359,140.5859,0.0000
6126,20.6740,140.5536,0.0000
6127,20.7122,140.5212,0.0000
6128,20.7503,140.4888,0.0000
6129,20.7884,140.4565,0.0000
6130,20.8265,140.4241,0.0000
6131,20.8646,140.3918,0.0000
6132,20.9027,140.3594,0.0000
6133,20.9408,140.3270,0.0000
6134,20.9790,140.2947,0.0000
6135,21.0171,140.2623,0.0000
6136,21.0552,140.2300,0.0000
6137,21.0933,140.1976,0.0000
6138,21.1314,140.1652,0.0000
6139,21.1695,140.1329,0.0000
6140,21.2077,140.1005,0.0000
6141,21.2458,140.0681,0.0000
6142,21.2839,140.0358,0.0000
6143,21.3220,140.0034,0.0000
6144,21.3601,139.9711,0.0000
6145,21.3982,139.9387,0.0000
6146,21.4363,139.9063,0.0000
6147,21.4745,139.8740,0.0000
6148,21.5126,139.8416,0.0000
6149,21.5507,139.8093,0.0000
6150,21.5888,139.7769,0.0000
6151,21.6269,139.7445,0.0000
6152,21.6650,139.7122,0.0000
6153,21.7032,139.6798,0.0000
6154,21.7413,139.6475,0.0000
6155,21.7794,139.6151,0.0000
6156,21.8175,139.5827,0.0000
6157,21.8556,139.5504,0.0000
6158,21.8937,139.5180,0.0000
6159,21.9318,139.4856,0.0000
6160,21.9700,139.4533,0.0000
6161,22.0081,139.4209,0.0000
6162,22.0462,139.3886,0.0000
6163,22.0843,139.3562,0.0000
6164,22.1224,139.3238,0.0000
6165,22.1605,139.2915,0.0000
6166,22.1986,139.2591,0.0000
6167,22.2368,139.2268,0.0000
6168,22.2749,139.1944,0.0000
6169,22.3130,139.1620,0.0000
6170,22.3511,139.1297,0.0000
6171,22.3892,139.0973,0.0000
6172,22.4273,139.0650,0.0000
6173,22.4655,139.0326,0.0000
6174,22.5036,139.0002,0.0000
6175,22.5417,138.9679,0.0000
6176,22.5798,138.9355,0.0000
6177,22.6179,138.9032,0.0000
6178,22.6560,138.8708,0.0000
6179,22.6941,138.8384,0.0000
6180,22.7323,138.8061,0.0000
6181,22.7704,138.7737,0.0000
6182,22.8085,138.7413,0.0000
6183,22.8466,138.7090,0.0000
6184,22.8847,138.6766,0.0000
6185,22.9228,138.6443,0.0000
6186,22.9610,138.6119,0.0000
6187,22.9991,138.5795,0.0000
6188,23.0372,138.5472,0.0000
6189,23.0753,138.5148,0.0000
6190,23.1134,138.4825,0.0000
6191,23.1515,138.4501,0.0000
6192,23.1896,138.4177,0.0000
6193,23.2278,138.3854,0.0000
6194,23.2659,138.3530,0.0000
6195,23.3040,138.3207,0.0000
6196,23.3421,138.2883,0.0000
6197,23.3802,138.2559,0.0000
6198,23.4183,138.2236,0.0000
6199,23.4564,138.1912,0.0000
6200,23.4946,138.1588,0.0000
6201,23.5327,138.1265,0.0000
6202,23.5708,138.0941,0.0000
6203,23.6089,138.0618,0.0000
6204,23.6470,138.0294,0.0000
6205,23.6851,137.9970,0.0000
6206,23.7233,137.9647,0.0000
6207,23.7614,137.9323,0.0000
6208,23.7995,137.9000,0.0000
6209,23.8376,137.8676,0.0000
6210,23.8757,137.8352,0.0000
6211,23.9138,137.8029,0.0000
6212,23.9519,137.7705,0.0000
6213,23.9901,137.7382,0.0000
6214,24.0282,137.7058,0.0000
6215,24.0663,137.6734,0.0000
6216,24.1044,137.6411,0.0000
6217,24.1425,137.6087,0.0000
6218,24.1806,137.5763,0.0000
6219,24.2188,137.5440,0.0000
6220,24.2569,137.5116,0.0000
6221,24.2950,137.4793,0.0000
6222,24.3331,137.4469,0.0000
6223,24.3712,137.4145,0.0000
6224,24.4093,137.3822,0.0000
6225,24.4474,137.3498,0.0000
6226,24.4856,137.3175,0.0000
6227,24.5237,137.2851,0.0000
6228,24.5618,137.2527,0.0000
6229,24.5999,137.2204,0.0000
6230,24.6380,137.1880,0.0000
6231,24.6761,137.1557,0.0000
6232,24.7142,137.1233,0.0000
6233,24.7524,137.0909,0.0000
6234,24.7905,137.0586,0.0000
6235,24.8286,137.0262,0.0000
6236,24.8667,136.9938,0.0000
6237,24.9048,136.9615,0.0000
6238,24.9429,136.9291,0.0000
6239,24.9811,136.8968,0.0000
6240,25.0192,136.8644,0.0000
6241,25.0573,136.8320,0.0000
6242,25.0954,136.7997,0.0000
6243,25.1335,136.7673,0.0000
6244,25.1716,136.7350,0.0000
6245,25.2097,136.7026,0.0000
6246,25.2479,136.6702,0.0000
6247,25.2860,136.6379,0.0000
6248,25.3241,136.6055,0.0000
6249,25.3622,136.5732,0.0000
6250,25.4003,136.5408,0.0000
6251,25.4384,136.5084,0.0000
6252,25.4765,136.4761,0.0000
6253,25.5147,136.4437,0.0000
6254,25.5528,136.4114,0.0000
6255,25.5909,136.3790,0.0000
6256,25.6290,136.3466,0.0000
6257,25.6671,136.3143,0.0000
6258,25.7052,136.2819,0.0000
6259,25.7434,136.2495,0.0000
6260,25.7815,136.2172,0.0000
6261,25.8196,136.1848,0.0000
6262,25.8577,136.1525,0.0000
6263,25.8958,136.1201,0.0000
6264,25.9339,136.0877,0.0000
6265,25.9720,136.0554,0.0000
6266,26.0102,136.0230,0.0000
6267,26.0483,135.9907,0.0000
6268,26.0864,135.9583,0.0000
6269,26.1245,135.9259,0.0000
6270,26.1626,135.8936,0.0000
6271,26.2007,135.8612,0.0000
6272,26.2389,135.8289,0.0000
6273,26.2770,135.7965,0.0000
6274,26.3151,135.7641,0.0000
6275,26.3532,135.7318,0.0000
6276,26.3913,135.6994,0.0000
6277,26.4294,135.6670,0.0000
6278,26.4675,135.6347,0.0000
6279,26.5057,135.6023,0.0000
6280,26.5438,135.5700,0.0000
6281,26.5819,135.5376,0.0000
6282,26.6200,135.5052,0.0000
6283,26.6581,135.4729,0.0000
6284,26.6962,135.4405,0.0000
6285,26.7343,135.4082,0.0000
6286,26.7725,135.3758,0.0000
6287,26.8106,135.3434,0.0000
6288,26.8487,135.3111,0.0000
6289,26.8868,135.2787,0.0000
6290,26.9249,135.2464,0.0000
6291,26.9630,135.2140,0.0000
6292,27.0012,135.1816,0.0000
6293,27.0393,135.1493,0.0000
6294,27.0774,135.1169,0.0000
6295,27.1155,135.0845,0.0000
6296,27.1536,135.0522,0.0000
6297,27.1917,135.0198,0.0000
6298,27.2298,134.9875,0.0000
6299,27.2680,134.9551,0.0000
6300,27.3061,134.9227,0.0000
6301,27.3442,134.8904,0.0000
6302,27.3823,134.8580,0.0000
6303,27.4204,134.8257,0.0000
6304,27.4585,134.7933,0.0000
6305,27.4967,134.7609,0.0000
6306,27.5348,134.7286,0.0000
6307,27.5729,134.6962,0.0000
6308,27.6110,134.6639,0.0000
6309,27.6491,134.6315,0.0000
6310,27.6872,134.5991,0.0000
6311,27.7253,134.5668,0.0000
6312,27.7635,134.5344,0.0000
6313,27.8016,134.5020,0.0000
6314,27.8397,134.4697,0.0000
6315,27.8778,134.4373,0.0000
6316,27.9159,134.4050,0.0000
6317,27.9540,134.3726,0.0000
6318,27.9921,134.3402,0.0000
6319,28.0303,134.3079,0.0000
6320,28.0684,134.2755,0.0000
6321,28.1065,134.2432,0.0000
6322,28.1446,134.2108,0.0000
6323,28.1827,134.1784,0.0000
6324,28.2208,134.1461,0.0000
6325,28.2590,134.1137,0.0000
6326,28.2971,134.0814,0.0000
6327,28.3352,134.0490,0.0000
6328,28.3733,134.0166,0.0000
6329,28.4114,133.9843,0.0000
6330,28.4495,133.9519,0.0000
6331,28.4876,133.9195,0.0000
6332,28.5258,133.8872,0.0000
6333,28.5639,133.8548,0.0000
6334,28.6020,133.8225,0.0000
6335,28.6401,133.7901,0.0000
6336,28.6782,133.7577,0.0000
6337,28.7163,133.7254,0.0000
6338,28.7545,133.6930,0.0000
6339,28.7926,133.6607,0.0000
6340,28.8307,133.6283,0.0000
6341,28.8688,133.5959,0.0000
6342,28.9069,133.5636,0.0000
6343,28.9450,133.5312,0.0000
6344,28.9831,133.4989,0.0000
6345,29.0213,133.4665,0.0000
6346,29.0594,133.4341,0.0000
6347,29.0975,133.4018,0.0000
6348,29.1356,133.3694,0.0000
6349,29.1737,133.3371,0.0000
6350,29.2118,133.3047,0.0000
6351,29.2499,133.2723,0.0000
6352,29.2881,133.2400,0.0000
6353,29.3262,133.2076,0.0000
6354,29.3643,133.1752,0.0000
6355,29.4024,133.1429,0.0000
6356,29.4405,133.1105,0.0000
6357,29.4786,133.0782,0.0000
6358,29.5168,133.0458,0.0000
6359,29.5549,133.0134,0.0000
6360,29.5930,132.9811,0.0000
6361,29.6311,132.9487,0.0000
6362,29.6692,132.9164,0.0000
6363,29.7073,132.8840,0.0000
6364,29.7454,132.8516,0.0000
6365,29.7836,132.8193,0.0000
6366,29.8217,132.7869,0.0000
6367,29.8598,132.7546,0.0000
6368,29.8979,132.7222,0.0000
6369,29.9360,132.6898,0.0000
6370,29.9741,132.6575,0.0000
6371,30.0122,132.6251,0.0000
6372,30.0504,132.5927,0.0000
6373,30.0885,132.5604,0.0000
6374,30.1266,132.5280,0.0000
6375,30.1647,132.4957,0.0000
6376,30.2028,132.4633,0.0000
6377,30.2409,132.4309,0.0000
6378,30.2791,132.3986,0.0000
6379,30.3172,132.3662,0.0000
6380,30.3553,132.3339,0.0000
6381,30.3934,132.3015,0.0000
6382,30.4315,132.2691,0.0000
6383,30.4696,132.2368,0.0000
6384,30.5077,132.2044,0.0000
6385,30.5459,132.1721,0.0000
6386,30.5840,132.1397,0.0000
6387,30.6221,132.1073,0.0000
6388,30.6602,132.0750,0.0000
6389,30.6983,132.0426,0.0000
6390,30.7364,132.0102,0.0000
6391,30.7746,131.9779,0.0000
6392,30.8127,131.9455,0.0000
6393,30.8508,131.9132,0.0000
6394,30.8889,131.8808,0.0000
6395,30.9270,131.8484,0.0000
6396,30.9651,131.8161,0.0000
6397,31.0032,131.7837,0.0000
6398,31.0414,131.7514,0.0000
6399,31.0795,131.7190,0.0000
6400,31.1176,131.6866,0.0000
6401,31.1557,131.6543,0.0000
6402,31.1938,131.6219,0.0000
6403,31.2319,131.5896,0.0000
6404,31.2700,131.5572,0.0000
6405,31.3082,131.5248,0.0000
6406,31.3463,131.4925,0.0000
6407,31.3844,131.4601,0.0000
6408,31.4225,131.4277,0.0000
6409,31.4606,131.3954,0.0000
6410,31.4987,131.3630,0.0000
6411,31.5369,131.3307,0.0000
6412,31.5750,131.2983,0.0000
6413,31.6131,131.2659,0.0000
6414,31.6512,131.2336,0.0000
6415,31.6893,131.2012,0.0000
6416,31.7274,131.1689,0.0000
6417,31.7655,131.1365,0.0000
6418,31.8037,131.1041,0.0000
6419,31.8418,131.0718,0.0000
6420,31.8799,131.0394,0.0000
6421,31.9180,131.0071,0.0000
6422,31.9561,130.9747,0.0000
6423,31.9942,130.9423,0.0000
6424,32.0324,130.9100,0.0000
6425,32.0705,130.8776,0.0000
6426,32.1086,130.8453,0.0000
6427,32.1467,130.8129,0.0000
6428,32.1848,130.7805,0.0000
6429,32.2229,130.7482,0.0000
6430,32.2610,130.7158,0.0000
6431,32.2992,130.6834,0.0000
6432,32.3373,130.6511,0.0000
6433,32.3754,130.6187,0.0000
6434,32.4135,130.5864,0.0000
6435,32.4516,130.5540,0.0000
6436,32.4897,130.5216,0.0000
6437,32.5278,130.4893,0.0000
6438,32.5660,130.4569,0.0000
6439,32.6041,130.4246,0.0000
6440,32.6422,130.3922,0.0000
6441,32.6803,130.3598,0.0000
6442,32.7184,130.3275,0.0000
6443,32.7565,130.2951,0.0000
6444,32.7947,130.2628,0.0000
6445,32.8328,130.2304,0.0000
6446,32.8709,130.1980,0.0000
6447,32.9090,130.1657,0.0000
6448,32.9471,130.1333,0.0000
6449,32.9852,130.1009,0.0000
6450,33.0233,130.0686,0.0000
6451,33.0615,130.0362,0.0000
6452,33.0996,130.0039,0.0000
6453,33.1377,129.9715,0.0000
6454,33.1758,129.9391,0.0000
6455,33.2139,129.9068,0.0000
6456,33.2520,129.8744,0.0000
6457,33.2901,129.8421,0.0000
6458,33.3283,129.8097,0.0000
6459,33.3664,129.7773,0.0000
6460,33.4045,129.7450,0.0000
6461,33.4426,129.7126,0.0000
6462,33.4807,129.6803,0.0000
6463,33.5188,129.6479,0.0000
6464,33.5570,129.6155,0.0000
6465,33.5951,129.5832,0.0000
6466,33.6332,129.5508,0.0000
6467,33.6713,129.5184,0.0000
6468,33.7094,129.4861,0.0000
6469,33.7475,129.4537,0.0000
6470,33.7856,129.4214,0.0000
6471,33.8238,129.3890,0.0000
6472,33.8619,129.3566,0.0000
6473,33.9000,129.3243,0.0000
6474,33.9381,129.2919,0.0000
6475,33.9762,129.2596,0.0000
6476,34.0143,129.2272,0.0000
6477,34.0525,129.1948,0.0000
6478,34.0906,129.1625,0.0000
6479,34.1287,129.1301,0.0000
6480,34.1668,129.0978,0.0000
6481,34.2049,129.0654,0.0000
6482,34.2430,129.0330,0.0000
6483,34.2811,129.0007,0.0000
6484,34.3193,128.9683,0.0000
6485,34.3574,128.9359,0.0000
6486,34.3955,128.9036,0.0000
6487,34.4336,128.8712,0.0000
6488,34.4717,128.8389,0.0000
6489,34.5098,128.8065,0.0000
6490,34.5479,128.7741,0.0000
6491,34.5861,128.7418,0.0000
6492,34.6242,128.7094,0.0000
6493,34.6623,128.6771,0.0000
6494,34.7004,128.6447,0.0000
6495,34.7385,128.6123,0.0000
6496,34.7766,128.5800,0.0000
6497,34.8148,128.5476,0.0000
6498,34.8529,128.5153,0.0000
6499,34.8910,128.4829,0.0000
6500,34.9291,128.4505,0.0000
6501,34.9672,128.4182,0.0000
6502,35.0053,128.3858,0.0000
6503,35.0434,128.3534,0.0000
6504,35.0816,128.3211,0.0000
6505,35.1197,128.2887,0.0000
6506,35.1578,128.2564,0.0000
6507,35.1959,128.2240,0.0000
6508,35.2340,128.1916,0.0000
6509,35.2721,128.1593,0.0000
6510,35.3103,128.1269,0.0000
6511,35.3484,128.0946,0.0000
6512,35.3865,128.0622,0.0000
6513,35.4246,128.0298,0.0000
6514,35.4627,127.9975,0.0000
6515,35.5008,127.9651,0.0000
6516,35.5389,127.9328,0.0000
6517,35.5771,127.9004,0.0000
6518,35.6152,127.8680,0.0000
6519,35.6533,127.8357,0.0000
6520,35.6914,127.8033,0.0000
6521,35.7295,127.7710,0.0000
6522,35.7676,127.7386,0.0000
6523,35.8057,127.7062,0.0000
6524,35.8439,127.6739,0.0000
6525,35.8820,127.6415,0.0000
6526,35.9201,127.6091,0.0000
6527,35.9582,127.5768,0.0000
6528,35.9963,127.5444,0.0000
6529,36.0344,127.5121,0.0000
6530,36.0726,127.4797,0.0000
6531,36.1107,127.4473,0.0000
6532,36.1488,127.4150,0.0000
6533,36.1869,127.3826,0.0000
6534,36.2250,127.3503,0.0000
6535,36.2631,127.3179,0.0000
6536,36.3012,127.2855,0.0000
6537,36.3394,127.2532,0.0000
6538,36.3775,127.2208,0.0000
6539,36.4156,127.1885,0.0000
6540,36.4537,127.1561,0.0000
6541,36.4918,127.1237,0.0000
6542,36.5299,127.0914,0.0000
6543,36.5681,127.0590,0.0000
6544,36.6062,127.0266,0.0000
6545,36.6443,126.9943,0.0000
6546,36.6824,126.9619,0.0000
6547,36.7205,126.9296,0.0000
6548,36.7586,126.8972,0.0000
6549,36.7967,126.8648,0.0000
6550,36.8349,126.8325,0.0000
6551,36.8730,126.8001,0.0000
6552,36.9111,126.7678,0.0000
6553,36.9492,126.7354,0.0000
6554,36.9873,126.7030,0.0000
6555,37.0254,126.6707,0.0000
6556,37.0635,126.6383,0.0000
6557,37.1017,126.6060,0.0000
6558,37.1398,126.5736,0.0000
6559,37.1779,126.5412,0.0000
6560,37.2160,126.5089,0.0000
6561,37.2541,126.4765,0.0000
6562,37.2922,126.4441,0.0000
6563,37.3304,126.4118,0.0000
6564,37.3685,126.3794,0.0000
6565,37.4066,126.3471,0.0000
6566,37.4447,126.3147,0.0000
6567,37.4828,126.2823,0.0000
6568,37.5209,126.2500,0.0000
6569,37.5590,126.2176,0.0000
6570,37.5972,126.1853,0.0000
6571,37.6353,126.1529,0.0000
6572,37.6734,126.1205,0.0000
6573,37.7115,126.0882,0.0000
6574,37.7496,126.0558,0.0000
6575,37.7877,126.0235,0.0000
6576,37.8258,125.9911,0.0000
6577,37.8640,125.9587,0.0000
6578,37.9021,125.9264,0.0000
6579,37.9402,125.8940,0.0000
6580,37.9783,125.8616,0.0000
6581,38.0164,125.8293,0.0000
6582,38.0545,125.7969,0.0000
6583,38.0927,125.7646,0.0000
6584,38.1308,125.7322,0.0000
6585,38.1689,125.6998,0.0000
6586,38.2070,125.6675,0.0000
6587,38.2451,125.6351,0.0000
6588,38.2832,125.6028,0.0000
6589,38.3213,125.5704,0.0000
6590,38.3595,125.5380,0.0000
6591,38.3976,125.5057,0.0000
6592,38.4357,125.4733,0.0000
6593,38.4738,125.4410,0.0000
6594,38.5119,125.4086,0.0000
6595,38.5500,125.3762,0.0000
6596,38.5882,125.3439,0.0000
6597,38.6263,125.3115,0.0000
6598,38.6644,125.2792,0.0000
6599,38.7025,125.2468,0.0000
6600,38.7406,125.2144,0.0000
6601,38.7787,125.1821,0.0000
6602,38.8168,125.1497,0.0000
6603,38.8550,125.1173,0.0000
6604,38.8931,125.0850,0.0000
6605,38.9312,125.0526,0.0000
6606,38.9693,125.0203,0.0000
6607,39.0074,124.9879,0.0000
6608,39.0455,124.9555,0.0000
6609,39.0836,124.9232,0.0000
6610,39.1218,124.8908,0.0000
6611,39.1599,124.8585,0.0000
6612,39.1980,124.8261,0.0000
6613,39.2361,124.7937,0.0000
6614,39.2742,124.7614,0.0000
6615,39.3123,124.7290,0.0000
6616,39.3505,124.6967,0.0000
6617,39.3886,124.6643,0.0000
6618,39.4267,124.6319,0.0000
6619,39.4648,124.5996,0.0000
6620,39.5029,124.5672,0.0000
6621,39.5410,124.5348,0.0000
6622,39.5791,124.5025,0.0000
6623,39.6173,124.4701,0.0000
6624,39.6554,124.4378,0.0000
6625,39.6935,124.4054,0.0000
6626,39.7316,124.3730,0.0000
6627,39.7697,124.3407,0.0000
6628,39.8078,124.3083,0.0000
6629,39.8460,124.2760,0.0000
6630,39.8841,124.2436,0.0000
6631,39.9222,124.2112,0.0000
6632,39.9603,124.1789,0.0000
6633,39.9984,124.1465,0.0000
6634,40.0365,124.1142,0.0000
6635,40.0746,124.0818,0.0000
6636,40.1128,124.0494,0.0000
6637,40.1509,124.0171,0.0000
6638,40.1890,123.9847,0.0000
6639,40.2271,123.9523,0.0000
6640,40.2652,123.9200,0.0000
6641,40.3033,123.8876,0.0000
6642,40.3414,123.8553,0.0000
6643,40.3796,123.8229,0.0000
6644,40.4177,123.7905,0.0000
6645,40.4558,123.7582,0.0000
6646,40.4939,123.7258,0.0000
6647,40.5320,123.6935,0.0000
6648,40.5701,123.6611,0.0000
6649,40.6083,123.6287,0.0000
6650,40.6464,123.5964,0.0000
6651,40.6845,123.5640,0.0000
6652,40.7226,123.5317,0.0000
6653,40.7607,123.4993,0.0000
6654,40.7988,123.4669,0.0000
6655,40.8369,123.4346,0.0000
6656,40.8751,123.4022,0.0000
6657,40.9132,123.3698,0.0000
6658,40.9513,123.3375,0.0000
6659,40.9894,123.3051,0.0000
6660,41.0275,123.2728,0.0000
6661,41.0656,123.2404,0.0000
6662,41.1038,123.2080,0.0000
6663,41.1419,123.1757,0.0000
6664,41.1800,123.1433,0.0000
6665,41.2181,123.1110,0.0000
6666,41.2562,123.0786,0.0000
6667,41.2943,123.0462,0.0000
6668,41.3324,123.0139,0.0000
6669,41.3706,122.9815,0.0000
6670,41.4087,122.9492,0.0000
6671,41.4468,122.9168,0.0000
6672,41.4849,122.8844,0.0000
6673,41.5230,122.8521,0.0000
6674,41.5611,122.8197,0.0000
6675,41.5992,122.7873,0.0000
6676,41.6374,122.7550,0.0000
6677,41.6755,122.7226,0.0000
6678,41.7136,122.6903,0.0000
6679,41.7517,122.6579,0.0000
6680,41.7898,122.6255,0.0000
6681,41.8279,122.5932,0.0000
6682,41.8661,122.5608,0.0000
6683,41.9042,122.5285,0.0000
6684,41.9423,122.4961,0.0000
6685,41.9804,122.4637,0.0000
6686,42.0185,122.4314,0.0000
6687,42.0566,122.3990,0.0000
6688,42.0947,122.3667,0.0000
6689,42.1329,122.3343,0.0000
6690,42.1710,122.3019,0.0000
6691,42.2091,122.2696,0.0000
6692,42.2472,122.2372,0.0000
6693,42.2853,122.2049,0.0000
6694,42.3234,122.1725,0.0000
6695,42.3615,122.1401,0.0000
6696,42.3997,122.1078,0.0000
6697,42.4378,122.0754,0.0000
6698,42.4759,122.0430,0.0000
6699,42.5140,122.0107,0.0000
6700,42.5521,121.9783,0.0000
6701,42.5902,121.9460,0.0000
6702,42.6284,121.9136,0.0000
6703,42.6665,121.8812,0.0000
6704,42.7046,121.8489,0.0000
6705,42.7427,121.8165,0.0000
6706,42.7808,121.7842,0.0000
6707,42.8189,121.7518,0.0000
6708,42.8570,121.7194,0.0000
6709,42.8952,121.6871,0.0000
6710,42.9333,121.6547,0.0000
6711,42.9714,121.6224,0.0000
6712,43.0095,121.5900,0.0000
6713,43.0476,121.5576,0.0000
6714,43.0857,121.5253,0.0000
6715,43.1239,121.4929,0.0000
6716,43.1620,121.4605,0.0000
6717,43.2001,121.4282,0.0000
6718,43.2382,121.3958,0.0000
6719,43.2763,121.3635,0.0000
6720,43.3144,121.3311,0.0000
6721,43.3525,121.2987,0.0000
6722,43.3907,121.2664,0.0000
6723,43.4288,121.2340,0.0000
6724,43.4669,121.2017,0.0000
6725,43.5050,121.1693,0.0000
6726,43.5431,121.1369,0.0000
6727,43.5812,121.1046,0.0000
6728,43.6193,121.0722,0.0000
6729,43.6575,121.0399,0.0000
6730,43.6956,121.0075,0.0000
6731,43.7337,120.9751,0.0000
6732,43.7718,120.9428,0.0000
6733,43.8099,120.9104,0.0000
6734,43.8480,120.8780,0.0000
6735,43.8862,120.8457,0.0000
6736,43.9243,120.8133,0.0000
6737,43.9624,120.7810,0.0000
6738,44.0005,120.7486,0.0000
6739,44.0386,120.7162,0.0000
6740,44.0767,120.6839,0.0000
6741,44.1148,120.6515,0.0000
6742,44.1530,120.6192,0.0000
6743,44.1911,120.5868,0.0000
6744,44.2292,120.5544,0.0000
6745,44.2673,120.5221,0.0000
6746,44.3054,120.4897,0.0000
6747,44.3435,120.4574,0.0000
6748,44.3817,120.4250,0.0000
6749,44.4198,120.3926,0.0000
6750,44.4579,120.3603,0.0000
6751,44.4960,120.3279,0.0000
6752,44.5341,120.2955,0.0000
6753,44.5722,120.2632,0.0000
6754,44.6103,120.2308,0.0000
6755,44.6485,120.1985,0.0000
6756,44.6866,120.1661,0.0000
6757,44.7247,120.1337,0.0000
6758,44.7628,120.1014,0.0000
6759,44.8009,120.0690,0.0000
6760,44.8390,120.0367,0.0000
6761,44.8771,120.0043,0.0000
6762,44.9153,119.9719,0.0000
6763,44.9534,119.9396,0.0000
6764,44.9915,119.9072,0.0000
6765,45.0296,119.8749,0.0000
6766,45.0677,119.8425,0.0000
6767,45.1058,119.8101,0.0000
6768,45.1440,119.7778,0.0000
6769,45.1821,119.7454,0.0000
6770,45.2202,119.7131,0.0000
6771,45.2583,119.6807,0.0000
6772,45.2964,119.6483,0.0000
6773,45.3345,119.6160,0.0000
6774,45.3726,119.5836,0.0000
6775,45.4108,119.5512,0.0000
6776,45.4489,119.5189,0.0000
6777,45.4870,119.4865,0.0000
6778,45.5251,119.4542,0.0000
6779,45.5632,119.4218,0.0000
6780,45.6013,119.3894,0.0000
6781,45.6395,119.3571,0.0000
6782,45.6776,119.3247,0.0000
6783,45.7157,119.2924,0.0000
6784,45.7538,119.2600,0.0000
6785,45.7919,119.2276,0.0000
6786,45.8300,119.1953,0.0000
6787,45.8681,119.1629,0.0000
6788,45.9063,119.1306,0.0000
6789,45.9444,119.0982,0.0000
6790,45.9825,119.0658,0.0000
6791,46.0206,119.0335,0.0000
6792,46.0587,119.0011,0.0000
6793,46.0968,118.9687,0.0000
6794,46.1349,118.9364,0.0000
6795,46.1731,118.9040,0.0000
6796,46.2112,118.8717,0.0000
6797,46.2493,118.8393,0.0000
6798,46.2874,118.8069,0.0000
6799,46.3255,118.7746,0.0000
6800,46.3636,118.7422,0.0000
6801,46.4018,118.7099,0.0000
6802,46.4399,118.6775,0.0000
6803,46.4780,118.6451,0.0000
6804,46.5161,118.6128,0.0000
6805,46.5542,118.5804,0.0000
6806,46.5923,118.5481,0.0000
6807,46.6304,118.5157,0.0000
6808,46.6686,118.4833,0.0000
6809,46.7067,118.4510,0.0000
6810,46.7448,118.4186,0.0000
6811,46.7829,118.3862,0.0000
6812,46.8210,118.3539,0.0000
6813,46.8591,118.3215,0.0000
6814,46.8972,118.2892,0.0000
6815,46.9354,118.2568,0.0000
6816,46.9735,118.2244,0.0000
6817,47.0116,118.1921,0.0000
6818,47.0497,118.1597,0.0000
6819,47.0878,118.1274,0.0000
6820,47.1259,118.0950,0.0000
6821,47.1641,118.0626,0.0000
6822,47.2022,118.0303,0.0000
6823,47.2403,117.9979,0.0000
6824,47.2784,117.9656,0.0000
6825,47.3165,117.9332,0.0000
6826,47.3546,117.9008,0.0000
6827,47.3927,117.8685,0.0000
6828,47.4309,117.8361,0.0000
6829,47.4690,117.8037,0.0000
6830,47.5071,117.7714,0.0000
6831,47.5452,117.7390,0.0000
6832,47.5833,117.7067,0.0000
6833,47.6214,117.6743,0.0000
6834,47.6596,117.6419,0.0000
6835,47.6977,117.6096,0.0000
6836,47.7358,117.5772,0.0000
6837,47.7739,117.5449,0.0000
6838,47.8120,117.5125,0.0000
6839,47.8501,117.4801,0.0000
6840,47.8882,117.4478,0.0000
6841,47.9264,117.4154,0.0000
6842,47.9645,117.3831,0.0000
6843,48.0026,117.3507,0.0000
6844,48.0407,117.3183,0.0000
6845,48.0788,117.2860,0.0000
6846,48.1169,117.2536,0.0000
6847,48.1550,117.2213,0.0000
6848,48.1932,117.1889,0.0000
6849,48.2313,117.1565,0.0000
6850,48.2694,117.1242,0.0000
6851,48.3075,117.0918,0.0000
6852,48.3456,117.0594,0.0000
6853,48.3837,117.0271,0.0000
6854,48.4219,116.9947,0.0000
6855,48.4600,116.9624,0.0000
6856,48.4981,116.9300,0.0000
6857,48.5362,116.8976,0.0000
6858,48.5743,116.8653,0.0000
6859,48.6124,116.8329,0.0000
6860,48.6505,116.8006,0.0000
6861,48.6887,116.7682,0.0000
6862,48.7268,116.7358,0.0000
6863,48.7649,116.7035,0.0000
6864,48.8030,116.6711,0.0000
6865,48.8411,116.6388,0.0000
6866,48.8792,116.6064,0.0000
6867,48.9174,116.5740,0.0000
6868,48.9555,116.5417,0.0000
6869,48.9936,116.5093,0.0000
6870,49.0317,116.4769,0.0000
6871,49.0698,116.4446,0.0000
6872,49.1079,116.4122,0.0000
6873,49.1460,116.3799,0.0000
6874,49.1842,116.3475,0.0000
6875,49.2223,116.3151,0.0000
6876,49.2604,116.2828,0.0000
6877,49.2985,116.2504,0.0000
6878,49.3366,116.2181,0.0000
6879,49.3747,116.1857,0.0000
6880,49.4128,116.1533,0.0000
6881,49.4510,116.1210,0.0000
6882,49.4891,116.0886,0.0000
6883,49.5272,116.0563,0.0000
6884,49.5653,116.0239,0.0000
6885,49.6034,115.9915,0.0000
6886,49.6415,115.9592,0.0000
6887,49.6797,115.9268,0.0000
6888,49.7178,115.8944,0.0000
6889,49.7559,115.8621,0.0000
6890,49.7940,115.8297,0.0000
6891,49.8321,115.7974,0.0000
6892,49.8702,115.7650,0.0000
6893,49.9083,115.7326,0.0000
6894,49.9465,115.7003,0.0000
6895,49.9846,115.6679,0.0000
6896,50.0227,115.6356,0.0000
6897,50.0608,115.6032,0.0000
6898,50.0989,115.5708,0.0000
6899,50.1370,115.5385,0.0000
6900,50.1752,115.5061,0.0000
6901,50.2133,115.4738,0.0000
6902,50.2514,115.4414,0.0000
6903,50.2895,115.4090,0.0000
6904,50.3276,115.3767,0.0000
6905,50.3657,115.3443,0.0000
6906,50.4038,115.3119,0.0000
6907,50.4420,115.2796,0.0000
6908,50.4801,115.2472,0.0000
6909,50.5182,115.2149,0.0000
6910,50.5563,115.1825,0.0000
6911,50.5944,115.1501,0.0000
6912,50.6325,115.1178,0.0000
6913,50.6706,115.0854,0.0000
6914,50.7088,115.0531,0.0000
6915,50.7469,115.0207,0.0000
6916,50.7850,114.9883,0.0000
6917,50.8231,114.9560,0.0000
6918,50.8612,114.9236,0.0000
6919,50.8993,114.8913,0.0000
6920,50.9375,114.8589,0.0000
6921,50.9756,114.8265,0.0000
6922,51.0137,114.7942,0.0000
6923,51.0518,114.7618,0.0000
6924,51.0899,114.7294,0.0000
6925,51.1280,114.6971,0.0000
6926,51.1661,114.6647,0.0000
6927,51.2043,114.6324,0.0000
6928,51.2424,114.6000,0.0000
6929,51.2805,114.5676,0.0000
6930,51.3186,114.5353,0.0000
6931,51.3567,114.5029,0.0000
6932,51.3948,114.4706,0.0000
6933,51.4329,114.4382,0.0000
6934,51.4711,114.4058,0.0000
6935,51.5092,114.3735,0.0000
6936,51.5473,114.3411,0.0000
6937,51.5854,114.3088,0.0000
6938,51.6235,114.2764,0.0000
6939,51.6616,114.2440,0.0000
6940,51.6998,114.2117,0.0000
6941,51.7379,114.1793,0.0000
6942,51.7760,114.1470,0.0000
6943,51.8141,114.1146,0.0000
6944,51.8522,114.0822,0.0000
6945,51.8903,114.0499,0.0000
6946,51.9284,114.0175,0.0000
6947,51.9666,113.9851,0.0000
6948,52.0047,113.9528,0.0000
6949,52.0428,113.9204,0.0000
6950,52.0809,113.8881,0.0000
6951,52.1190,113.8557,0.0000
6952,52.1571,113.8233,0.0000
6953,52.1953,113.7910,0.0000
6954,52.2334,113.7586,0.0000
6955,52.2715,113.7263,0.0000
6956,52.3096,113.6939,0.0000
6957,52.3477,113.6615,0.0000
6958,52.3858,113.6292,0.0000
6959,52.4239,113.5968,0.0000
6960,52.4621,113.5645,0.0000
6961,52.5002,113.5321,0.0000
6962,52.5383,113.4997,0.0000
6963,52.5764,113.4674,0.0000
6964,52.6145,113.4350,0.0000
6965,52.6526,113.4026,0.0000
6966,52.6907,113.3703,0.0000
6967,52.7289,113.3379,0.0000
6968,52.7670,113.3056,0.0000
6969,52.8051,113.2732,0.0000
6970,52.8432,113.2408,0.0000
6971,52.8813,113.2085,0.0000
6972,52.9194,113.1761,0.0000
6973,52.9576,113.1438,0.0000
6974,52.9957,113.1114,0.0000
6975,53.0338,113.0790,0.0000
6976,53.0719,113.0467,0.0000
6977,53.1100,113.0143,0.0000
6978,53.1481,112.9820,0.0000
6979,53.1862,112.9496,0.0000
6980,53.2244,112.9172,0.0000
6981,53.2625,112.8849,0.0000
6982,53.3006,112.8525,0.0000
6983,53.3387,112.8201,0.0000
6984,53.3768,112.7878,0.0000
6985,53.4149,112.7554,0.0000
6986,53.4531,112.7231,0.0000
6987,53.4912,112.6907,0.0000
6988,53.5293,112.6583,0.0000
6989,53.5674,112.6260,0.0000
6990,53.6055,112.5936,0.0000
6991,53.6436,112.5613,0.0000
6992,53.6817,112.5289,0.0000
6993,53.7199,112.4965,0.0000
6994,53.7580,112.4642,0.0000
6995,53.7961,112.4318,0.0000
6996,53.8342,112.3995,0.0000
6997,53.8723,112.3671,0.0000
6998,53.9104,112.3347,0.0000
6999,53.9485,112.3024,0.0000
7000,53.9867,112.2700,0.0000
7001,54.0248,112.2376,0.0000
7002,54.0629,112.2053,0.0000
7003,54.1010,112.1729,0.0000
7004,54.1391,112.1406,0.0000
7005,54.1772,112.1082,0.0000
7006,54.2154,112.0758,0.0000
7007,54.2535,112.0435,0.0000
7008,54.2916,112.0111,0.0000
7009,54.3297,111.9788,0.0000
7010,54.3678,111.9464,0.0000
7011,54.4059,111.9140,0.0000
7012,54.4440,111.8817,0.0000
7013,54.4822,111.8493,0.0000
7014,54.5203,111.8170,0.0000
7015,54.5584,111.7846,0.0000
7016,54.5965,111.7522,0.0000
7017,54.6346,111.7199,0.0000
7018,54.6727,111.6875,0.0000
7019,54.7108,111.6552,0.0000
7020,54.7490,111.6228,0.0000
7021,54.7871,111.5904,0.0000
7022,54.8252,111.5581,0.0000
7023,54.8633,111.5257,0.0000
7024,54.9014,111.4933,0.0000
7025,54.9395,111.4610,0.0000
7026,54.9777,111.4286,0.0000
7027,55.0158,111.3963,0.0000
7028,55.0539,111.3639,0.0000
7029,55.0920,111.3315,0.0000
7030,55.1301,111.2992,0.0000
7031,55.1682,111.2668,0.0000
7032,55.2063,111.2345,0.0000
7033,55.2445,111.2021,0.0000
7034,55.2826,111.1697,0.0000
7035,55.3207,111.1374,0.0000
7036,55.3588,111.1050,0.0000
7037,55.3969,111.0727,0.0000
7038,55.4350,111.0403,0.0000
7039,55.4732,111.0079,0.0000
7040,55.5113,110.9756,0.0000
7041,55.5494,110.9432,0.0000
7042,55.5875,110.9108,0.0000
7043,55.6256,110.8785,0.0000
7044,55.6637,110.8461,0.0000
7045,55.7018,110.8138,0.0000
7046,55.7400,110.7814,0.0000
7047,55.7781,110.7490,0.0000
7048,55.8162,110.7167,0.0000
7049,55.8543,110.6843,0.0000
7050,55.8924,110.6520,0.0000
7051,55.9305,110.6196,0.0000
7052,55.9686,110.5872,0.0000
7053,56.0068,110.5549,0.0000
7054,56.0449,110.5225,0.0000
7055,56.0830,110.4902,0.0000
7056,56.1211,110.4578,0.0000
7057,56.1592,110.4254,0.0000
7058,56.1973,110.3931,0.0000
7059,56.2355,110.3607,0.0000
7060,56.2736,110.3283,0.0000
7061,56.3117,110.2960,0.0000
7062,56.3498,110.2636,0.0000
7063,56.3879,110.2313,0.0000
7064,56.4260,110.1989,0.0000
7065,56.4641,110.1665,0.0000
7066,56.5023,110.1342,0.0000
7067,56.5404,110.1018,0.0000
7068,56.5785,110.0695,0.0000
7069,56.6166,110.0371,0.0000
7070,56.6547,110.0047,0.0000
7071,56.6928,109.9724,0.0000
7072,56.7310,109.9400,0.0000
7073,56.7691,109.9077,0.0000
7074,56.8072,109.8753,0.0000
7075,56.8453,109.8429,0.0000
7076,56.8834,109.8106,0.0000
7077,56.9215,109.7782,0.0000
7078,56.9596,109.7458,0.0000
7079,56.9978,109.7135,0.0000
7080,57.0359,109.6811,0.0000
7081,57.0740,109.6488,0.0000
7082,57.1121,109.6164,0.0000
7083,57.1502,109.5840,0.0000
7084,57.1883,109.5517,0.0000
7085,57.2264,109.5193,0.0000
7086,57.2646,109.4870,0.0000
7087,57.3027,109.4546,0.0000
7088,57.3408,109.4222,0.0000
7089,57.3789,109.3899,0.0000
7090,57.4170,109.3575,0.0000
7091,57.4551,109.3252,0.0000
7092,57.4933,109.2928,0.0000
7093,57.5314,109.2604,0.0000
7094,57.5695,109.2281,0.0000
7095,57.6076,109.1957,0.0000
7096,57.6457,109.1633,0.0000
7097,57.6838,109.1310,0.0000
7098,57.7219,109.0986,0.0000
7099,57.7601,109.0663,0.0000
7100,57.7982,109.0339,0.0000
7101,57.8363,109.0015,0.0000
7102,57.8744,108.9692,0.0000
7103,57.9125,108.9368,0.0000
7104,57.9506,108.9045,0.0000
7105,57.9888,108.8721,0.0000
7106,58.0269,108.8397,0.0000
7107,58.0650,108.8074,0.0000
7108,58.1031,108.7750,0.0000
7109,58.1412,108.7427,0.0000
7110,58.1793,108.7103,0.0000
7111,58.2174,108.6779,0.0000
7112,58.2556,108.6456,0.0000
7113,58.2937,108.6132,0.0000
7114,58.3318,108.5809,0.0000
7115,58.3699,108.5485,0.0000
7116,58.4080,108.5161,0.0000
7117,58.4461,108.4838,0.0000
7118,58.4842,108.4514,0.0000
7119,58.5224,108.4190,0.0000
7120,58.5605,108.3867,0.0000
7121,58.5986,108.3543,0.0000
7122,58.6367,108.3220,0.0000
7123,58.6748,108.2896,0.0000
7124,58.7129,108.2572,0.0000
7125,58.7511,108.2249,0.0000
7126,58.7892,108.1925,0.0000
7127,58.8273,108.1602,0.0000
7128,58.8654,108.1278,0.0000
7129,58.9035,108.0954,0.0000
7130,58.9416,108.0631,0.0000
7131,58.9797,108.0307,0.0000
7132,59.0179,107.9984,0.0000
7133,59.0560,107.9660,0.0000
7134,59.0941,107.9336,0.0000
7135,59.1322,107.9013,0.0000
7136,59.1703,107.8689,0.0000
7137,59.2084,107.8365,0.0000
7138,59.2465,107.8042,0.0000
7139,59.2847,107.7718,0.0000
7140,59.3228,107.7395,0.0000
7141,59.3609,107.7071,0.0000
7142,59.3990,107.6747,0.0000
7143,59.4371,107.6424,0.0000
7144,59.4752,107.6100,0.0000
7145,59.5134,107.5777,0.0000
7146,59.5515,107.5453,0.0000
7147,59.5896,107.5129,0.0000
7148,59.6277,107.4806,0.0000
7149,59.6658,107.4482,0.0000
7150,59.7039,107.4159,0.0000
7151,59.7420,107.3835,0.0000
7152,59.7802,107.3511,0.0000
7153,59.8183,107.3188,0.0000
7154,59.8564,107.2864,0.0000
7155,59.8945,107.2540,0.0000
7156,59.9326,107.2217,0.0000
7157,59.9707,107.1893,0.0000
7158,60.0089,107.1570,0.0000
7159,60.0470,107.1246,0.0000
7160,60.0851,107.0922,0.0000
7161,60.1232,107.0599,0.0000
7162,60.1613,107.0275,0.0000
7163,60.1994,106.9952,0.0000
7164,60.2375,106.9628,0.0000
7165,60.2757,106.9304,0.0000
7166,60.3138,106.8981,0.0000
7167,60.3519,106.8657,0.0000
7168,60.3900,106.8334,0.0000
7169,60.4281,106.8010,0.0000
7170,60.4662,106.7686,0.0000
7171,60.5043,106.7363,0.0000
7172,60.5425,106.7039,0.0000
7173,60.5806,106.6715,0.0000
7174,60.6187,106.6392,0.0000
7175,60.6568,106.6068,0.0000
7176,60.6949,106.5745,0.0000
7177,60.7330,106.5421,0.0000
7178,60.7712,106.5097,0.0000
7179,60.8093,106.4774,0.0000
7180,60.8474,106.4450,0.0000
7181,60.8855,106.4127,0.0000
7182,60.9236,106.3803,0.0000
7183,60.9617,106.3479,0.0000
7184,60.9998,106.3156,0.0000
7185,61.0380,106.2832,0.0000
7186,61.0761,106.2509,0.0000
7187,61.1142,106.2185,0.0000
7188,61.1523,106.1861,0.0000
7189,61.1904,106.1538,0.0000
7190,61.2285,106.1214,0.0000
7191,61.2667,106.0891,0.0000
7192,61.3048,106.0567,0.0000
7193,61.3429,106.0243,0.0000
7194,61.3810,105.9920,0.0000
7195,61.4191,105.9596,0.0000
7196,61.4572,105.9272,0.0000
7197,61.4953,105.8949,0.0000
7198,61.5335,105.8625,0.0000
7199,61.5716,105.8302,0.0000
7200,61.6097,105.7978,0.0000
7201,61.6478,105.7654,0.0000
7202,61.6859,105.7331,0.0000
7203,61.7240,105.7007,0.0000
7204,61.7621,105.6684,0.0000
7205,61.8003,105.6360,0.0000
7206,61.8384,105.6036,0.0000
7207,61.8765,105.5713,0.0000
7208,61.9146,105.5389,0.0000
7209,61.9527,105.5066,0.0000
7210,61.9908,105.4742,0.0000
7211,62.0290,105.4418,0.0000
7212,62.0671,105.4095,0.0000
7213,62.1052,105.3771,0.0000
7214,62.1433,105.3447,0.0000
7215,62.1814,105.3124,0.0000
7216,62.2195,105.2800,0.0000
7217,62.2576,105.2477,0.0000
7218,62.2958,105.2153,0.0000
7219,62.3339,105.1829,0.0000
7220,62.3720,105.1506,0.0000
7221,62.4101,105.1182,0.0000
7222,62.4482,105.0859,0.0000
7223,62.4863,105.0535,0.0000
7224,62.5245,105.0211,0.0000
7225,62.5626,104.9888,0.0000
7226,62.6007,104.9564,0.0000
7227,62.6388,104.9241,0.0000
7228,62.6769,104.8917,0.0000
7229,62.7150,104.8593,0.0000
7230,62.7531,104.8270,0.0000
7231,62.7913,104.7946,0.0000
7232,62.8294,104.7622,0.0000
7233,62.8675,104.7299,0.0000
7234,62.9056,104.6975,0.0000
7235,62.9437,104.6652,0.0000
7236,62.9818,104.6328,0.0000
7237,63.0199,104.6004,0.0000
7238,63.0581,104.5681,0.0000
7239,63.0962,104.5357,0.0000
7240,63.1343,104.5034,0.0000
7241,63.1724,104.4710,0.0000
7242,63.2105,104.4386,0.0000
7243,63.2486,104.4063,0.0000
7244,63.2868,104.3739,0.0000
7245,63.3249,104.3416,0.0000
7246,63.3630,104.3092,0.0000
7247,63.4011,104.2768,0.0000
7248,63.4392,104.2445,0.0000
7249,63.4773,104.2121,0.0000
7250,63.5154,104.1797,0.0000
7251,63.5536,104.1474,0.0000
7252,63.5917,104.1150,0.0000
7253,63.6298,104.0827,0.0000
7254,63.6679,104.0503,0.0000
7255,63.7060,104.0179,0.0000
7256,63.7441,103.9856,0.0000
7257,63.7822,103.9532,0.0000
7258,63.8204,103.9209,0.0000
7259,63.8585,103.8885,0.0000
7260,63.8966,103.8561,0.0000
7261,63.9347,103.8238,0.0000
7262,63.9728,103.7914,0.0000
7263,64.0109,103.7591,0.0000
7264,64.0491,103.7267,0.0000
7265,64.0872,103.6943,0.0000
7266,64.1253,103.6620,0.0000
7267,64.1634,103.6296,0.0000
7268,64.2015,103.5972,0.0000
7269,64.2396,103.5649,0.0000
7270,64.2777,103.5325,0.0000
7271,64.3159,103.5002,0.0000
7272,64.3540,103.4678,0.0000
7273,64.3921,103.4354,0.0000
7274,64.4302,103.4031,0.0000
7275,64.4683,103.3707,0.0000
7276,64.5064,103.3384,0.0000
7277,64.5446,103.3060,0.0000
7278,64.5827,103.2736,0.0000
7279,64.6208,103.2413,0.0000
7280,64.6589,103.2089,0.0000
7281,64.6970,103.1766,0.0000
7282,64.7351,103.1442,0.0000
7283,64.7732,103.1118,0.0000
7284,64.8114,103.0795,0.0000
7285,64.8495,103.0471,0.0000
7286,64.8876,103.0148,0.0000
7287,64.9257,102.9824,0.0000
7288,64.9638,102.9500,0.0000
7289,65.0019,102.9177,0.0000
7290,65.0400,102.8853,0.0000
7291,65.0782,102.8529,0.0000
7292,65.1163,102.8206,0.0000
7293,65.1544,102.7882,0.0000
7294,65.1925,102.7559,0.0000
7295,65.2306,102.7235,0.0000
7296,65.2687,102.6911,0.0000
7297,65.3069,102.6588,0.0000
7298,65.3450,102.6264,0.0000
7299,65.3831,102.5941,0.0000
7300,65.4212,102.5617,0.0000
7301,65.4593,102.5293,0.0000
7302,65.4974,102.4970,0.0000
7303,65.5355,102.4646,0.0000
7304,65.5737,102.4323,0.0000
7305,65.6118,102.3999,0.0000
7306,65.6499,102.3675,0.0000
7307,65.6880,102.3352,0.0000
7308,65.7261,102.3028,0.0000
7309,65.7642,102.2704,0.0000
7310,65.8024,102.2381,0.0000
7311,65.8405,102.2057,0.0000
7312,65.8786,102.1734,0.0000
7313,65.9167,102.1410,0.0000
7314,65.9548,102.1086,0.0000
7315,65.9929,102.0763,0.0000
7316,66.0310,102.0439,0.0000
7317,66.0692,102.0116,0.0000
7318,66.1073,101.9792,0.0000
7319,66.1454,101.9468,0.0000
7320,66.1835,101.9145,0.0000
7321,66.2216,101.8821,0.0000
7322,66.2597,101.8498,0.0000
7323,66.2978,101.8174,0.0000
7324,66.3360,101.7850,0.0000
7325,66.3741,101.7527,0.0000
7326,66.4122,101.7203,0.0000
7327,66.4503,101.6879,0.0000
7328,66.4884,101.6556,0.0000
7329,66.5265,101.6232,0.0000
7330,66.5647,101.5909,0.0000
7331,66.6028,101.5585,0.0000
7332,66.6409,101.5261,0.0000
7333,66.6790,101.4938,0.0000
7334,66.7171,101.4614,0.0000
7335,66.7552,101.4291,0.0000
7336,66.7933,101.3967,0.0000
7337,66.8315,101.3643,0.0000
7338,66.8696,101.3320,0.0000
7339,66.9077,101.2996,0.0000
7340,66.9458,101.2673,0.0000
7341,66.9839,101.2349,0.0000
7342,67.0220,101.2025,0.0000
7343,67.0602,101.1702,0.0000
7344,67.0983,101.1378,0.0000
7345,67.1364,101.1054,0.0000
7346,67.1745,101.0731,0.0000
7347,67.2126,101.0407,0.0000
7348,67.2507,101.0084,0.0000
7349,67.2888,100.9760,0.0000
7350,67.3270,100.9436,0.0000
7351,67.3651,100.9113,0.0000
7352,67.4032,100.8789,0.0000
7353,67.4413,100.8466,0.0000
7354,67.4794,100.8142,0.0000
7355,67.5175,100.7818,0.0000
7356,67.5556,100.7495,0.0000
7357,67.5938,100.7171,0.0000
7358,67.6319,100.6848,0.0000
7359,67.6700,100.6524,0.0000
7360,67.7081,100.6200,0.0000
7361,67.7462,100.5877,0.0000
7362,67.7843,100.5553,0.0000
7363,67.8225,100.5230,0.0000
7364,67.8606,100.4906,0.0000
7365,67.8987,100.4582,0.0000
7366,67.9368,100.4259,0.0000
7367,67.9749,100.3935,0.0000
7368,68.0130,100.3611,0.0000
7369,68.0511,100.3288,0.0000
7370,68.0893,100.2964,0.0000
7371,68.1274,100.2641,0.0000
7372,68.1655,100.2317,0.0000
7373,68.2036,100.1993,0.0000
7374,68.2417,100.1670,0.0000
7375,68.2798,100.1346,0.0000
7376,68.3179,100.1023,0.0000
7377,68.3561,100.0699,0.0000
7378,68.3942,100.0375,0.0000
7379,68.4323,100.0052,0.0000
7380,68.4704,99.9728,0.0000
7381,68.5085,99.9405,0.0000
7382,68.5466,99.9081,0.0000
7383,68.5848,99.8757,0.0000
7384,68.6229,99.8434,0.0000
7385,68.6610,99.8110,0.0000
7386,68.6991,99.7786,0.0000
7387,68.7372,99.7463,0.0000
7388,68.7753,99.7139,0.0000
7389,68.8134,99.6816,0.0000
7390,68.8516,99.6492,0.0000
7391,68.8897,99.6168,0.0000
7392,68.9278,99.5845,0.0000
7393,68.9659,99.5521,0.0000
7394,69.0040,99.5198,0.0000
7395,69.0421,99.4874,0.0000
7396,69.0803,99.4550,0.0000
7397,69.1184,99.4227,0.0000
7398,69.1565,99.3903,0.0000
7399,69.1946,99.3580,0.0000
7400,69.2327,99.3256,0.0000
7401,69.2708,99.2932,0.0000
7402,69.3089,99.2609,0.0000
7403,69.3471,99.2285,0.0000
7404,69.3852,99.1961,0.0000
7405,69.4233,99.1638,0.0000
7406,69.4614,99.1314,0.0000
7407,69.4995,99.0991,0.0000
7408,69.5376,99.0667,0.0000
7409,69.5757,99.0343,0.0000
7410,69.6139,99.0020,0.0000
7411,69.6520,98.9696,0.0000
7412,69.6901,98.9373,0.0000
7413,69.7282,98.9049,0.0000
7414,69.7663,98.8725,0.0000
7415,69.8044,98.8402,0.0000
7416,69.8426,98.8078,0.0000
7417,69.8807,98.7755,0.0000
7418,69.9188,98.7431,0.0000
7419,69.9569,98.7107,0.0000
7420,69.9950,98.6784,0.0000
7421,70.0331,98.6460,0.0000
7422,70.0712,98.6136,0.0000
7423,70.1094,98.5813,0.0000
7424,70.1475,98.5489,0.0000
7425,70.1856,98.5166,0.0000
7426,70.2237,98.4842,0.0000
7427,70.2618,98.4518,0.0000
7428,70.2999,98.4195,0.0000
7429,70.3381,98.3871,0.0000
7430,70.3762,98.3548,0.0000
7431,70.4143,98.3224,0.0000
7432,70.4524,98.2900,0.0000
7433,70.4905,98.2577,0.0000
7434,70.5286,98.2253,0.0000
7435,70.5667,98.1930,0.0000
7436,70.6049,98.1606,0.0000
7437,70.6430,98.1282,0.0000
7438,70.6811,98.0959,0.0000
7439,70.7192,98.0635,0.0000
7440,70.7573,98.0311,0.0000
7441,70.7954,97.9988,0.0000
7442,70.8335,97.9664,0.0000
7443,70.8717,97.9341,0.0000
7444,70.9098,97.9017,0.0000
7445,70.9479,97.8693,0.0000
7446,70.9860,97.8370,0.0000
7447,71.0241,97.8046,0.0000
7448,71.0622,97.7723,0.0000
7449,71.1004,97.7399,0.0000
7450,71.1385,97.7075,0.0000
7451,71.1766,97.6752,0.0000
7452,71.2147,97.6428,0.0000
7453,71.2528,97.6105,0.0000
7454,71.2909,97.5781,0.0000
7455,71.3290,97.5457,0.0000
7456,71.3672,97.5134,0.0000
7457,71.4053,97.4810,0.0000
7458,71.4434,97.4487,0.0000
7459,71.4815,97.4163,0.0000
7460,71.5196,97.3839,0.0000
7461,71.5577,97.3516,0.0000
7462,71.5959,97.3192,0.0000
7463,71.6340,97.2868,0.0000
7464,71.6721,97.2545,0.0000
7465,71.7102,97.2221,0.0000
7466,71.7483,97.1898,0.0000
7467,71.7864,97.1574,0.0000
7468,71.8245,97.1250,0.0000
7469,71.8627,97.0927,0.0000
7470,71.9008,97.0603,0.0000
7471,71.9389,97.0280,0.0000
7472,71.9770,96.9956,0.0000
7473,72.0151,96.9632,0.0000
7474,72.0532,96.9309,0.0000
7475,72.0913,96.8985,0.0000
7476,72.1295,96.8662,0.0000
7477,72.1676,96.8338,0.0000
7478,72.2057,96.8014,0.0000
7479,72.2438,96.7691,0.0000
7480,72.2819,96.7367,0.0000
7481,72.3200,96.7043,0.0000
7482,72.3582,96.6720,0.0000
7483,72.3963,96.6396,0.0000
7484,72.4344,96.6073,0.0000
7485,72.4725,96.5749,0.0000
7486,72.5106,96.5425,0.0000
7487,72.5487,96.5102,0.0000
7488,72.5868,96.4778,0.0000
7489,72.6250,96.4455,0.0000
7490,72.6631,96.4131,0.0000
7491,72.7012,96.3807,0.0000
7492,72.7393,96.3484,0.0000
7493,72.7774,96.3160,0.0000
7494,72.8155,96.2837,0.0000
7495,72.8536,96.2513,0.0000
7496,72.8918,96.2189,0.0000
7497,72.9299,96.1866,0.0000
7498,72.9680,96.1542,0.0000
7499,73.0061,96.1218,0.0000
7500,73.0442,96.0895,0.0000
7501,73.0823,96.0571,0.0000
7502,73.1205,96.0248,0.0000
7503,73.1586,95.9924,0.0000
7504,73.1967,95.9600,0.0000
7505,73.2348,95.9277,0.0000
7506,73.2729,95.8953,0.0000
7507,73.3110,95.8630,0.0000
7508,73.3491,95.8306,0.0000
7509,73.3873,95.7982,0.0000
7510,73.4254,95.7659,0.0000
7511,73.4635,95.7335,0.0000
7512,73.5016,95.7012,0.0000
7513,73.5397,95.6688,0.0000
7514,73.5778,95.6364,0.0000
7515,73.6160,95.6041,0.0000
7516,73.6541,95.5717,0.0000
7517,73.6922,95.5393,0.0000
7518,73.7303,95.5070,0.0000
7519,73.7684,95.4746,0.0000
7520,73.8065,95.4423,0.0000
7521,73.8446,95.4099,0.0000
7522,73.8828,95.3775,0.0000
7523,73.9209,95.3452,0.0000
7524,73.9590,95.3128,0.0000
7525,73.9971,95.2805,0.0000
7526,74.0352,95.2481,0.0000
7527,74.0733,95.2157,0.0000
7528,74.1114,95.1834,0.0000
7529,74.1496,95.1510,0.0000
7530,74.1877,95.1187,0.0000
7531,74.2258,95.0863,0.0000
7532,74.2639,95.0539,0.0000
7533,74.3020,95.0216,0.0000
7534,74.3401,94.9892,0.0000
7535,74.3783,94.9569,0.0000
7536,74.4164,94.9245,0.0000
7537,74.4545,94.8921,0.0000
7538,74.4926,94.8598,0.0000
7539,74.5307,94.8274,0.0000
7540,74.5688,94.7950,0.0000
7541,74.6069,94.7627,0.0000
7542,74.6451,94.7303,0.0000
7543,74.6832,94.6980,0.0000
7544,74.7213,94.6656,0.0000
7545,74.7594,94.6332,0.0000
7546,74.7975,94.6009,0.0000
7547,74.8356,94.5685,0.0000
7548,74.8738,94.5362,0.0000
7549,74.9119,94.5038,0.0000
7550,74.9500,94.4714,0.0000
7551,74.9881,94.4391,0.0000
7552,75.0262,94.4067,0.0000
7553,75.0643,94.3744,0.0000
7554,75.1024,94.3420,0.0000
7555,75.1406,94.3096,0.0000
7556,75.1787,94.2773,0.0000
7557,75.2168,94.2449,0.0000
7558,75.2549,94.2125,0.0000
7559,75.2930,94.1802,0.0000
7560,75.3311,94.1478,0.0000
7561,75.3692,94.1155,0.0000
7562,75.4074,94.0831,0.0000
7563,75.4455,94.0507,0.0000
7564,75.4836,94.0184,0.0000
7565,75.5217,93.9860,0.0000
7566,75.5598,93.9537,0.0000
7567,75.5979,93.9213,0.0000
7568,75.6361,93.8889,0.0000
7569,75.6742,93.8566,0.0000
7570,75.7123,93.8242,0.0000
7571,75.7504,93.7919,0.0000
7572,75.7885,93.7595,0.0000
7573,75.8266,93.7271,0.0000
7574,75.8647,93.6948,0.0000
7575,75.9029,93.6624,0.0000
7576,75.9410,93.6300,0.0000
7577,75.9791,93.5977,0.0000
7578,76.0172,93.5653,0.0000
7579,76.0553,93.5330,0.0000
7580,76.0934,93.5006,0.0000
7581,76.1315,93.4682,0.0000
7582,76.1697,93.4359,0.0000
7583,76.2078,93.4035,0.0000
7584,76.2459,93.3712,0.0000
7585,76.2840,93.3388,0.0000
7586,76.3221,93.3064,0.0000
7587,76.3602,93.2741,0.0000
7588,76.3984,93.2417,0.0000
7589,76.4365,93.2094,0.0000
7590,76.4746,93.1770,0.0000
7591,76.5127,93.1446,0.0000
7592,76.5508,93.1123,0.0000
7593,76.5889,93.0799,0.0000
7594,76.6270,93.0475,0.0000
7595,76.6652,93.0152,0.0000
7596,76.7033,92.9828,0.0000
7597,76.7414,92.9505,0.0000
7598,76.7795,92.9181,0.0000
7599,76.8176,92.8857,0.0000
7600,76.8557,92.8534,0.0000
7601,76.8939,92.8210,0.0000
7602,76.9320,92.7887,0.0000
7603,76.9701,92.7563,0.0000
7604,77.0082,92.7239,0.0000
7605,77.0463,92.6916,0.0000
7606,77.0844,92.6592,0.0000
7607,77.1225,92.6269,0.0000
7608,77.1607,92.5945,0.0000
7609,77.1988,92.5621,0.0000
7610,77.2369,92.5298,0.0000
7611,77.2750,92.4974,0.0000
7612,77.3131,92.4651,0.0000
7613,77.3512,92.4327,0.0000
7614,77.3893,92.4003,0.0000
7615,77.4275,92.3680,0.0000
7616,77.4656,92.3356,0.0000
7617,77.5037,92.3032,0.0000
7618,77.5418,92.2709,0.0000
7619,77.5799,92.2385,0.0000
7620,77.6180,92.2062,0.0000
7621,77.6562,92.1738,0.0000
7622,77.6943,92.1414,0.0000
7623,77.7324,92.1091,0.0000
7624,77.7705,92.0767,0.0000
7625,77.8086,92.0444,0.0000
7626,77.8467,92.0120,0.0000
7627,77.8848,91.9796,0.0000
7628,77.9230,91.9473,0.0000
7629,77.9611,91.9149,0.0000
7630,77.9992,91.8826,0.0000
7631,78.0373,91.8502,0.0000
7632,78.0754,91.8178,0.0000
7633,78.1135,91.7855,0.0000
7634,78.1517,91.7531,0.0000
7635,78.1898,91.7207,0.0000
7636,78.2279,91.6884,0.0000
7637,78.2660,91.6560,0.0000
7638,78.3041,91.6237,0.0000
7639,78.3422,91.5913,0.0000
7640,78.3803,91.5589,0.0000
7641,78.4185,91.5266,0.0000
7642,78.4566,91.4942,0.0000
7643,78.4947,91.4619,0.0000
7644,78.5328,91.4295,0.0000
7645,78.5709,91.3971,0.0000
7646,78.6090,91.3648,0.0000
7647,78.6471,91.3324,0.0000
7648,78.6853,91.3001,0.0000
7649,78.7234,91.2677,0.0000
7650,78.7615,91.2353,0.0000
7651,78.7996,91.2030,0.0000
7652,78.8377,91.1706,0.0000
7653,78.8758,91.1382,0.0000
7654,78.9140,91.1059,0.0000
7655,78.9521,91.0735,0.0000
7656,78.9902,91.0412,0.0000
7657,79.0283,91.0088,0.0000
7658,79.0664,90.9764,0.0000
7659,79.1045,90.9441,0.0000
7660,79.1426,90.9117,0.0000
7661,79.1808,90.8794,0.0000
7662,79.2189,90.8470,0.0000
7663,79.2570,90.8146,0.0000
7664,79.2951,90.7823,0.0000
7665,79.3332,90.7499,0.0000
7666,79.3713,90.7176,0.0000
7667,79.4095,90.6852,0.0000
7668,79.4476,90.6528,0.0000
7669,79.4857,90.6205,0.0000
7670,79.5238,90.5881,0.0000
7671,79.5619,90.5557,0.0000
7672,79.6000,90.5234,0.0000
7673,79.6381,90.4910,0.0000
7674,79.6763,90.4587,0.0000
7675,79.7144,90.4263,0.0000
7676,79.7525,90.3939,0.0000
7677,79.7906,90.3616,0.0000
7678,79.8287,90.3292,0.0000
7679,79.8668,90.2969,0.0000
7680,79.9049,90.2645,0.0000
7681,79.9431,90.2321,0.0000
7682,79.9812,90.1998,0.0000
7683,80.0193,90.1674,0.0000
7684,80.0574,90.1351,0.0000
7685,80.0955,90.1027,0.0000
7686,80.1336,90.0703,0.0000
7687,80.1718,90.0380,0.0000
7688,80.2099,90.0056,0.0000
7689,80.2480,89.9732,0.0000
7690,80.2861,89.9409,0.0000
7691,80.3242,89.9085,0.0000
7692,80.3623,89.8762,0.0000
7693,80.4004,89.8438,0.0000
7694,80.4386,89.8114,0.0000
7695,80.4767,89.7791,0.0000
7696,80.5148,89.7467,0.0000
7697,80.5529,89.7144,0.0000
7698,80.5910,89.6820,0.0000
7699,80.6291,89.6496,0.0000
7700,80.6672,89.6173,0.0000
7701,80.7054,89.5849,0.0000
7702,80.7435,89.5526,0.0000
7703,80.7816,89.5202,0.0000
7704,80.8197,89.4878,0.0000
7705,80.8578,89.4555,0.0000
7706,80.8959,89.4231,0.0000
7707,80.9341,89.3908,0.0000
7708,80.9722,89.3584,0.0000
7709,81.0103,89.3260,0.0000
7710,81.0484,89.2937,0.0000
7711,81.0865,89.2613,0.0000
7712,81.1246,89.2289,0.0000
7713,81.1627,89.1966,0.0000
7714,81.2009,89.1642,0.0000
7715,81.2390,89.1319,0.0000
7716,81.2771,89.0995,0.0000
7717,81.3152,89.0671,0.0000
7718,81.3533,89.0348,0.0000
7719,81.3914,89.0024,0.0000
7720,81.4296,88.9701,0.0000
7721,81.4677,88.9377,0.0000
7722,81.5058,88.9053,0.0000
7723,81.5439,88.8730,0.0000
7724,81.5820,88.8406,0.0000
7725,81.6201,88.8083,0.0000
7726,81.6582,88.7759,0.0000
7727,81.6964,88.7435,0.0000
7728,81.7345,88.7112,0.0000
7729,81.7726,88.6788,0.0000
7730,81.8107,88.6464,0.0000
7731,81.8488,88.6141,0.0000
7732,81.8869,88.5817,0.0000
7733,81.9250,88.5494,0.0000
7734,81.9632,88.5170,0.0000
7735,82.0013,88.4846,0.0000
7736,82.0394,88.4523,0.0000
7737,82.0775,88.4199,0.0000
7738,82.1156,88.3876,0.0000
7739,82.1537,88.3552,0.0000
7740,82.1919,88.3228,0.0000
7741,82.2300,88.2905,0.0000
7742,82.2681,88.2581,0.0000
7743,82.3062,88.2258,0.0000
7744,82.3443,88.1934,0.0000
7745,82.3824,88.1610,0.0000
7746,82.4205,88.1287,0.0000
7747,82.4587,88.0963,0.0000
7748,82.4968,88.0639,0.0000
7749,82.5349,88.0316,0.0000
7750,82.5730,87.9992,0.0000
7751,82.6111,87.9669,0.0000
7752,82.6492,87.9345,0.0000
7753,82.6874,87.9021,0.0000
7754,82.7255,87.8698,0.0000
7755,82.7636,87.8374,0.0000
7756,82.8017,87.8051,0.0000
7757,82.8398,87.7727,0.0000
7758,82.8779,87.7403,0.0000
7759,82.9160,87.7080,0.0000
7760,82.9542,87.6756,0.0000
7761,82.9923,87.6433,0.0000
7762,83.0304,87.6109,0.0000
7763,83.0685,87.5785,0.0000
7764,83.1066,87.5462,0.0000
7765,83.1447,87.5138,0.0000
7766,83.1828,87.4814,0.0000
7767,83.2210,87.4491,0.0000
7768,83.2591,87.4167,0.0000
7769,83.2972,87.3844,0.0000
7770,83.3353,87.3520,0.0000
7771,83.3734,87.3196,0.0000
7772,83.4115,87.2873,0.0000
7773,83.4497,87.2549,0.0000
7774,83.4878,87.2226,0.0000
7775,83.5259,87.1902,0.0000
7776,83.5640,87.1578,0.0000
7777,83.6021,87.1255,0.0000
7778,83.6402,87.0931,0.0000
7779,83.6783,87.0608,0.0000
7780,83.7165,87.0284,0.0000
7781,83.7546,86.9960,0.0000
7782,83.7927,86.9637,0.0000
7783,83.8308,86.9313,0.0000
7784,83.8689,86.8990,0.0000
7785,83.9070,86.8666,0.0000
7786,83.9452,86.8342,0.0000
7787,83.9833,86.8019,0.0000
7788,84.0214,86.7695,0.0000
7789,84.0595,86.7371,0.0000
7790,84.0976,86.7048,0.0000
7791,84.1357,86.6724,0.0000
7792,84.1738,86.6401,0.0000
7793,84.2120,86.6077,0.0000
7794,84.2501,86.5753,0.0000
7795,84.2882,86.5430,0.0000
7796,84.3263,86.5106,0.0000
7797,84.3644,86.4783,0.0000
7798,84.4025,86.4459,0.0000
7799,84.4406,86.4135,0.0000
7800,84.4788,86.3812,0.0000
7801,84.5169,86.3488,0.0000
7802,84.5550,86.3165,0.0000
7803,84.5931,86.2841,0.0000
7804,84.6312,86.2517,0.0000
7805,84.6693,86.2194,0.0000
7806,84.7075,86.1870,0.0000
7807,84.7456,86.1546,0.0000
7808,84.7837,86.1223,0.0000
7809,84.8218,86.0899,0.0000
7810,84.8599,86.0576,0.0000
7811,84.8980,86.0252,0.0000
7812,84.9361,85.9928,0.0000
7813,84.9743,85.9605,0.0000
7814,85.0124,85.9281,0.0000
7815,85.0505,85.8958,0.0000
7816,85.0886,85.8634,0.0000
7817,85.1267,85.8310,0.0000
7818,85.1648,85.7987,0.0000
7819,85.2029,85.7663,0.0000
7820,85.2411,85.7340,0.0000
7821,85.2792,85.7016,0.0000
7822,85.3173,85.6692,0.0000
7823,85.3554,85.6369,0.0000
7824,85.3935,85.6045,0.0000
7825,85.4316,85.5721,0.0000
7826,85.4698,85.5398,0.0000
7827,85.5079,85.5074,0.0000
7828,85.5460,85.4751,0.0000
7829,85.5841,85.4427,0.0000
7830,85.6222,85.4103,0.0000
7831,85.6603,85.3780,0.0000
7832,85.6984,85.3456,0.0000
7833,85.7366,85.3133,0.0000
7834,85.7747,85.2809,0.0000
7835,85.8128,85.2485,0.0000
7836,85.8509,85.2162,0.0000
7837,85.8890,85.1838,0.0000
7838,85.9271,85.1515,0.0000
7839,85.9653,85.1191,0.0000
7840,86.0034,85.0867,0.0000
7841,86.0415,85.0544,0.0000
7842,86.0796,85.0220,0.0000
7843,86.1177,84.9896,0.0000
7844,86.1558,84.9573,0.0000
7845,86.1939,84.9249,0.0000
7846,86.2321,84.8926,0.0000
7847,86.2702,84.8602,0.0000
7848,86.3083,84.8278,0.0000
7849,86.3464,84.7955,0.0000
7850,86.3845,84.7631,0.0000
7851,86.4226,84.7308,0.0000
7852,86.4607,84.6984,0.0000
7853,86.4989,84.6660,0.0000
7854,86.5370,84.6337,0.0000
7855,86.5751,84.6013,0.0000
7856,86.6132,84.5690,0.0000
7857,86.6513,84.5366,0.0000
7858,86.6894,84.5042,0.0000
7859,86.7276,84.4719,0.0000
7860,86.7657,84.4395,0.0000
7861,86.8038,84.4071,0.0000
7862,86.8419,84.3748,0.0000
7863,86.8800,84.3424,0.0000
7864,86.9181,84.3101,0.0000
7865,86.9562,84.2777,0.0000
7866,86.9944,84.2453,0.0000
7867,87.0325,84.2130,0.0000
7868,87.0706,84.1806,0.0000
7869,87.1087,84.1483,0.0000
7870,87.1468,84.1159,0.0000
7871,87.1849,84.0835,0.0000
7872,87.2231,84.0512,0.0000
7873,87.2612,84.0188,0.0000
7874,87.2993,83.9865,0.0000
7875,87.3374,83.9541,0.0000
7876,87.3755,83.9217,0.0000
7877,87.4136,83.8894,0.0000
7878,87.4517,83.8570,0.0000
7879,87.4899,83.8247,0.0000
7880,87.5280,83.7923,0.0000
7881,87.5661,83.7599,0.0000
7882,87.6042,83.7276,0.0000
7883,87.6423,83.6952,0.0000
7884,87.6804,83.6628,0.0000
7885,87.7185,83.6305,0.0000
7886,87.7567,83.5981,0.0000
7887,87.7948,83.5658,0.0000
7888,87.8329,83.5334,0.0000
7889,87.8710,83.5010,0.0000
7890,87.9091,83.4687,0.0000
7891,87.9472,83.4363,0.0000
7892,87.9854,83.4040,0.0000
7893,88.0235,83.3716,0.0000
7894,88.0616,83.3392,0.0000
7895,88.0997,83.3069,0.0000
7896,88.1378,83.2745,0.0000
7897,88.1759,83.2422,0.0000
7898,88.2140,83.2098,0.0000
7899,88.2522,83.1774,0.0000
7900,88.2903,83.1451,0.0000
7901,88.3284,83.1127,0.0000
7902,88.3665,83.0803,0.0000
7903,88.4046,83.0480,0.0000
7904,88.4427,83.0156,0.0000
7905,88.4809,82.9833,0.0000
7906,88.5190,82.9509,0.0000
7907,88.5571,82.9185,0.0000
7908,88.5952,82.8862,0.0000
7909,88.6333,82.8538,0.0000
7910,88.6714,82.8215,0.0000
7911,88.7095,82.7891,0.0000
7912,88.7477,82.7567,0.0000
7913,88.7858,82.7244,0.0000
7914,88.8239,82.6920,0.0000
7915,88.8620,82.6597,0.0000
7916,88.9001,82.6273,0.0000
7917,88.9382,82.5949,0.0000
7918,88.9763,82.5626,0.0000
7919,89.0145,82.5302,0.0000
7920,89.0526,82.4978,0.0000
7921,89.0907,82.4655,0.0000
7922,89.1288,82.4331,0.0000
7923,89.1669,82.4008,0.0000
7924,89.2050,82.3684,0.0000
7925,89.2432,82.3360,0.0000
7926,89.2813,82.3037,0.0000
7927,89.3194,82.2713,0.0000
7928,89.3575,82.2390,0.0000
7929,89.3956,82.2066,0.0000
7930,89.4337,82.1742,0.0000
7931,89.4718,82.1419,0.0000
7932,89.5100,82.1095,0.0000
7933,89.5481,82.0772,0.0000
7934,89.5862,82.0448,0.0000
7935,89.6243,82.0124,0.0000
7936,89.6624,81.9801,0.0000
7937,89.7005,81.9477,0.0000
7938,89.7386,81.9153,0.0000
7939,89.7768,81.8830,0.0000
7940,89.8149,81.8506,0.0000
7941,89.8530,81.8183,0.0000
7942,89.8911,81.7859,0.0000
7943,89.9292,81.7535,0.0000
7944,89.9673,81.7212,0.0000
7945,90.0055,81.6888,0.0000
7946,90.0436,81.6565,0.0000
7947,90.0817,81.6241,0.0000
7948,90.1198,81.5917,0.0000
7949,90.1579,81.5594,0.0000
7950,90.1960,81.5270,0.0000
7951,90.2341,81.4947,0.0000
7952,90.2723,81.4623,0.0000
7953,90.3104,81.4299,0.0000
7954,90.3485,81.3976,0.0000
7955,90.3866,81.3652,0.0000
7956,90.4247,81.3329,0.0000
7957,90.4628,81.3005,0.0000
7958,90.5010,81.2681,0.0000
7959,90.5391,81.2358,0.0000
7960,90.5772,81.2034,0.0000
7961,90.6153,81.1710,0.0000
7962,90.6534,81.1387,0.0000
7963,90.6915,81.1063,0.0000
7964,90.7296,81.0740,0.0000
7965,90.7678,81.0416,0.0000
7966,90.8059,81.0092,0.0000
7967,90.8440,80.9769,0.0000
7968,90.8821,80.9445,0.0000
7969,90.9202,80.9122,0.0000
7970,90.9583,80.8798,0.0000
7971,90.9964,80.8474,0.0000
7972,91.0346,80.8151,0.0000
7973,91.0727,80.7827,0.0000
7974,91.1108,80.7504,0.0000
7975,91.1489,80.7180,0.0000
7976,91.1870,80.6856,0.0000
7977,91.2251,80.6533,0.0000
7978,91.2633,80.6209,0.0000
7979,91.3014,80.5885,0.0000
7980,91.3395,80.5562,0.0000
7981,91.3776,80.5238,0.0000
7982,91.4157,80.4915,0.0000
7983,91.4538,80.4591,0.0000
7984,91.4919,80.4267,0.0000
7985,91.5301,80.3944,0.0000
7986,91.5682,80.3620,0.0000
7987,91.6063,80.3297,0.0000
7988,91.6444,80.2973,0.0000
7989,91.6825,80.2649,0.0000
7990,91.7206,80.2326,0.0000
7991,91.7588,80.2002,0.0000
7992,91.7969,80.1679,0.0000
7993,91.8350,80.1355,0.0000
7994,91.8731,80.1031,0.0000
7995,91.9112,80.0708,0.0000
7996,91.9493,80.0384,0.0000
7997,91.9874,80.0060,0.0000
7998,92.0256,79.9737,0.0000
7999,92.0637,79.9413,0.0000
8000,92.1018,79.9090,0.0000
8001,92.1399,79.8766,0.0000
8002,92.1780,79.8442,0.0000
8003,92.2161,79.8119,0.0000
8004,92.2542,79.7795,0.0000
8005,92.2924,79.7472,0.0000
8006,92.3305,79.7148,0.0000
8007,92.3686,79.6824,0.0000
8008,92.4067,79.6501,0.0000
8009,92.4448,79.6177,0.0000
8010,92.4829,79.5854,0.0000
8011,92.5211,79.5530,0.0000
8012,92.5592,79.5206,0.0000
8013,92.5973,79.4883,0.0000
8014,92.6354,79.4559,0.0000
8015,92.6735,79.4235,0.0000
8016,92.7116,79.3912,0.0000
8017,92.7497,79.3588,0.0000
8018,92.7879,79.3265,0.0000
8019,92.8260,79.2941,0.0000
8020,92.8641,79.2617,0.0000
8021,92.9022,79.2294,0.0000
8022,92.9403,79.1970,0.0000
8023,92.9784,79.1647,0.0000
8024,93.0166,79.1323,0.0000
8025,93.0547,79.0999,0.0000
8026,93.0928,79.0676,0.0000
8027,93.1309,79.0352,0.0000
8028,93.1690,79.0029,0.0000
8029,93.2071,78.9705,0.0000
8030,93.2452,78.9381,0.0000
8031,93.2834,78.9058,0.0000
8032,93.3215,78.8734,0.0000
8033,93.3596,78.8410,0.0000
8034,93.3977,78.8087,0.0000
8035,93.4358,78.7763,0.0000
8036,93.4739,78.7440,0.0000
8037,93.5120,78.7116,0.0000
8038,93.5502,78.6792,0.0000
8039,93.5883,78.6469,0.0000
8040,93.6264,78.6145,0.0000
8041,93.6645,78.5822,0.0000
8042,93.7026,78.5498,0.0000
8043,93.7407,78.5174,0.0000
8044,93.7789,78.4851,0.0000
8045,93.8170,78.4527,0.0000
8046,93.8551,78.4204,0.0000
8047,93.8932,78.3880,0.0000
8048,93.9313,78.3556,0.0000
8049,93.9694,78.3233,0.0000
8050,94.0075,78.2909,0.0000
8051,94.0457,78.2586,0.0000
8052,94.0838,78.2262,0.0000
8053,94.1219,78.1938,0.0000
8054,94.1600,78.1615,0.0000
8055,94.1981,78.1291,0.0000
8056,94.2362,78.0967,0.0000
8057,94.2743,78.0644,0.0000
8058,94.3125,78.0320,0.0000
8059,94.3506,77.9997,0.0000
8060,94.3887,77.9673,0.0000
8061,94.4268,77.9349,0.0000
8062,94.4649,77.9026,0.0000
8063,94.5030,77.8702,0.0000
8064,94.5412,77.8379,0.0000
8065,94.5793,77.8055,0.0000
8066,94.6174,77.7731,0.0000
8067,94.6555,77.7408,0.0000
8068,94.6936,77.7084,0.0000
8069,94.7317,77.6761,0.0000
8070,94.7698,77.6437,0.0000
8071,94.8080,77.6113,0.0000
8072,94.8461,77.5790,0.0000
8073,94.8842,77.5466,0.0000
8074,94.9223,77.5142,0.0000
8075,94.9604,77.4819,0.0000
8076,94.9985,77.4495,0.0000
8077,95.0367,77.4172,0.0000
8078,95.0748,77.3848,0.0000
8079,95.1129,77.3524,0.0000
8080,95.1510,77.3201,0.0000
8081,95.1891,77.2877,0.0000
8082,95.2272,77.2554,0.0000
8083,95.2653,77.2230,0.0000
8084,95.3035,77.1906,0.0000
8085,95.3416,77.1583,0.0000
8086,95.3797,77.1259,0.0000
8087,95.4178,77.0936,0.0000
8088,95.4559,77.0612,0.0000
8089,95.4940,77.0288,0.0000
8090,95.5321,76.9965,0.0000
8091,95.5703,76.9641,0.0000
8092,95.6084,76.9317,0.0000
8093,95.6465,76.8994,0.0000
8094,95.6846,76.8670,0.0000
8095,95.7227,76.8347,0.0000
8096,95.7608,76.8023,0.0000
8097,95.7990,76.7699,0.0000
8098,95.8371,76.7376,0.0000
8099,95.8752,76.7052,0.0000
8100,95.9133,76.6729,0.0000
8101,95.9514,76.6405,0.0000
8102,95.9895,76.6081,0.0000
8103,96.0276,76.5758,0.0000
8104,96.0658,76.5434,0.0000
8105,96.1039,76.5111,0.0000
8106,96.1420,76.4787,0.0000
8107,96.1801,76.4463,0.0000
8108,96.2182,76.4140,0.0000
8109,96.2563,76.3816,0.0000
8110,96.2945,76.3492,0.0000
8111,96.3326,76.3169,0.0000
8112,96.3707,76.2845,0.0000
8113,96.4088,76.2522,0.0000
8114,96.4469,76.2198,0.0000
8115,96.4850,76.1874,0.0000
8116,96.5231,76.1551,0.0000
8117,96.5613,76.1227,0.0000
8118,96.5994,76.0904,0.0000
8119,96.6375,76.0580,0.0000
8120,96.6756,76.0256,0.0000
8121,96.7137,75.9933,0.0000
8122,96.7518,75.9609,0.0000
8123,96.7899,75.9286,0.0000
8124,96.8281,75.8962,0.0000
8125,96.8662,75.8638,0.0000
8126,96.9043,75.8315,0.0000
8127,96.9424,75.7991,0.0000
8128,96.9805,75.7668,0.0000
8129,97.0186,75.7344,0.0000
8130,97.0568,75.7020,0.0000
8131,97.0949,75.6697,0.0000
8132,97.1330,75.6373,0.0000
8133,97.1711,75.6049,0.0000
8134,97.2092,75.5726,0.0000
8135,97.2473,75.5402,0.0000
8136,97.2854,75.5079,0.0000
8137,97.3236,75.4755,0.0000
8138,97.3617,75.4431,0.0000
8139,97.3998,75.4108,0.0000
8140,97.4379,75.3784,0.0000
8141,97.4760,75.3461,0.0000
8142,97.5141,75.3137,0.0000
8143,97.5522,75.2813,0.0000
8144,97.5904,75.2490,0.0000
8145,97.6285,75.2166,0.0000
8146,97.6666,75.1843,0.0000
8147,97.7047,75.1519,0.0000
8148,97.7428,75.1195,0.0000
8149,97.7809,75.0872,0.0000
8150,97.8191,75.0548,0.0000
8151,97.8572,75.0224,0.0000
8152,97.8953,74.9901,0.0000
8153,97.9334,74.9577,0.0000
8154,97.9715,74.9254,0.0000
8155,98.0096,74.8930,0.0000
8156,98.0477,74.8606,0.0000
8157,98.0859,74.8283,0.0000
8158,98.1240,74.7959,0.0000
8159,98.1621,74.7636,0.0000
8160,98.2002,74.7312,0.0000
8161,98.2383,74.6988,0.0000
8162,98.2764,74.6665,0.0000
8163,98.3146,74.6341,0.0000
8164,98.3527,74.6018,0.0000
8165,98.3908,74.5694,0.0000
8166,98.4289,74.5370,0.0000
8167,98.4670,74.5047,0.0000
8168,98.5051,74.4723,0.0000
8169,98.5432,74.4399,0.0000
8170,98.5814,74.4076,0.0000
8171,98.6195,74.3752,0.0000
8172,98.6576,74.3429,0.0000
8173,98.6957,74.3105,0.0000
8174,98.7338,74.2781,0.0000
8175,98.7719,74.2458,0.0000
8176,98.8100,74.2134,0.0000
8177,98.8482,74.1811,0.0000
8178,98.8863,74.1487,0.0000
8179,98.9244,74.1163,0.0000
8180,98.9625,74.0840,0.0000
8181,99.0006,74.0516,0.0000
8182,99.0387,74.0193,0.0000
8183,99.0769,73.9869,0.0000
8184,99.1150,73.9545,0.0000
8185,99.1531,73.9222,0.0000
8186,99.1912,73.8898,0.0000
8187,99.2293,73.8574,0.0000
8188,99.2674,73.8251,0.0000
8189,99.3055,73.7927,0.0000
8190,99.3437,73.7604,0.0000
8191,99.3818,73.7280,0.0000
8192,99.4199,73.6956,0.0000
8193,99.4580,73.6633,0.0000
8194,99.4961,73.6309,0.0000
8195,99.5342,73.5986,0.0000
8196,99.5724,73.5662,0.0000
8197,99.6105,73.5338,0.0000
8198,99.6486,73.5015,0.0000
8199,99.6867,73.4691,0.0000
8200,99.7248,73.4368,0.0000
8201,99.7629,73.4044,0.0000
8202,99.8010,73.3720,0.0000
8203,99.8392,73.3397,0.0000
8204,99.8773,73.3073,0.0000
8205,99.9154,73.2750,0.0000
8206,99.9535,73.2426,0.0000
8207,99.9916,73.2102,0.0000
8208,100.0297,73.1779,0.0000
8209,100.0678,73.1455,0.0000
8210,100.1060,73.1131,0.0000
8211,100.1441,73.0808,0.0000
8212,100.1822,73.0484,0.0000
8213,100.2203,73.0161,0.0000
8214,100.2584,72.9837,0.0000
8215,100.2965,72.9513,0.0000
8216,100.3347,72.9190,0.0000
8217,100.3728,72.8866,0.0000
8218,100.4109,72.8543,0.0000
8219,100.4490,72.8219,0.0000
8220,100.4871,72.7895,0.0000
8221,100.5252,72.7572,0.0000
8222,100.5633,72.7248,0.0000
8223,100.6015,72.6925,0.0000
8224,100.6396,72.6601,0.0000
8225,100.6777,72.6277,0.0000
8226,100.7158,72.5954,0.0000
8227,100.7539,72.5630,0.0000
8228,100.7920,72.5306,0.0000
8229,100.8302,72.4983,0.0000
8230,100.8683,72.4659,0.0000
8231,100.9064,72.4336,0.0000
8232,100.9445,72.4012,0.0000
8233,100.9826,72.3688,0.0000
8234,101.0207,72.3365,0.0000
8235,101.0588,72.3041,0.0000
8236,101.0970,72.2718,0.0000
8237,101.1351,72.2394,0.0000
8238,101.1732,72.2070,0.0000
8239,101.2113,72.1747,0.0000
8240,101.2494,72.1423,0.0000
8241,101.2875,72.1100,0.0000
8242,101.3256,72.0776,0.0000
8243,101.3638,72.0452,0.0000
8244,101.4019,72.0129,0.0000
8245,101.4400,71.9805,0.0000
8246,101.4781,71.9481,0.0000
8247,101.5162,71.9158,0.0000
8248,101.5543,71.8834,0.0000
8249,101.5925,71.8511,0.0000
8250,101.6306,71.8187,0.0000
8251,101.6687,71.7863,0.0000
8252,101.7068,71.7540,0.0000
8253,101.7449,71.7216,0.0000
8254,101.7830,71.6893,0.0000
8255,101.8211,71.6569,0.0000
8256,101.8593,71.6245,0.0000
8257,101.8974,71.5922,0.0000
8258,101.9355,71.5598,0.0000
8259,101.9736,71.5275,0.0000
8260,102.0117,71.4951,0.0000
8261,102.0498,71.4627,0.0000
8262,102.0879,71.4304,0.0000
8263,102.1261,71.3980,0.0000
8264,102.1642,71.3656,0.0000
8265,102.2023,71.3333,0.0000
8266,102.2404,71.3009,0.0000
8267,102.2785,71.2686,0.0000
8268,102.3166,71.2362,0.0000
8269,102.3548,71.2038,0.0000
8270,102.3929,71.1715,0.0000
8271,102.4310,71.1391,0.0000
8272,102.4691,71.1068,0.0000
8273,102.5072,71.0744,0.0000
8274,102.5453,71.0420,0.0000
8275,102.5834,71.0097,0.0000
8276,102.6216,70.9773,0.0000
8277,102.6597,70.9450,0.0000
8278,102.6978,70.9126,0.0000
8279,102.7359,70.8802,0.0000
8280,102.7740,70.8479,0.0000
8281,102.8121,70.8155,0.0000
8282,102.8503,70.7831,0.0000
8283,102.8884,70.7508,0.0000
8284,102.9265,70.7184,0.0000
8285,102.9646,70.6861,0.0000
8286,103.0027,70.6537,0.0000
8287,103.0408,70.6213,0.0000
8288,103.0789,70.5890,0.0000
8289,103.1171,70.5566,0.0000
8290,103.1552,70.5243,0.0000
8291,103.1933,70.4919,0.0000
8292,103.2314,70.4595,0.0000
8293,103.2695,70.4272,0.0000
8294,103.3076,70.3948,0.0000
8295,103.3457,70.3625,0.0000
8296,103.3839,70.3301,0.0000
8297,103.4220,70.2977,0.0000
8298,103.4601,70.2654,0.0000
8299,103.4982,70.2330,0.0000
8300,103.5363,70.2007,0.0000
8301,103.5744,70.1683,0.0000
8302,103.6126,70.1359,0.0000
8303,103.6507,70.1036,0.0000
8304,103.6888,70.0712,0.0000
8305,103.7269,70.0388,0.0000
8306,103.7650,70.0065,0.0000
8307,103.8031,69.9741,0.0000
8308,103.8412,69.9418,0.0000
8309,103.8794,69.9094,0.0000
8310,103.9175,69.8770,0.0000
8311,103.9556,69.8447,0.0000
8312,103.9937,69.8123,0.0000
8313,104.0318,69.7800,0.0000
8314,104.0699,69.7476,0.0000
8315,104.1081,69.7152,0.0000
8316,104.1462,69.6829,0.0000
8317,104.1843,69.6505,0.0000
8318,104.2224,69.6182,0.0000
8319,104.2605,69.5858,0.0000
8320,104.2986,69.5534,0.0000
8321,104.3367,69.5211,0.0000
8322,104.3749,69.4887,0.0000
8323,104.4130,69.4563,0.0000
8324,104.4511,69.4240,0.0000
8325,104.4892,69.3916,0.0000
8326,104.5273,69.3593,0.0000
8327,104.5654,69.3269,0.0000
8328,104.6035,69.2945,0.0000
8329,104.6417,69.2622,0.0000
8330,104.6798,69.2298,0.0000
8331,104.7179,69.1975,0.0000
8332,104.7560,69.1651,0.0000
8333,104.7941,69.1327,0.0000
8334,104.8322,69.1004,0.0000
8335,104.8704,69.0680,0.0000
8336,104.9085,69.0357,0.0000
8337,104.9466,69.0033,0.0000
8338,104.9847,68.9709,0.0000
8339,105.0228,68.9386,0.0000
8340,105.0609,68.9062,0.0000
8341,105.0990,68.8738,0.0000
8342,105.1372,68.8415,0.0000
8343,105.1753,68.8091,0.0000
8344,105.2134,68.7768,0.0000
8345,105.2515,68.7444,0.0000
8346,105.2896,68.7120,0.0000
8347,105.3277,68.6797,0.0000
8348,105.3659,68.6473,0.0000
8349,105.4040,68.6150,0.0000
8350,105.4421,68.5826,0.0000
8351,105.4802,68.5502,0.0000
8352,105.5183,68.5179,0.0000
8353,105.5564,68.4855,0.0000
8354,105.5945,68.4532,0.0000
8355,105.6327,68.4208,0.0000
8356,105.6708,68.3884,0.0000
8357,105.7089,68.3561,0.0000
8358,105.7470,68.3237,0.0000
8359,105.7851,68.2913,0.0000
8360,105.8232,68.2590,0.0000
8361,105.8613,68.2266,0.0000
8362,105.8995,68.1943,0.0000
8363,105.9376,68.1619,0.0000
8364,105.9757,68.1295,0.0000
8365,106.0138,68.0972,0.0000
8366,106.0519,68.0648,0.0000
8367,106.0900,68.0325,0.0000
8368,106.1282,68.0001,0.0000
8369,106.1663,67.9677,0.0000
8370,106.2044,67.9354,0.0000
8371,106.2425,67.9030,0.0000
8372,106.2806,67.8707,0.0000
8373,106.3187,67.8383,0.0000
8374,106.3568,67.8059,0.0000
8375,106.3950,67.7736,0.0000
8376,106.4331,67.7412,0.0000
8377,106.4712,67.7089,0.0000
8378,106.5093,67.6765,0.0000
8379,106.5474,67.6441,0.0000
8380,106.5855,67.6118,0.0000
8381,106.6236,67.5794,0.0000
8382,106.6618,67.5470,0.0000
8383,106.6999,67.5147,0.0000
8384,106.7380,67.4823,0.0000
8385,106.7761,67.4500,0.0000
8386,106.8142,67.4176,0.0000
8387,106.8523,67.3852,0.0000
8388,106.8905,67.3529,0.0000
8389,106.9286,67.3205,0.0000
8390,106.9667,67.2882,0.0000
8391,107.0048,67.2558,0.0000
8392,107.0429,67.2234,0.0000
8393,107.0810,67.1911,0.0000
8394,107.1191,67.1587,0.0000
8395,107.1573,67.1264,0.0000
8396,107.1954,67.0940,0.0000
8397,107.2335,67.0616,0.0000
8398,107.2716,67.0293,0.0000
8399,107.3097,66.9969,0.0000
8400,107.3478,66.9645,0.0000
8401,107.3860,66.9322,0.0000
8402,107.4241,66.8998,0.0000
8403,107.4622,66.8675,0.0000
8404,107.5003,66.8351,0.0000
8405,107.5384,66.8027,0.0000
8406,107.5765,66.7704,0.0000
8407,107.6146,66.7380,0.0000
8408,107.6528,66.7057,0.0000
8409,107.6909,66.6733,0.0000
8410,107.7290,66.6409,0.0000
8411,107.7671,66.6086,0.0000
8412,107.8052,66.5762,0.0000
8413,107.8433,66.5439,0.0000
8414,107.8814,66.5115,0.0000
8415,107.9196,66.4791,0.0000
8416,107.9577,66.4468,0.0000
8417,107.9958,66.4144,0.0000
8418,108.0339,66.3820,0.0000
8419,108.0720,66.3497,0.0000
8420,108.1101,66.3173,0.0000
8421,108.1483,66.2850,0.0000
8422,108.1864,66.2526,0.0000
8423,108.2245,66.2202,0.0000
8424,108.2626,66.1879,0.0000
8425,108.3007,66.1555,0.0000
8426,108.3388,66.1232,0.0000
8427,108.3769,66.0908,0.0000
8428,108.4151,66.0584,0.0000
8429,108.4532,66.0261,0.0000
8430,108.4913,65.9937,0.0000
8431,108.5294,65.9614,0.0000
8432,108.5675,65.9290,0.0000
8433,108.6056,65.8966,0.0000
8434,108.6438,65.8643,0.0000
8435,108.6819,65.8319,0.0000
8436,108.7200,65.7995,0.0000
8437,108.7581,65.7672,0.0000
8438,108.7962,65.7348,0.0000
8439,108.8343,65.7025,0.0000
8440,108.8724,65.6701,0.0000
8441,108.9106,65.6377,0.0000
8442,108.9487,65.6054,0.0000
8443,108.9868,65.5730,0.0000
8444,109.0249,65.5407,0.0000
8445,109.0630,65.5083,0.0000
8446,109.1011,65.4759,0.0000
8447,109.1392,65.4436,0.0000
8448,109.1774,65.4112,0.0000
8449,109.2155,65.3789,0.0000
8450,109.2536,65.3465,0.0000
8451,109.2917,65.3141,0.0000
8452,109.3298,65.2818,0.0000
8453,109.3679,65.2494,0.0000
8454,109.4061,65.2170,0.0000
8455,109.4442,65.1847,0.0000
8456,109.4823,65.1523,0.0000
8457,109.5204,65.1200,0.0000
8458,109.5585,65.0876,0.0000
8459,109.5966,65.0552,0.0000
8460,109.6347,65.0229,0.0000
8461,109.6729,64.9905,0.0000
8462,109.7110,64.9582,0.0000
8463,109.7491,64.9258,0.0000
8464,109.7872,64.8934,0.0000
8465,109.8253,64.8611,0.0000
8466,109.8634,64.8287,0.0000
8467,109.9016,64.7964,0.0000
8468,109.9397,64.7640,0.0000
8469,109.9778,64.7316,0.0000
8470,110.0159,64.6993,0.0000
8471,110.0540,64.6669,0.0000
8472,110.0921,64.6346,0.0000
8473,110.1302,64.6022,0.0000
8474,110.1684,64.5698,0.0000
8475,110.2065,64.5375,0.0000
8476,110.2446,64.5051,0.0000
8477,110.2827,64.4727,0.0000
8478,110.3208,64.4404,0.0000
8479,110.3589,64.4080,0.0000
8480,110.3970,64.3757,0.0000
8481,110.4352,64.3433,0.0000
8482,110.4733,64.3109,0.0000
8483,110.5114,64.2786,0.0000
8484,110.5495,64.2462,0.0000
8485,110.5876,64.2139,0.0000
8486,110.6257,64.1815,0.0000
8487,110.6639,64.1491,0.0000
8488,110.7020,64.1168,0.0000
8489,110.7401,64.0844,0.0000
8490,110.7782,64.0521,0.0000
8491,110.8163,64.0197,0.0000
8492,110.8544,63.9873,0.0000
8493,110.8925,63.9550,0.0000
8494,110.9307,63.9226,0.0000
8495,110.9688,63.8902,0.0000
8496,111.0069,63.8579,0.0000
8497,111.0450,63.8255,0.0000
8498,111.0831,63.7932,0.0000
8499,111.1212,63.7608,0.0000
8500,111.1593,63.7284,0.0000
8501,111.1975,63.6961,0.0000
8502,111.2356,63.6637,0.0000
8503,111.2737,63.6314,0.0000
8504,111.3118,63.5990,0.0000
8505,111.3499,63.5666,0.0000
8506,111.3880,63.5343,0.0000
8507,111.4262,63.5019,0.0000
8508,111.4643,63.4696,0.0000
8509,111.5024,63.4372,0.0000
8510,111.5405,63.4048,0.0000
8511,111.5786,63.3725,0.0000
8512,111.6167,63.3401,0.0000
8513,111.6548,63.3077,0.0000
8514,111.6930,63.2754,0.0000
8515,111.7311,63.2430,0.0000
8516,111.7692,63.2107,0.0000
8517,111.8073,63.1783,0.0000
8518,111.8454,63.1459,0.0000
8519,111.8835,63.1136,0.0000
8520,111.9217,63.0812,0.0000
8521,111.9598,63.0489,0.0000
8522,111.9979,63.0165,0.0000
8523,112.0360,62.9841,0.0000
8524,112.0741,62.9518,0.0000
8525,112.1122,62.9194,0.0000
8526,112.1503,62.8871,0.0000
8527,112.1885,62.8547,0.0000
8528,112.2266,62.8223,0.0000
8529,112.2647,62.7900,0.0000
8530,112.3028,62.7576,0.0000
8531,112.3409,62.7252,0.0000
8532,112.3790,62.6929,0.0000
8533,112.4171,62.6605,0.0000
8534,112.4553,62.6282,0.0000
8535,112.4934,62.5958,0.0000
8536,112.5315,62.5634,0.0000
8537,112.5696,62.5311,0.0000
8538,112.6077,62.4987,0.0000
8539,112.6458,62.4664,0.0000
8540,112.6840,62.4340,0.0000
8541,112.7221,62.4016,0.0000
8542,112.7602,62.3693,0.0000
8543,112.7983,62.3369,0.0000
8544,112.8364,62.3046,0.0000
8545,112.8745,62.2722,0.0000
8546,112.9126,62.2398,0.0000
8547,112.9508,62.2075,0.0000
8548,112.9889,62.1751,0.0000
8549,113.0270,62.1428,0.0000
8550,113.0651,62.1104,0.0000
8551,113.1032,62.0780,0.0000
8552,113.1413,62.0457,0.0000
8553,113.1795,62.0133,0.0000
8554,113.2176,61.9809,0.0000
8555,113.2557,61.9486,0.0000
8556,113.2938,61.9162,0.0000
8557,113.3319,61.8839,0.0000
8558,113.3700,61.8515,0.0000
8559,113.4081,61.8191,0.0000
8560,113.4463,61.7868,0.0000
8561,113.4844,61.7544,0.0000
8562,113.5225,61.7221,0.0000
8563,113.5606,61.6897,0.0000
8564,113.5987,61.6573,0.0000
8565,113.6368,61.6250,0.0000
8566,113.6749,61.5926,0.0000
8567,113.7131,61.5603,0.0000
8568,113.7512,61.5279,0.0000
8569,113.7893,61.4955,0.0000
8570,113.8274,61.4632,0.0000
8571,113.8655,61.4308,0.0000
8572,113.9036,61.3984,0.0000
8573,113.9418,61.3661,0.0000
8574,113.9799,61.3337,0.0000
8575,114.0180,61.3014,0.0000
8576,114.0561,61.2690,0.0000
8577,114.0942,61.2366,0.0000
8578,114.1323,61.2043,0.0000
8579,114.1704,61.1719,0.0000
8580,114.2086,61.1396,0.0000
8581,114.2467,61.1072,0.0000
8582,114.2848,61.0748,0.0000
8583,114.3229,61.0425,0.0000
8584,114.3610,61.0101,0.0000
8585,114.3991,60.9778,0.0000
8586,114.4373,60.9454,0.0000
8587,114.4754,60.9130,0.0000
8588,114.5135,60.8807,0.0000
8589,114.5516,60.8483,0.0000
8590,114.5897,60.8159,0.0000
8591,114.6278,60.7836,0.0000
8592,114.6659,60.7512,0.0000
8593,114.7041,60.7189,0.0000
8594,114.7422,60.6865,0.0000
8595,114.7803,60.6541,0.0000
8596,114.8184,60.6218,0.0000
8597,114.8565,60.5894,0.0000
8598,114.8946,60.5571,0.0000
8599,114.9327,60.5247,0.0000
8600,114.9709,60.4923,0.0000
8601,115.0090,60.4600,0.0000
8602,115.0471,60.4276,0.0000
8603,115.0852,60.3953,0.0000
8604,115.1233,60.3629,0.0000
8605,115.1614,60.3305,0.0000
8606,115.1996,60.2982,0.0000
8607,115.2377,60.2658,0.0000
8608,115.2758,60.2334,0.0000
8609,115.3139,60.2011,0.0000
8610,115.3520,60.1687,0.0000
8611,115.3901,60.1364,0.0000
8612,115.4282,60.1040,0.0000
8613,115.4664,60.0716,0.0000
8614,115.5045,60.0393,0.0000
8615,115.5426,60.0069,0.0000
8616,115.5807,59.9746,0.0000
8617,115.6188,59.9422,0.0000
8618,115.6569,59.9098,0.0000
8619,115.6950,59.8775,0.0000
8620,115.7332,59.8451,0.0000
8621,115.7713,59.8128,0.0000
8622,115.8094,59.7804,0.0000
8623,115.8475,59.7480,0.0000
8624,115.8856,59.7157,0.0000
8625,115.9237,59.6833,0.0000
8626,115.9619,59.6509,0.0000
8627,116.0000,59.6186,0.0000
8628,116.0381,59.5862,0.0000
8629,116.0762,59.5539,0.0000
8630,116.1143,59.5215,0.0000
8631,116.1524,59.4891,0.0000
8632,116.1905,59.4568,0.0000
8633,116.2287,59.4244,0.0000
8634,116.2668,59.3921,0.0000
8635,116.3049,59.3597,0.0000
8636,116.3430,59.3273,0.0000
8637,116.3811,59.2950,0.0000
8638,116.4192,59.2626,0.0000
8639,116.4574,59.2303,0.0000
8640,116.4955,59.1979,0.0000
8641,116.5336,59.1655,0.0000
8642,116.5717,59.1332,0.0000
8643,116.6098,59.1008,0.0000
8644,116.6479,59.0685,0.0000
8645,116.6860,59.0361,0.0000
8646,116.7242,59.0037,0.0000
8647,116.7623,58.9714,0.0000
8648,116.8004,58.9390,0.0000
8649,116.8385,58.9066,0.0000
8650,116.8766,58.8743,0.0000
8651,116.9147,58.8419,0.0000
8652,116.9528,58.8096,0.0000
8653,116.9910,58.7772,0.0000
8654,117.0291,58.7448,0.0000
8655,117.0672,58.7125,0.0000
8656,117.1053,58.6801,0.0000
8657,117.1434,58.6478,0.0000
8658,117.1815,58.6154,0.0000
8659,117.2197,58.5830,0.0000
8660,117.2578,58.5507,0.0000
8661,117.2959,58.5183,0.0000
8662,117.3340,58.4860,0.0000
8663,117.3721,58.4536,0.0000
8664,117.4102,58.4212,0.0000
8665,117.4483,58.3889,0.0000
8666,117.4865,58.3565,0.0000
8667,117.5246,58.3241,0.0000
8668,117.5627,58.2918,0.0000
8669,117.6008,58.2594,0.0000
8670,117.6389,58.2271,0.0000
8671,117.6770,58.1947,0.0000
8672,117.7152,58.1623,0.0000
8673,117.7533,58.1300,0.0000
8674,117.7914,58.0976,0.0000
8675,117.8295,58.0653,0.0000
8676,117.8676,58.0329,0.0000
8677,117.9057,58.0005,0.0000
8678,117.9438,57.9682,0.0000
8679,117.9820,57.9358,0.0000
8680,118.0201,57.9035,0.0000
8681,118.0582,57.8711,0.0000
8682,118.0963,57.8387,0.0000
8683,118.1344,57.8064,0.0000
8684,118.1725,57.7740,0.0000
8685,118.2106,57.7416,0.0000
8686,118.2488,57.7093,0.0000
8687,118.2869,57.6769,0.0000
8688,118.3250,57.6446,0.0000
8689,118.3631,57.6122,0.0000
8690,118.4012,57.5798,0.0000
8691,118.4393,57.5475,0.0000
8692,118.4775,57.5151,0.0000
8693,118.5156,57.4828,0.0000
8694,118.5537,57.4504,0.0000
8695,118.5918,57.4180,0.0000
8696,118.6299,57.3857,0.0000
8697,118.6680,57.3533,0.0000
8698,118.7061,57.3210,0.0000
8699,118.7443,57.2886,0.0000
8700,118.7824,57.2562,0.0000
8701,118.8205,57.2239,0.0000
8702,118.8586,57.1915,0.0000
8703,118.8967,57.1591,0.0000
8704,118.9348,57.1268,0.0000
8705,118.9730,57.0944,0.0000
8706,119.0111,57.0621,0.0000
8707,119.0492,57.0297,0.0000
8708,119.0873,56.9973,0.0000
8709,119.1254,56.9650,0.0000
8710,119.1635,56.9326,0.0000
8711,119.2016,56.9003,0.0000
8712,119.2398,56.8679,0.0000
8713,119.2779,56.8355,0.0000
8714,119.3160,56.8032,0.0000
8715,119.3541,56.7708,0.0000
8716,119.3922,56.7385,0.0000
8717,119.4303,56.7061,0.0000
8718,119.4684,56.6737,0.0000
8719,119.5066,56.6414,0.0000
8720,119.5447,56.6090,0.0000
8721,119.5828,56.5767,0.0000
8722,119.6209,56.5443,0.0000
8723,119.6590,56.5119,0.0000
8724,119.6971,56.4796,0.0000
8725,119.7353,56.4472,0.0000
8726,119.7734,56.4148,0.0000
8727,119.8115,56.3825,0.0000
8728,119.8496,56.3501,0.0000
8729,119.8877,56.3178,0.0000
8730,119.9258,56.2854,0.0000
8731,119.9639,56.2530,0.0000
8732,120.0021,56.2207,0.0000
8733,120.0402,56.1883,0.0000
8734,120.0783,56.1560,0.0000
8735,120.1164,56.1236,0.0000
8736,120.1545,56.0912,0.0000
8737,120.1926,56.0589,0.0000
8738,120.2307,56.0265,0.0000
8739,120.2689,55.9942,0.0000
8740,120.3070,55.9618,0.0000
8741,120.3451,55.9294,0.0000
8742,120.3832,55.8971,0.0000
8743,120.4213,55.8647,0.0000
8744,120.4594,55.8323,0.0000
8745,120.4976,55.8000,0.0000
8746,120.5357,55.7676,0.0000
8747,120.5738,55.7353,0.0000
8748,120.6119,55.7029,0.0000
8749,120.6500,55.6705,0.0000
8750,120.6881,55.6382,0.0000
8751,120.7262,55.6058,0.0000
8752,120.7644,55.5735,0.0000
8753,120.8025,55.5411,0.0000
8754,120.8406,55.5087,0.0000
8755,120.8787,55.4764,0.0000
8756,120.9168,55.4440,0.0000
8757,120.9549,55.4117,0.0000
8758,120.9931,55.3793,0.0000
8759,121.0312,55.3469,0.0000
8760,121.0693,55.3146,0.0000
8761,121.1074,55.2822,0.0000
8762,121.1455,55.2498,0.0000
8763,121.1836,55.2175,0.0000
8764,121.2217,55.1851,0.0000
8765,121.2599,55.1528,0.0000
8766,121.2980,55.1204,0.0000
8767,121.3361,55.0880,0.0000
8768,121.3742,55.0557,0.0000
8769,121.4123,55.0233,0.0000
8770,121.4504,54.9910,0.0000
8771,121.4885,54.9586,0.0000
8772,121.5267,54.9262,0.0000
8773,121.5648,54.8939,0.0000
8774,121.6029,54.8615,0.0000
8775,121.6410,54.8292,0.0000
8776,121.6791,54.7968,0.0000
8777,121.7172,54.7644,0.0000
8778,121.7554,54.7321,0.0000
8779,121.7935,54.6997,0.0000
8780,121.8316,54.6673,0.0000
8781,121.8697,54.6350,0.0000
8782,121.9078,54.6026,0.0000
8783,121.9459,54.5703,0.0000
8784,121.9840,54.5379,0.0000
8785,122.0222,54.5055,0.0000
8786,122.0603,54.4732,0.0000
8787,122.0984,54.4408,0.0000
8788,122.1365,54.4085,0.0000
8789,122.1746,54.3761,0.0000
8790,122.2127,54.3437,0.0000
8791,122.2509,54.3114,0.0000
8792,122.2890,54.2790,0.0000
8793,122.3271,54.2467,0.0000
8794,122.3652,54.2143,0.0000
8795,122.4033,54.1819,0.0000
8796,122.4414,54.1496,0.0000
8797,122.4795,54.1172,0.0000
8798,122.5177,54.0848,0.0000
8799,122.5558,54.0525,0.0000
8800,122.5939,54.0201,0.0000
8801,122.6320,53.9878,0.0000
8802,122.6701,53.9554,0.0000
8803,122.7082,53.9230,0.0000
8804,122.7463,53.8907,0.0000
8805,122.7845,53.8583,0.0000
8806,122.8226,53.8260,0.0000
8807,122.8607,53.7936,0.0000
8808,122.8988,53.7612,0.0000
8809,122.9369,53.7289,0.0000
8810,122.9750,53.6965,0.0000
8811,123.0132,53.6642,0.0000
8812,123.0513,53.6318,0.0000
8813,123.0894,53.5994,0.0000
8814,123.1275,53.5671,0.0000
8815,123.1656,53.5347,0.0000
8816,123.2037,53.5024,0.0000
8817,123.2418,53.4700,0.0000
8818,123.2800,53.4376,0.0000
8819,123.3181,53.4053,0.0000
8820,123.3562,53.3729,0.0000
8821,123.3943,53.3405,0.0000
8822,123.4324,53.3082,0.0000
8823,123.4705,53.2758,0.0000
8824,123.5086,53.2435,0.0000
8825,123.5468,53.2111,0.0000
8826,123.5849,53.1787,0.0000
8827,123.6230,53.1464,0.0000
8828,123.6611,53.1140,0.0000
8829,123.6992,53.0817,0.0000
8830,123.7373,53.0493,0.0000
8831,123.7755,53.0169,0.0000
8832,123.8136,52.9846,0.0000
8833,123.8517,52.9522,0.0000
8834,123.8898,52.9199,0.0000
8835,123.9279,52.8875,0.0000
8836,123.9660,52.8551,0.0000
8837,124.0041,52.8228,0.0000
8838,124.0423,52.7904,0.0000
8839,124.0804,52.7580,0.0000
8840,124.1185,52.7257,0.0000
8841,124.1566,52.6933,0.0000
8842,124.1947,52.6610,0.0000
8843,124.2328,52.6286,0.0000
8844,124.2710,52.5962,0.0000
8845,124.3091,52.5639,0.0000
8846,124.3472,52.5315,0.0000
8847,124.3853,52.4992,0.0000
8848,124.4234,52.4668,0.0000
8849,124.4615,52.4344,0.0000
8850,124.4996,52.4021,0.0000
8851,124.5378,52.3697,0.0000
8852,124.5759,52.3374,0.0000
8853,124.6140,52.3050,0.0000
8854,124.6521,52.2726,0.0000
8855,124.6902,52.2403,0.0000
8856,124.7283,52.2079,0.0000
8857,124.7664,52.1755,0.0000
8858,124.8046,52.1432,0.0000
8859,124.8427,52.1108,0.0000
8860,124.8808,52.0785,0.0000
8861,124.9189,52.0461,0.0000
8862,124.9570,52.0137,0.0000
8863,124.9951,51.9814,0.0000
8864,125.0333,51.9490,0.0000
8865,125.0714,51.9167,0.0000
8866,125.1095,51.8843,0.0000
8867,125.1476,51.8519,0.0000
8868,125.1857,51.8196,0.0000
8869,125.2238,51.7872,0.0000
8870,125.2619,51.7549,0.0000
8871,125.3001,51.7225,0.0000
8872,125.3382,51.6901,0.0000
8873,125.3763,51.6578,0.0000
8874,125.4144,51.6254,0.0000
8875,125.4525,51.5930,0.0000
8876,125.4906,51.5607,0.0000
8877,125.5288,51.5283,0.0000
8878,125.5669,51.4960,0.0000
8879,125.6050,51.4636,0.0000
8880,125.6431,51.4312,0.0000
8881,125.6812,51.3989,0.0000
8882,125.7193,51.3665,0.0000
8883,125.7574,51.3342,0.0000
8884,125.7956,51.3018,0.0000
8885,125.8337,51.2694,0.0000
8886,125.8718,51.2371,0.0000
8887,125.9099,51.2047,0.0000
8888,125.9480,51.1724,0.0000
8889,125.9861,51.1400,0.0000
8890,126.0242,51.1076,0.0000
8891,126.0624,51.0753,0.0000
8892,126.1005,51.0429,0.0000
8893,126.1386,51.0106,0.0000
8894,126.1767,50.9782,0.0000
8895,126.2148,50.9458,0.0000
8896,126.2529,50.9135,0.0000
8897,126.2911,50.8811,0.0000
8898,126.3292,50.8487,0.0000
8899,126.3673,50.8164,0.0000
8900,126.4054,50.7840,0.0000
8901,126.4435,50.7517,0.0000
8902,126.4816,50.7193,0.0000
8903,126.5197,50.6869,0.0000
8904,126.5579,50.6546,0.0000
8905,126.5960,50.6222,0.0000
8906,126.6341,50.5899,0.0000
8907,126.6722,50.5575,0.0000
8908,126.7103,50.5251,0.0000
8909,126.7484,50.4928,0.0000
8910,126.7866,50.4604,0.0000
8911,126.8247,50.4281,0.0000
8912,126.8628,50.3957,0.0000
8913,126.9009,50.3633,0.0000
8914,126.9390,50.3310,0.0000
8915,126.9771,50.2986,0.0000
8916,127.0152,50.2662,0.0000
8917,127.0534,50.2339,0.0000
8918,127.0915,50.2015,0.0000
8919,127.1296,50.1692,0.0000
8920,127.1677,50.1368,0.0000
8921,127.2058,50.1044,0.0000
8922,127.2439,50.0721,0.0000
8923,127.2820,50.0397,0.0000
8924,127.3202,50.0074,0.0000
8925,127.3583,49.9750,0.0000
8926,127.3964,49.9426,0.0000
8927,127.4345,49.9103,0.0000
8928,127.4726,49.8779,0.0000
8929,127.5107,49.8456,0.0000
8930,127.5489,49.8132,0.0000
8931,127.5870,49.7808,0.0000
8932,127.6251,49.7485,0.0000
8933,127.6632,49.7161,0.0000
8934,127.7013,49.6837,0.0000
8935,127.7394,49.6514,0.0000
8936,127.7775,49.6190,0.0000
8937,127.8157,49.5867,0.0000
8938,127.8538,49.5543,0.0000
8939,127.8919,49.5219,0.0000
8940,127.9300,49.4896,0.0000
8941,127.9681,49.4572,0.0000
8942,128.0062,49.4249,0.0000
8943,128.0443,49.3925,0.0000
8944,128.0825,49.3601,0.0000
8945,128.1206,49.3278,0.0000
8946,128.1587,49.2954,0.0000
8947,128.1968,49.2631,0.0000
8948,128.2349,49.2307,0.0000
8949,128.2730,49.1983,0.0000
8950,128.3112,49.1660,0.0000
8951,128.3493,49.1336,0.0000
8952,128.3874,49.1012,0.0000
8953,128.4255,49.0689,0.0000
8954,128.4636,49.0365,0.0000
8955,128.5017,49.0042,0.0000
8956,128.5398,48.9718,0.0000
8957,128.5780,48.9394,0.0000
8958,128.6161,48.9071,0.0000
8959,128.6542,48.8747,0.0000
8960,128.6923,48.8424,0.0000
8961,128.7304,48.8100,0.0000
8962,128.7685,48.7776,0.0000
8963,128.8067,48.7453,0.0000
8964,128.8448,48.7129,0.0000
8965,128.8829,48.6806,0.0000
8966,128.9210,48.6482,0.0000
8967,128.9591,48.6158,0.0000
8968,128.9972,48.5835,0.0000
8969,129.0353,48.5511,0.0000
8970,129.0735,48.5188,0.0000
8971,129.1116,48.4864,0.0000
8972,129.1497,48.4540,0.0000
8973,129.1878,48.4217,0.0000
8974,129.2259,48.3893,0.0000
8975,129.2640,48.3569,0.0000
8976,129.3021,48.3246,0.0000
8977,129.3403,48.2922,0.0000
8978,129.3784,48.2599,0.0000
8979,129.4165,48.2275,0.0000
8980,129.4546,48.1951,0.0000
8981,129.4927,48.1628,0.0000
8982,129.5308,48.1304,0.0000
8983,129.5690,48.0981,0.0000
8984,129.6071,48.0657,0.0000
8985,129.6452,48.0333,0.0000
8986,129.6833,48.0010,0.0000
8987,129.7214,47.9686,0.0000
8988,129.7595,47.9363,0.0000
8989,129.7976,47.9039,0.0000
8990,129.8358,47.8715,0.0000
8991,129.8739,47.8392,0.0000
8992,129.9120,47.8068,0.0000
8993,129.9501,47.7744,0.0000
8994,129.9882,47.7421,0.0000
8995,130.0263,47.7097,0.0000
8996,130.0645,47.6774,0.0000
8997,130.1026,47.6450,0.0000
8998,130.1407,47.6126,0.0000
8999,130.1788,47.5803,0.0000
9000,130.2169,47.5479,0.0000
9001,130.2550,47.5156,0.0000
9002,130.2931,47.4832,0.0000
9003,130.3313,47.4508,0.0000
9004,130.3694,47.4185,0.0000
9005,130.4075,47.3861,0.0000
9006,130.4456,47.3538,0.0000
9007,130.4837,47.3214,0.0000
9008,130.5218,47.2890,0.0000
9009,130.5599,47.2567,0.0000
9010,130.5981,47.2243,0.0000
9011,130.6362,47.1919,0.0000
9012,130.6743,47.1596,0.0000
9013,130.7124,47.1272,0.0000
9014,130.7505,47.0949,0.0000
9015,130.7886,47.0625,0.0000
9016,130.8268,47.0301,0.0000
9017,130.8649,46.9978,0.0000
9018,130.9030,46.9654,0.0000
9019,130.9411,46.9331,0.0000
9020,130.9792,46.9007,0.0000
9021,131.0173,46.8683,0.0000
9022,131.0554,46.8360,0.0000
9023,131.0936,46.8036,0.0000
9024,131.1317,46.7713,0.0000
9025,131.1698,46.7389,0.0000
9026,131.2079,46.7065,0.0000
9027,131.2460,46.6742,0.0000
9028,131.2841,46.6418,0.0000
9029,131.3223,46.6094,0.0000
9030,131.3604,46.5771,0.0000
9031,131.3985,46.5447,0.0000
9032,131.4366,46.5124,0.0000
9033,131.4747,46.4800,0.0000
9034,131.5128,46.4476,0.0000
9035,131.5509,46.4153,0.0000
9036,131.5891,46.3829,0.0000
9037,131.6272,46.3506,0.0000
9038,131.6653,46.3182,0.0000
9039,131.7034,46.2858,0.0000
9040,131.7415,46.2535,0.0000
9041,131.7796,46.2211,0.0000
9042,131.8177,46.1888,0.0000
9043,131.8559,46.1564,0.0000
9044,131.8940,46.1240,0.0000
9045,131.9321,46.0917,0.0000
9046,131.9702,46.0593,0.0000
9047,132.0083,46.0269,0.0000
9048,132.0464,45.9946,0.0000
9049,132.0846,45.9622,0.0000
9050,132.1227,45.9299,0.0000
9051,132.1608,45.8975,0.0000
9052,132.1989,45.8651,0.0000
9053,132.2370,45.8328,0.0000
9054,132.2751,45.8004,0.0000
9055,132.3132,45.7681,0.0000
9056,132.3514,45.7357,0.0000
9057,132.3895,45.7033,0.0000
9058,132.4276,45.6710,0.0000
9059,132.4657,45.6386,0.0000
9060,132.5038,45.6063,0.0000
9061,132.5419,45.5739,0.0000
9062,132.5800,45.5415,0.0000
9063,132.6182,45.5092,0.0000
9064,132.6563,45.4768,0.0000
9065,132.6944,45.4445,0.0000
9066,132.7325,45.4121,0.0000
9067,132.7706,45.3797,0.0000
9068,132.8087,45.3474,0.0000
9069,132.8469,45.3150,0.0000
9070,132.8850,45.2826,0.0000
9071,132.9231,45.2503,0.0000
9072,132.9612,45.2179,0.0000
9073,132.9993,45.1856,0.0000
9074,133.0374,45.1532,0.0000
9075,133.0755,45.1208,0.0000
9076,133.1137,45.0885,0.0000
9077,133.1518,45.0561,0.0000
9078,133.1899,45.0238,0.0000
9079,133.2280,44.9914,0.0000
9080,133.2661,44.9590,0.0000
9081,133.3042,44.9267,0.0000
9082,133.3424,44.8943,0.0000
9083,133.3805,44.8620,0.0000
9084,133.4186,44.8296,0.0000
9085,133.4567,44.7972,0.0000
9086,133.4948,44.7649,0.0000
9087,133.5329,44.7325,0.0000
9088,133.5710,44.7001,0.0000
9089,133.6092,44.6678,0.0000
9090,133.6473,44.6354,0.0000
9091,133.6854,44.6031,0.0000
9092,133.7235,44.5707,0.0000
9093,133.7616,44.5383,0.0000
9094,133.7997,44.5060,0.0000
9095,133.8378,44.4736,0.0000
9096,133.8760,44.4413,0.0000
9097,133.9141,44.4089,0.0000
9098,133.9522,44.3765,0.0000
9099,133.9903,44.3442,0.0000
9100,134.0284,44.3118,0.0000
9101,134.0665,44.2795,0.0000
9102,134.1047,44.2471,0.0000
9103,134.1428,44.2147,0.0000
9104,134.1809,44.1824,0.0000
9105,134.2190,44.1500,0.0000
9106,134.2571,44.1176,0.0000
9107,134.2952,44.0853,0.0000
9108,134.3333,44.0529,0.0000
9109,134.3715,44.0206,0.0000
9110,134.4096,43.9882,0.0000
9111,134.4477,43.9558,0.0000
9112,134.4858,43.9235,0.0000
9113,134.5239,43.8911,0.0000
9114,134.5620,43.8588,0.0000
9115,134.6002,43.8264,0.0000
9116,134.6383,43.7940,0.0000
9117,134.6764,43.7617,0.0000
9118,134.7145,43.7293,0.0000
9119,134.7526,43.6970,0.0000
9120,134.7907,43.6646,0.0000
9121,134.8288,43.6322,0.0000
9122,134.8670,43.5999,0.0000
9123,134.9051,43.5675,0.0000
9124,134.9432,43.5351,0.0000
9125,134.9813,43.5028,0.0000
9126,135.0194,43.4704,0.0000
9127,135.0575,43.4381,0.0000
9128,135.0956,43.4057,0.0000
9129,135.1338,43.3733,0.0000
9130,135.1719,43.3410,0.0000
9131,135.2100,43.3086,0.0000
9132,135.2481,43.2763,0.0000
9133,135.2862,43.2439,0.0000
9134,135.3243,43.2115,0.0000
9135,135.3625,43.1792,0.0000
9136,135.4006,43.1468,0.0000
9137,135.4387,43.1145,0.0000
9138,135.4768,43.0821,0.0000
9139,135.5149,43.0497,0.0000
9140,135.5530,43.0174,0.0000
9141,135.5911,42.9850,0.0000
9142,135.6293,42.9527,0.0000
9143,135.6674,42.9203,0.0000
9144,135.7055,42.8879,0.0000
9145,135.7436,42.8556,0.0000
9146,135.7817,42.8232,0.0000
9147,135.8198,42.7908,0.0000
9148,135.8580,42.7585,0.0000
9149,135.8961,42.7261,0.0000
9150,135.9342,42.6938,0.0000
9151,135.9723,42.6614,0.0000
9152,136.0104,42.6290,0.0000
9153,136.0485,42.5967,0.0000
9154,136.0866,42.5643,0.0000
9155,136.1248,42.5320,0.0000
9156,136.1629,42.4996,0.0000
9157,136.2010,42.4672,0.0000
9158,136.2391,42.4349,0.0000
9159,136.2772,42.4025,0.0000
9160,136.3153,42.3702,0.0000
9161,136.3534,42.3378,0.0000
9162,136.3916,42.3054,0.0000
9163,136.4297,42.2731,0.0000
9164,136.4678,42.2407,0.0000
9165,136.5059,42.2083,0.0000
9166,136.5440,42.1760,0.0000
9167,136.5821,42.1436,0.0000
9168,136.6203,42.1113,0.0000
9169,136.6584,42.0789,0.0000
9170,136.6965,42.0465,0.0000
9171,136.7346,42.0142,0.0000
9172,136.7727,41.9818,0.0000
9173,136.8108,41.9495,0.0000
9174,136.8489,41.9171,0.0000
9175,136.8871,41.8847,0.0000
9176,136.9252,41.8524,0.0000
9177,136.9633,41.8200,0.0000
9178,137.0014,41.7877,0.0000
9179,137.0395,41.7553,0.0000
9180,137.0776,41.7229,0.0000
9181,137.1157,41.6906,0.0000
9182,137.1539,41.6582,0.0000
9183,137.1920,41.6258,0.0000
9184,137.2301,41.5935,0.0000
9185,137.2682,41.5611,0.0000
9186,137.3063,41.5288,0.0000
9187,137.3444,41.4964,0.0000
9188,137.3826,41.4640,0.0000
9189,137.4207,41.4317,0.0000
9190,137.4588,41.3993,0.0000
9191,137.4969,41.3670,0.0000
9192,137.5350,41.3346,0.0000
9193,137.5731,41.3022,0.0000
9194,137.6112,41.2699,0.0000
9195,137.6494,41.2375,0.0000
9196,137.6875,41.2052,0.0000
9197,137.7256,41.1728,0.0000
9198,137.7637,41.1404,0.0000
9199,137.8018,41.1081,0.0000
9200,137.8399,41.0757,0.0000
9201,137.8781,41.0433,0.0000
9202,137.9162,41.0110,0.0000
9203,137.9543,40.9786,0.0000
9204,137.9924,40.9463,0.0000
9205,138.0305,40.9139,0.0000
9206,138.0686,40.8815,0.0000
9207,138.1067,40.8492,0.0000
9208,138.1449,40.8168,0.0000
9209,138.1830,40.7845,0.0000
9210,138.2211,40.7521,0.0000
9211,138.2592,40.7197,0.0000
9212,138.2973,40.6874,0.0000
9213,138.3354,40.6550,0.0000
9214,138.3735,40.6227,0.0000
9215,138.4117,40.5903,0.0000
9216,138.4498,40.5579,0.0000
9217,138.4879,40.5256,0.0000
9218,138.5260,40.4932,0.0000
9219,138.5641,40.4608,0.0000
9220,138.6022,40.4285,0.0000
9221,138.6404,40.3961,0.0000
9222,138.6785,40.3638,0.0000
9223,138.7166,40.3314,0.0000
9224,138.7547,40.2990,0.0000
9225,138.7928,40.2667,0.0000
9226,138.8309,40.2343,0.0000
9227,138.8690,40.2020,0.0000
9228,138.9072,40.1696,0.0000
9229,138.9453,40.1372,0.0000
9230,138.9834,40.1049,0.0000
9231,139.0215,40.0725,0.0000
9232,139.0596,40.0402,0.0000
9233,139.0977,40.0078,0.0000
9234,139.1359,39.9754,0.0000
9235,139.1740,39.9431,0.0000
9236,139.2121,39.9107,0.0000
9237,139.2502,39.8784,0.0000
9238,139.2883,39.8460,0.0000
9239,139.3264,39.8136,0.0000
9240,139.3645,39.7813,0.0000
9241,139.4027,39.7489,0.0000
9242,139.4408,39.7165,0.0000
9243,139.4789,39.6842,0.0000
9244,139.5170,39.6518,0.0000
9245,139.5551,39.6195,0.0000
9246,139.5932,39.5871,0.0000
9247,139.6313,39.5547,0.0000
9248,139.6695,39.5224,0.0000
9249,139.7076,39.4900,0.0000
9250,139.7457,39.4577,0.0000
9251,139.7838,39.4253,0.0000
9252,139.8219,39.3929,0.0000
9253,139.8600,39.3606,0.0000
9254,139.8982,39.3282,0.0000
9255,139.9363,39.2959,0.0000
9256,139.9744,39.2635,0.0000
9257,140.0125,39.2311,0.0000
9258,140.0506,39.1988,0.0000
9259,140.0887,39.1664,0.0000
9260,140.1268,39.1340,0.0000
9261,140.1650,39.1017,0.0000
9262,140.2031,39.0693,0.0000
9263,140.2412,39.0370,0.0000
9264,140.2793,39.0046,0.0000
9265,140.3174,38.9722,0.0000
9266,140.3555,38.9399,0.0000
9267,140.3937,38.9075,0.0000
9268,140.4318,38.8752,0.0000
9269,140.4699,38.8428,0.0000
9270,140.5080,38.8104,0.0000
9271,140.5461,38.7781,0.0000
9272,140.5842,38.7457,0.0000
9273,140.6223,38.7134,0.0000
9274,140.6605,38.6810,0.0000
9275,140.6986,38.6486,0.0000
9276,140.7367,38.6163,0.0000
9277,140.7748,38.5839,0.0000
9278,140.8129,38.5515,0.0000
9279,140.8510,38.5192,0.0000
9280,140.8891,38.4868,0.0000
9281,140.9273,38.4545,0.0000
9282,140.9654,38.4221,0.0000
9283,141.0035,38.3897,0.0000
9284,141.0416,38.3574,0.0000
9285,141.0797,38.3250,0.0000
9286,141.1178,38.2927,0.0000
9287,141.1560,38.2603,0.0000
9288,141.1941,38.2279,0.0000
9289,141.2322,38.1956,0.0000
9290,141.2703,38.1632,0.0000
9291,141.3084,38.1309,0.0000
9292,141.3465,38.0985,0.0000
9293,141.3846,38.0661,0.0000
9294,141.4228,38.0338,0.0000
9295,141.4609,38.0014,0.0000
9296,141.4990,37.9690,0.0000
9297,141.5371,37.9367,0.0000
9298,141.5752,37.9043,0.0000
9299,141.6133,37.8720,0.0000
9300,141.6514,37.8396,0.0000
9301,141.6896,37.8072,0.0000
9302,141.7277,37.7749,0.0000
9303,141.7658,37.7425,0.0000
9304,141.8039,37.7102,0.0000
9305,141.8420,37.6778,0.0000
9306,141.8801,37.6454,0.0000
9307,141.9183,37.6131,0.0000
9308,141.9564,37.5807,0.0000
9309,141.9945,37.5484,0.0000
9310,142.0326,37.5160,0.0000
9311,142.0707,37.4836,0.0000
9312,142.1088,37.4513,0.0000
9313,142.1469,37.4189,0.0000
9314,142.1851,37.3866,0.0000
9315,142.2232,37.3542,0.0000
9316,142.2613,37.3218,0.0000
9317,142.2994,37.2895,0.0000
9318,142.3375,37.2571,0.0000
9319,142.3756,37.2247,0.0000
9320,142.4138,37.1924,0.0000
9321,142.4519,37.1600,0.0000
9322,142.4900,37.1277,0.0000
9323,142.5281,37.0953,0.0000
9324,142.5662,37.0629,0.0000
9325,142.6043,37.0306,0.0000
9326,142.6424,36.9982,0.0000
9327,142.6806,36.9659,0.0000
9328,142.7187,36.9335,0.0000
9329,142.7568,36.9011,0.0000
9330,142.7949,36.8688,0.0000
9331,142.8330,36.8364,0.0000
9332,142.8711,36.8041,0.0000
9333,142.9092,36.7717,0.0000
9334,142.9474,36.7393,0.0000
9335,142.9855,36.7070,0.0000
9336,143.0236,36.6746,0.0000
9337,143.0617,36.6422,0.0000
9338,143.0998,36.6099,0.0000
9339,143.1379,36.5775,0.0000
9340,143.1761,36.5452,0.0000
9341,143.2142,36.5128,0.0000
9342,143.2523,36.4804,0.0000
9343,143.2904,36.4481,0.0000
9344,143.3285,36.4157,0.0000
9345,143.3666,36.3834,0.0000
9346,143.4047,36.3510,0.0000
9347,143.4429,36.3186,0.0000
9348,143.4810,36.2863,0.0000
9349,143.5191,36.2539,0.0000
9350,143.5572,36.2216,0.0000
9351,143.5953,36.1892,0.0000
9352,143.6334,36.1568,0.0000
9353,143.6716,36.1245,0.0000
9354,143.7097,36.0921,0.0000
9355,143.7478,36.0597,0.0000
9356,143.7859,36.0274,0.0000
9357,143.8240,35.9950,0.0000
9358,143.8621,35.9627,0.0000
9359,143.9002,35.9303,0.0000
9360,143.9384,35.8979,0.0000
9361,143.9765,35.8656,0.0000
9362,144.0146,35.8332,0.0000
9363,144.0527,35.8009,0.0000
9364,144.0908,35.7685,0.0000
9365,144.1289,35.7361,0.0000
9366,144.1670,35.7038,0.0000
9367,144.2052,35.6714,0.0000
9368,144.2433,35.6391,0.0000
9369,144.2814,35.6067,0.0000
9370,144.3195,35.5743,0.0000
9371,144.3576,35.5420,0.0000
9372,144.3957,35.5096,0.0000
9373,144.4339,35.4772,0.0000
9374,144.4720,35.4449,0.0000
9375,144.5101,35.4125,0.0000
9376,144.5482,35.3802,0.0000
9377,144.5863,35.3478,0.0000
9378,144.6244,35.3154,0.0000
9379,144.6625,35.2831,0.0000
9380,144.7007,35.2507,0.0000
9381,144.7388,35.2184,0.0000
9382,144.7769,35.1860,0.0000
9383,144.8150,35.1536,0.0000
9384,144.8531,35.1213,0.0000
9385,144.8912,35.0889,0.0000
9386,144.9293,35.0566,0.0000
9387,144.9675,35.0242,0.0000
9388,145.0056,34.9918,0.0000
9389,145.0437,34.9595,0.0000
9390,145.0818,34.9271,0.0000
9391,145.1199,34.8947,0.0000
9392,145.1580,34.8624,0.0000
9393,145.1962,34.8300,0.0000
9394,145.2343,34.7977,0.0000
9395,145.2724,34.7653,0.0000
9396,145.3105,34.7329,0.0000
9397,145.3486,34.7006,0.0000
9398,145.3867,34.6682,0.0000
9399,145.4248,34.6359,0.0000
9400,145.4630,34.6035,0.0000
9401,145.5011,34.5711,0.0000
9402,145.5392,34.5388,0.0000
9403,145.5773,34.5064,0.0000
9404,145.6154,34.4741,0.0000
9405,145.6535,34.4417,0.0000
9406,145.6917,34.4093,0.0000
9407,145.7298,34.3770,0.0000
9408,145.7679,34.3446,0.0000
9409,145.8060,34.3123,0.0000
9410,145.8441,34.2799,0.0000
9411,145.8822,34.2475,0.0000
9412,145.9203,34.2152,0.0000
9413,145.9585,34.1828,0.0000
9414,145.9966,34.1504,0.0000
9415,146.0347,34.1181,0.0000
9416,146.0728,34.0857,0.0000
9417,146.1109,34.0534,0.0000
9418,146.1490,34.0210,0.0000
9419,146.1871,33.9886,0.0000
9420,146.2253,33.9563,0.0000
9421,146.2634,33.9239,0.0000
9422,146.3015,33.8916,0.0000
9423,146.3396,33.8592,0.0000
9424,146.3777,33.8268,0.0000
9425,146.4158,33.7945,0.0000
9426,146.4540,33.7621,0.0000
9427,146.4921,33.7298,0.0000
9428,146.5302,33.6974,0.0000
9429,146.5683,33.6650,0.0000
9430,146.6064,33.6327,0.0000
9431,146.6445,33.6003,0.0000
9432,146.6826,33.5679,0.0000
9433,146.7208,33.5356,0.0000
9434,146.7589,33.5032,0.0000
9435,146.7970,33.4709,0.0000
9436,146.8351,33.4385,0.0000
9437,146.8732,33.4061,0.0000
9438,146.9113,33.3738,0.0000
9439,146.9495,33.3414,0.0000
9440,146.9876,33.3091,0.0000
9441,147.0257,33.2767,0.0000
9442,147.0638,33.2443,0.0000
9443,147.1019,33.2120,0.0000
9444,147.1400,33.1796,0.0000
9445,147.1781,33.1473,0.0000
9446,147.2163,33.1149,0.0000
9447,147.2544,33.0825,0.0000
9448,147.2925,33.0502,0.0000
9449,147.3306,33.0178,0.0000
9450,147.3687,32.9854,0.0000
9451,147.4068,32.9531,0.0000
9452,147.4449,32.9207,0.0000
9453,147.4831,32.8884,0.0000
9454,147.5212,32.8560,0.0000
9455,147.5593,32.8236,0.0000
9456,147.5974,32.7913,0.0000
9457,147.6355,32.7589,0.0000
9458,147.6736,32.7266,0.0000
9459,147.7118,32.6942,0.0000
9460,147.7499,32.6618,0.0000
9461,147.7880,32.6295,0.0000
9462,147.8261,32.5971,0.0000
9463,147.8642,32.5648,0.0000
9464,147.9023,32.5324,0.0000
9465,147.9404,32.5000,0.0000
9466,147.9786,32.4677,0.0000
9467,148.0167,32.4353,0.0000
9468,148.0548,32.4029,0.0000
9469,148.0929,32.3706,0.0000
9470,148.1310,32.3382,0.0000
9471,148.1691,32.3059,0.0000
9472,148.2073,32.2735,0.0000
9473,148.2454,32.2411,0.0000
9474,148.2835,32.2088,0.0000
9475,148.3216,32.1764,0.0000
9476,148.3597,32.1441,0.0000
9477,148.3978,32.1117,0.0000
9478,148.4359,32.0793,0.0000
9479,148.4741,32.0470,0.0000
9480,148.5122,32.0146,0.0000
9481,148.5503,31.9823,0.0000
9482,148.5884,31.9499,0.0000
9483,148.6265,31.9175,0.0000
9484,148.6646,31.8852,0.0000
9485,148.7027,31.8528,0.0000
9486,148.7409,31.8205,0.0000
9487,148.7790,31.7881,0.0000
9488,148.8171,31.7557,0.0000
9489,148.8552,31.7234,0.0000
9490,148.8933,31.6910,0.0000
9491,148.9314,31.6586,0.0000
9492,148.9696,31.6263,0.0000
9493,149.0077,31.5939,0.0000
9494,149.0458,31.5616,0.0000
9495,149.0839,31.5292,0.0000
9496,149.1220,31.4968,0.0000
9497,149.1601,31.4645,0.0000
9498,149.1982,31.4321,0.0000
9499,149.2364,31.3998,0.0000
9500,149.2745,31.3674,0.0000
9501,149.3126,31.3350,0.0000
9502,149.3507,31.3027,0.0000
9503,149.3888,31.2703,0.0000
9504,149.4269,31.2380,0.0000
9505,149.4650,31.2056,0.0000
9506,149.5032,31.1732,0.0000
9507,149.5413,31.1409,0.0000
9508,149.5794,31.1085,0.0000
9509,149.6175,31.0761,0.0000
9510,149.6556,31.0438,0.0000
9511,149.6937,31.0114,0.0000
9512,149.7319,30.9791,0.0000
9513,149.7700,30.9467,0.0000
9514,149.8081,30.9143,0.0000
9515,149.8462,30.8820,0.0000
9516,149.8843,30.8496,0.0000
9517,149.9224,30.8173,0.0000
9518,149.9605,30.7849,0.0000
9519,149.9987,30.7525,0.0000
9520,150.0368,30.7202,0.0000
9521,150.0749,30.6878,0.0000
9522,150.1130,30.6555,0.0000
9523,150.1511,30.6231,0.0000
9524,150.1892,30.5907,0.0000
9525,150.2274,30.5584,0.0000
9526,150.2655,30.5260,0.0000
9527,150.3036,30.4936,0.0000
9528,150.3417,30.4613,0.0000
9529,150.3798,30.4289,0.0000
9530,150.4179,30.3966,0.0000
9531,150.4560,30.3642,0.0000
9532,150.4942,30.3318,0.0000
9533,150.5323,30.2995,0.0000
9534,150.5704,30.2671,0.0000
9535,150.6085,30.2348,0.0000
9536,150.6466,30.2024,0.0000
9537,150.6847,30.1700,0.0000
9538,150.7228,30.1377,0.0000
9539,150.7610,30.1053,0.0000
9540,150.7991,30.0730,0.0000
9541,150.8372,30.0406,0.0000
9542,150.8753,30.0082,0.0000
9543,150.9134,29.9759,0.0000
9544,150.9515,29.9435,0.0000
9545,150.9897,29.9111,0.0000
9546,151.0278,29.8788,0.0000
9547,151.0659,29.8464,0.0000
9548,151.1040,29.8141,0.0000
9549,151.1421,29.7817,0.0000
9550,151.1802,29.7493,0.0000
9551,151.2183,29.7170,0.0000
9552,151.2565,29.6846,0.0000
9553,151.2946,29.6523,0.0000
9554,151.3327,29.6199,0.0000
9555,151.3708,29.5875,0.0000
9556,151.4089,29.5552,0.0000
9557,151.4470,29.5228,0.0000
9558,151.4852,29.4905,0.0000
9559,151.5233,29.4581,0.0000
9560,151.5614,29.4257,0.0000
9561,151.5995,29.3934,0.0000
9562,151.6376,29.3610,0.0000
9563,151.6757,29.3287,0.0000
9564,151.7138,29.2963,0.0000
9565,151.7520,29.2639,0.0000
9566,151.7901,29.2316,0.0000
9567,151.8282,29.1992,0.0000
9568,151.8663,29.1668,0.0000
9569,151.9044,29.1345,0.0000
9570,151.9425,29.1021,0.0000
9571,151.9806,29.0698,0.0000
9572,152.0188,29.0374,0.0000
9573,152.0569,29.0050,0.0000
9574,152.0950,28.9727,0.0000
9575,152.1331,28.9403,0.0000
9576,152.1712,28.9080,0.0000
9577,152.2093,28.8756,0.0000
9578,152.2475,28.8432,0.0000
9579,152.2856,28.8109,0.0000
9580,152.3237,28.7785,0.0000
9581,152.3618,28.7462,0.0000
9582,152.3999,28.7138,0.0000
9583,152.4380,28.6814,0.0000
9584,152.4761,28.6491,0.0000
9585,152.5143,28.6167,0.0000
9586,152.5524,28.5843,0.0000
9587,152.5905,28.5520,0.0000
9588,152.6286,28.5196,0.0000
9589,152.6667,28.4873,0.0000
9590,152.7048,28.4549,0.0000
9591,152.7430,28.4225,0.0000
9592,152.7811,28.3902,0.0000
9593,152.8192,28.3578,0.0000
9594,152.8573,28.3255,0.0000
9595,152.8954,28.2931,0.0000
9596,152.9335,28.2607,0.0000
9597,152.9716,28.2284,0.0000
9598,153.0098,28.1960,0.0000
9599,153.0479,28.1637,0.0000
9600,153.0860,28.1313,0.0000
9601,153.1241,28.0989,0.0000
9602,153.1622,28.0666,0.0000
9603,153.2003,28.0342,0.0000
9604,153.2384,28.0018,0.0000
9605,153.2766,27.9695,0.0000
9606,153.3147,27.9371,0.0000
9607,153.3528,27.9048,0.0000
9608,153.3909,27.8724,0.0000
9609,153.4290,27.8400,0.0000
9610,153.4671,27.8077,0.0000
9611,153.5053,27.7753,0.0000
9612,153.5434,27.7430,0.0000
9613,153.5815,27.7106,0.0000
9614,153.6196,27.6782,0.0000
9615,153.6577,27.6459,0.0000
9616,153.6958,27.6135,0.0000
9617,153.7339,27.5812,0.0000
9618,153.7721,27.5488,0.0000
9619,153.8102,27.5164,0.0000
9620,153.8483,27.4841,0.0000
9621,153.8864,27.4517,0.0000
9622,153.9245,27.4193,0.0000
9623,153.9626,27.3870,0.0000
9624,154.0007,27.3546,0.0000
9625,154.0389,27.3223,0.0000
9626,154.0770,27.2899,0.0000
9627,154.1151,27.2575,0.0000
9628,154.1532,27.2252,0.0000
9629,154.1913,27.1928,0.0000
9630,154.2294,27.1605,0.0000
9631,154.2676,27.1281,0.0000
9632,154.3057,27.0957,0.0000
9633,154.3438,27.0634,0.0000
9634,154.3819,27.0310,0.0000
9635,154.4200,26.9987,0.0000
9636,154.4581,26.9663,0.0000
9637,154.4962,26.9339,0.0000
9638,154.5344,26.9016,0.0000
9639,154.5725,26.8692,0.0000
9640,154.6106,26.8368,0.0000
9641,154.6487,26.8045,0.0000
9642,154.6868,26.7721,0.0000
9643,154.7249,26.7398,0.0000
9644,154.7631,26.7074,0.0000
9645,154.8012,26.6750,0.0000
9646,154.8393,26.6427,0.0000
9647,154.8774,26.6103,0.0000
9648,154.9155,26.5780,0.0000
9649,154.9536,26.5456,0.0000
9650,154.9917,26.5132,0.0000
9651,155.0299,26.4809,0.0000
9652,155.0680,26.4485,0.0000
9653,155.1061,26.4162,0.0000
9654,155.1442,26.3838,0.0000
9655,155.1823,26.3514,0.0000
9656,155.2204,26.3191,0.0000
9657,155.2585,26.2867,0.0000
9658,155.2967,26.2544,0.0000
9659,155.3348,26.2220,0.0000
9660,155.3729,26.1896,0.0000
9661,155.4110,26.1573,0.0000
9662,155.4491,26.1249,0.0000
9663,155.4872,26.0925,0.0000
9664,155.5254,26.0602,0.0000
9665,155.5635,26.0278,0.0000
9666,155.6016,25.9955,0.0000
9667,155.6397,25.9631,0.0000
9668,155.6778,25.9307,0.0000
9669,155.7159,25.8984,0.0000
9670,155.7540,25.8660,0.0000
9671,155.7922,25.8337,0.0000
9672,155.8303,25.8013,0.0000
9673,155.8684,25.7689,0.0000
9674,155.9065,25.7366,0.0000
9675,155.9446,25.7042,0.0000
9676,155.9827,25.6719,0.0000
9677,156.0209,25.6395,0.0000
9678,156.0590,25.6071,0.0000
9679,156.0971,25.5748,0.0000
9680,156.1352,25.5424,0.0000
9681,156.1733,25.5100,0.0000
9682,156.2114,25.4777,0.0000
9683,156.2495,25.4453,0.0000
9684,156.2877,25.4130,0.0000
9685,156.3258,25.3806,0.0000
9686,156.3639,25.3482,0.0000
9687,156.4020,25.3159,0.0000
9688,156.4401,25.2835,0.0000
9689,156.4782,25.2512,0.0000
9690,156.5163,25.2188,0.0000
9691,156.5545,25.1864,0.0000
9692,156.5926,25.1541,0.0000
9693,156.6307,25.1217,0.0000
9694,156.6688,25.0894,0.0000
9695,156.7069,25.0570,0.0000
9696,156.7450,25.0246,0.0000
9697,156.7832,24.9923,0.0000
9698,156.8213,24.9599,0.0000
9699,156.8594,24.9275,0.0000
9700,156.8975,24.8952,0.0000
9701,156.9356,24.8628,0.0000
9702,156.9737,24.8305,0.0000
9703,157.0118,24.7981,0.0000
9704,157.0500,24.7657,0.0000
9705,157.0881,24.7334,0.0000
9706,157.1262,24.7010,0.0000
9707,157.1643,24.6687,0.0000
9708,157.2024,24.6363,0.0000
9709,157.2405,24.6039,0.0000
9710,157.2787,24.5716,0.0000
9711,157.3168,24.5392,0.0000
9712,157.3549,24.5069,0.0000
9713,157.3930,24.4745,0.0000
9714,157.4311,24.4421,0.0000
9715,157.4692,24.4098,0.0000
9716,157.5073,24.3774,0.0000
9717,157.5455,24.3450,0.0000
9718,157.5836,24.3127,0.0000
9719,157.6217,24.2803,0.0000
9720,157.6598,24.2480,0.0000
9721,157.6979,24.2156,0.0000
9722,157.7360,24.1832,0.0000
9723,157.7741,24.1509,0.0000
9724,157.8123,24.1185,0.0000
9725,157.8504,24.0862,0.0000
9726,157.8885,24.0538,0.0000
9727,157.9266,24.0214,0.0000
9728,157.9647,23.9891,0.0000
9729,158.0028,23.9567,0.0000
9730,158.0410,23.9244,0.0000
9731,158.0791,23.8920,0.0000
9732,158.1172,23.8596,0.0000
9733,158.1553,23.8273,0.0000
9734,158.1934,23.7949,0.0000
9735,158.2315,23.7626,0.0000
9736,158.2696,23.7302,0.0000
9737,158.3078,23.6978,0.0000
9738,158.3459,23.6655,0.0000
9739,158.3840,23.6331,0.0000
9740,158.4221,23.6007,0.0000
9741,158.4602,23.5684,0.0000
9742,158.4983,23.5360,0.0000
9743,158.5364,23.5037,0.0000
9744,158.5746,23.4713,0.0000
9745,158.6127,23.4389,0.0000
9746,158.6508,23.4066,0.0000
9747,158.6889,23.3742,0.0000
9748,158.7270,23.3419,0.0000
9749,158.7651,23.3095,0.0000
9750,158.8033,23.2771,0.0000
9751,158.8414,23.2448,0.0000
9752,158.8795,23.2124,0.0000
9753,158.9176,23.1801,0.0000
9754,158.9557,23.1477,0.0000
9755,158.9938,23.1153,0.0000
9756,159.0319,23.0830,0.0000
9757,159.0701,23.0506,0.0000
9758,159.1082,23.0182,0.0000
9759,159.1463,22.9859,0.0000
9760,159.1844,22.9535,0.0000
9761,159.2225,22.9212,0.0000
9762,159.2606,22.8888,0.0000
9763,159.2988,22.8564,0.0000
9764,159.3369,22.8241,0.0000
9765,159.3750,22.7917,0.0000
9766,159.4131,22.7594,0.0000
9767,159.4512,22.7270,0.0000
9768,159.4893,22.6946,0.0000
9769,159.5274,22.6623,0.0000
9770,159.5656,22.6299,0.0000
9771,159.6037,22.5976,0.0000
9772,159.6418,22.5652,0.0000
9773,159.6799,22.5328,0.0000
9774,159.7180,22.5005,0.0000
9775,159.7561,22.4681,0.0000
9776,159.7942,22.4357,0.0000
9777,159.8324,22.4034,0.0000
9778,159.8705,22.3710,0.0000
9779,159.9086,22.3387,0.0000
9780,159.9467,22.3063,0.0000
9781,159.9848,22.2739,0.0000
9782,160.0229,22.2416,0.0000
9783,160.0611,22.2092,0.0000
9784,160.0992,22.1769,0.0000
9785,160.1373,22.1445,0.0000
9786,160.1754,22.1121,0.0000
9787,160.2135,22.0798,0.0000
9788,160.2516,22.0474,0.0000
9789,160.2897,22.0151,0.0000
9790,160.3279,21.9827,0.0000
9791,160.3660,21.9503,0.0000
9792,160.4041,21.9180,0.0000
9793,160.4422,21.8856,0.0000
9794,160.4803,21.8532,0.0000
9795,160.5184,21.8209,0.0000
9796,160.5566,21.7885,0.0000
9797,160.5947,21.7562,0.0000
9798,160.6328,21.7238,0.0000
9799,160.6709,21.6914,0.0000
9800,160.7090,21.6591,0.0000
9801,160.7471,21.6267,0.0000
9802,160.7852,21.5944,0.0000
9803,160.8234,21.5620,0.0000
9804,160.8615,21.5296,0.0000
9805,160.8996,21.4973,0.0000
9806,160.9377,21.4649,0.0000
9807,160.9758,21.4326,0.0000
9808,161.0139,21.4002,0.0000
9809,161.0520,21.3678,0.0000
9810,161.0902,21.3355,0.0000
9811,161.1283,21.3031,0.0000
9812,161.1664,21.2707,0.0000
9813,161.2045,21.2384,0.0000
9814,161.2426,21.2060,0.0000
9815,161.2807,21.1737,0.0000
9816,161.3189,21.1413,0.0000
9817,161.3570,21.1089,0.0000
9818,161.3951,21.0766,0.0000
9819,161.4332,21.0442,0.0000
9820,161.4713,21.0119,0.0000
9821,161.5094,20.9795,0.0000
9822,161.5475,20.9471,0.0000
9823,161.5857,20.9148,0.0000
9824,161.6238,20.8824,0.0000
9825,161.6619,20.8501,0.0000
9826,161.7000,20.8177,0.0000
9827,161.7381,20.7853,0.0000
9828,161.7762,20.7530,0.0000
9829,161.8144,20.7206,0.0000
9830,161.8525,20.6883,0.0000
9831,161.8906,20.6559,0.0000
9832,161.9287,20.6235,0.0000
9833,161.9668,20.5912,0.0000
9834,162.0049,20.5588,0.0000
9835,162.0430,20.5264,0.0000
9836,162.0812,20.4941,0.0000
9837,162.1193,20.4617,0.0000
9838,162.1574,20.4294,0.0000
9839,162.1955,20.3970,0.0000
9840,162.2336,20.3646,0.0000
9841,162.2717,20.3323,0.0000
9842,162.3098,20.2999,0.0000
9843,162.3480,20.2676,0.0000
9844,162.3861,20.2352,0.0000
9845,162.4242,20.2028,0.0000
9846,162.4623,20.1705,0.0000
9847,162.5004,20.1381,0.0000
9848,162.5385,20.1058,0.0000
9849,162.5767,20.0734,0.0000
9850,162.6148,20.0410,0.0000
9851,162.6529,20.0087,0.0000
9852,162.6910,19.9763,0.0000
9853,162.7291,19.9439,0.0000
9854,162.7672,19.9116,0.0000
9855,162.8053,19.8792,0.0000
9856,162.8435,19.8469,0.0000
9857,162.8816,19.8145,0.0000
9858,162.9197,19.7821,0.0000
9859,162.9578,19.7498,0.0000
9860,162.9959,19.7174,0.0000
9861,163.0340,19.6851,0.0000
9862,163.0721,19.6527,0.0000
9863,163.1103,19.6203,0.0000
9864,163.1484,19.5880,0.0000
9865,163.1865,19.5556,0.0000
9866,163.2246,19.5233,0.0000
9867,163.2627,19.4909,0.0000
9868,163.3008,19.4585,0.0000
9869,163.3390,19.4262,0.0000
9870,163.3771,19.3938,0.0000
9871,163.4152,19.3614,0.0000
9872,163.4533,19.3291,0.0000
9873,163.4914,19.2967,0.0000
9874,163.5295,19.2644,0.0000
9875,163.5676,19.2320,0.0000
9876,163.6058,19.1996,0.0000
9877,163.6439,19.1673,0.0000
9878,163.6820,19.1349,0.0000
9879,163.7201,19.1026,0.0000
9880,163.7582,19.0702,0.0000
9881,163.7963,19.0378,0.0000
9882,163.8345,19.0055,0.0000
9883,163.8726,18.9731,0.0000
9884,163.9107,18.9408,0.0000
9885,163.9488,18.9084,0.0000
9886,163.9869,18.8760,0.0000
9887,164.0250,18.8437,0.0000
9888,164.0631,18.8113,0.0000
9889,164.1013,18.7789,0.0000
9890,164.1394,18.7466,0.0000
9891,164.1775,18.7142,0.0000
9892,164.2156,18.6819,0.0000
9893,164.2537,18.6495,0.0000
9894,164.2918,18.6171,0.0000
9895,164.3299,18.5848,0.0000
9896,164.3681,18.5524,0.0000
9897,164.4062,18.5201,0.0000
9898,164.4443,18.4877,0.0000
9899,164.4824,18.4553,0.0000
9900,164.5205,18.4230,0.0000
9901,164.5586,18.3906,0.0000
9902,164.5968,18.3583,0.0000
9903,164.6349,18.3259,0.0000
9904,164.6730,18.2935,0.0000
9905,164.7111,18.2612,0.0000
9906,164.7492,18.2288,0.0000
9907,164.7873,18.1965,0.0000
9908,164.8254,18.1641,0.0000
9909,164.8636,18.1317,0.0000
9910,164.9017,18.0994,0.0000
9911,164.9398,18.0670,0.0000
9912,164.9779,18.0346,0.0000
9913,165.0160,18.0023,0.0000
9914,165.0541,17.9699,0.0000
9915,165.0923,17.9376,0.0000
9916,165.1304,17.9052,0.0000
9917,165.1685,17.8728,0.0000
9918,165.2066,17.8405,0.0000
9919,165.2447,17.8081,0.0000
9920,165.2828,17.7758,0.0000
9921,165.3209,17.7434,0.0000
9922,165.3591,17.7110,0.0000
9923,165.3972,17.6787,0.0000
9924,165.4353,17.6463,0.0000
9925,165.4734,17.6140,0.0000
9926,165.5115,17.5816,0.0000
9927,165.5496,17.5492,0.0000
9928,165.5877,17.5169,0.0000
9929,165.6259,17.4845,0.0000
9930,165.6640,17.4521,0.0000
9931,165.7021,17.4198,0.0000
9932,165.7402,17.3874,0.0000
9933,165.7783,17.3551,0.0000
9934,165.8164,17.3227,0.0000
9935,165.8546,17.2903,0.0000
9936,165.8927,17.2580,0.0000
9937,165.9308,17.2256,0.0000
9938,165.9689,17.1933,0.0000
9939,166.0070,17.1609,0.0000
9940,166.0451,17.1285,0.0000
9941,166.0832,17.0962,0.0000
9942,166.1214,17.0638,0.0000
9943,166.1595,17.0315,0.0000
9944,166.1976,16.9991,0.0000
9945,166.2357,16.9667,0.0000
9946,166.2738,16.9344,0.0000
9947,166.3119,16.9020,0.0000
9948,166.3500,16.8696,0.0000
9949,166.3882,16.8373,0.0000
9950,166.4263,16.8049,0.0000
9951,166.4644,16.7726,0.0000
9952,166.5025,16.7402,0.0000
9953,166.5406,16.7078,0.0000
9954,166.5787,16.6755,0.0000
9955,166.6169,16.6431,0.0000
9956,166.6550,16.6108,0.0000
9957,166.6931,16.5784,0.0000
9958,166.7312,16.5460,0.0000
9959,166.7693,16.5137,0.0000
9960,166.8074,16.4813,0.0000
9961,166.8455,16.4490,0.0000
9962,166.8837,16.4166,0.0000
9963,166.9218,16.3842,0.0000
9964,166.9599,16.3519,0.0000
9965,166.9980,16.3195,0.0000
9966,167.0361,16.2871,0.0000
9967,167.0742,16.2548,0.0000
9968,167.1124,16.2224,0.0000
9969,167.1505,16.1901,0.0000
9970,167.1886,16.1577,0.0000
9971,167.2267,16.1253,0.0000
9972,167.2648,16.0930,0.0000
9973,167.3029,16.0606,0.0000
9974,167.3410,16.0283,0.0000
9975,167.3792,15.9959,0.0000
9976,167.4311,15.9518,0.0000
9977,167.3811,15.9518,0.0000
9978,167.3311,15.9518,0.0000
9979,167.2811,15.9518,0.0000
9980,167.2311,15.9518,0.0000
9981,167.1811,15.9518,0.0000
9982,167.1311,15.9518,0.0000
9983,167.0811,15.9518,0.0000
9984,167.0311,15.9518,0.0000
9985,166.9811,15.9518,0.0000
9986,166.9311,15.9518,0.0000
9987,166.8811,15.9518,0.0000
9988,166.8311,15.9518,0.0000
9989,166.7811,15.9518,0.0000
9990,166.7311,15.9518,0.0000
9991,166.6811,15.9518,0.0000
9992,166.6311,15.9518,0.0000
9993,166.5811,15.9518,0.0000
9994,166.5311,15.9518,0.0000
9995,166.4811,15.9518,0.0000
9996,166.4311,15.9518,0.0000
9997,166.3811,15.9518,0.0000
9998,166.3311,15.9518,0.0000
9999,166.2811,15.9518,0.0000
10000,166.2311,15.9518,0.0000
10001,166.1811,15.9518,0.0000
10002,166.1311,15.9518,0.0000
10003,166.0811,15.9518,0.0000
10004,166.0311,15.9518,0.0000
10005,165.9811,15.9518,0.0000
10006,165.9311,15.9518,0.0000
10007,165.8811,15.9518,0.0000
10008,165.8311,15.9518,0.0000
10009,165.7811,15.9518,0.0000
10010,165.7311,15.9518,0.0000
10011,165.6811,15.9518,0.0000
10012,165.6311,15.9518,0.0000
10013,165.5811,15.9518,0.0000
10014,165.5311,15.9518,0.0000
10015,165.4811,15.9518,0.0000
10016,165.4311,15.9518,0.0000
10017,165.3811,15.9518,0.0000
10018,165.3311,15.9518,0.0000
10019,165.2811,15.9518,0.0000
10020,165.2311,15.9518,0.0000
10021,165.1811,15.9518,0.0000
10022,165.1311,15.9518,0.0000
10023,165.0811,15.9518,0.0000
10024,165.0311,15.9518,0.0000
10025,164.9811,15.9518,0.0000
10026,164.9311,15.9518,0.0000
10027,164.8811,15.9518,0.0000
10028,164.8311,15.9518,0.0000
10029,164.7811,15.9518,0.0000
10030,164.7311,15.9518,0.0000
10031,164.6811,15.9518,0.0000
10032,164.6311,15.9518,0.0000
10033,164.5811,15.9518,0.0000
10034,164.5311,15.9518,0.0000
10035,164.4811,15.9518,0.0000
10036,164.4311,15.9518,0.0000
10037,164.3811,15.9518,0.0000
10038,164.3311,15.9518,0.0000
10039,164.2811,15.9518,0.0000
10040,164.2311,15.9518,0.0000
10041,164.1811,15.9518,0.0000
10042,164.1311,15.9518,0.0000
10043,164.0811,15.9518,0.0000
10044,164.0311,15.9518,0.0000
10045,163.9811,15.9518,0.0000
10046,163.9311,15.9518,0.0000
10047,163.8811,15.9518,0.0000
10048,163.8311,15.9518,0.0000
10049,163.7811,15.9518,0.0000
10050,163.7311,15.9518,0.0000
10051,163.6811,15.9518,0.0000
10052,163.6311,15.9518,0.0000
10053,163.5811,15.9518,0.0000
10054,163.5311,15.9518,0.0000
10055,163.4811,15.9518,0.0000
10056,163.4311,15.9518,0.0000
10057,163.3811,15.9518,0.0000
10058,163.3311,15.9518,0.0000
10059,163.2811,15.9518,0.0000
10060,163.2311,15.9518,0.0000
10061,163.1811,15.9518,0.0000
10062,163.1311,15.9518,0.0000
10063,163.0811,15.9518,0.0000
10064,163.0311,15.9518,0.0000
10065,162.9811,15.9518,0.0000
10066,162.9311,15.9518,0.0000
10067,162.8811,15.9518,0.0000
10068,162.8311,15.9518,0.0000
10069,162.7811,15.9518,0.0000
10070,162.7311,15.9518,0.0000
10071,162.6811,15.9518,0.0000
10072,162.6311,15.9518,0.0000
10073,162.5811,15.9518,0.0000
10074,162.5311,15.9518,0.0000
10075,162.4811,15.9518,0.0000
10076,162.4311,15.9518,0.0000
10077,162.3811,15.9518,0.0000
10078,162.3311,15.9518,0.0000
10079,162.2811,15.9518,0.0000
10080,162.2311,15.9518,0.0000
10081,162.1811,15.9518,0.0000
10082,162.1311,15.9518,0.0000
10083,162.0811,15.9518,0.0000
10084,162.0311,15.9518,0.0000
10085,161.9811,15.9518,0.0000
10086,161.9311,15.9518,0.0000
10087,161.8811,15.9518,0.0000
10088,161.8311,15.9518,0.0000
10089,161.7811,15.9518,0.0000
10090,161.7311,15.9518,0.0000
10091,161.6811,15.9518,0.0000
10092,161.6311,15.9518,0.0000
10093,161.5811,15.9518,0.0000
10094,161.5311,15.9518,0.0000
10095,161.4811,15.9518,0.0000
10096,161.4311,15.9518,0.0000
10097,161.3811,15.9518,0.0000
10098,161.3311,15.9518,0.0000
10099,161.2811,15.9518,0.0000
10100,161.2311,15.9518,0.0000
10101,161.1811,15.9518,0.0000
10102,161.1311,15.9518,0.0000
10103,161.0811,15.9518,0.0000
10104,161.0311,15.9518,0.0000
10105,160.9811,15.9518,0.0000
10106,160.9311,15.9518,0.0000
10107,160.8811,15.9518,0.0000
10108,160.8311,15.9518,0.0000
10109,160.7811,15.9518,0.0000
10110,160.7311,15.9518,0.0000
10111,160.6811,15.9518,0.0000
10112,160.6311,15.9518,0.0000
10113,160.5811,15.9518,0.0000
10114,160.5311,15.9518,0.0000
10115,160.4811,15.9518,0.0000
10116,160.4311,15.9518,0.0000
10117,160.3811,15.9518,0.0000
10118,160.3311,15.9518,0.0000
10119,160.2811,15.9518,0.0000
10120,160.2311,15.9518,0.0000
10121,160.1811,15.9518,0.0000
10122,160.1311,15.9518,0.0000
10123,160.0811,15.9518,0.0000
10124,160.0311,15.9518,0.0000
10125,159.9811,15.9518,0.0000
10126,159.9311,15.9518,0.0000
10127,159.8811,15.9518,0.0000
10128,159.8311,15.9518,0.0000
10129,159.7811,15.9518,0.0000
10130,159.7311,15.9518,0.0000
10131,159.6811,15.9518,0.0000
10132,159.6311,15.9518,0.0000
10133,159.5811,15.9518,0.0000
10134,159.5311,15.9518,0.0000
10135,159.4811,15.9518,0.0000
10136,159.4311,15.9518,0.0000
10137,159.3811,15.9518,0.0000
10138,159.3311,15.9518,0.0000
10139,159.2811,15.9518,0.0000
10140,159.2311,15.9518,0.0000
10141,159.1811,15.9518,0.0000
10142,159.1311,15.9518,0.0000
10143,159.0811,15.9518,0.0000
10144,159.0311,15.9518,0.0000
10145,158.9811,15.9518,0.0000
10146,158.9311,15.9518,0.0000
10147,158.8811,15.9518,0.0000
10148,158.8311,15.9518,0.0000
10149,158.7811,15.9518,0.0000
10150,158.7311,15.9518,0.0000
10151,158.6811,15.9518,0.0000
10152,158.6311,15.9518,0.0000
10153,158.5811,15.9518,0.0000
10154,158.5311,15.9518,0.0000
10155,158.4811,15.9518,0.0000
10156,158.4311,15.9518,0.0000
10157,158.3811,15.9518,0.0000
10158,158.3311,15.9518,0.0000
10159,158.2811,15.9518,0.0000
10160,158.2311,15.9518,0.0000
10161,158.1811,15.9518,0.0000
10162,158.1311,15.9518,0.0000
10163,158.0811,15.9518,0.0000
10164,158.0311,15.9518,0.0000
10165,157.9811,15.9518,0.0000
10166,157.9311,15.9518,0.0000
10167,157.8811,15.9518,0.0000
10168,157.8311,15.9518,0.0000
10169,157.7811,15.9518,0.0000
10170,157.7311,15.9518,0.0000
10171,157.6811,15.9518,0.0000
10172,157.6311,15.9518,0.0000
10173,157.5811,15.9518,0.0000
10174,157.5311,15.9518,0.0000
10175,157.4811,15.9518,0.0000
10176,157.4311,15.9518,0.0000
10177,157.3811,15.9518,0.0000
10178,157.3311,15.9518,0.0000
10179,157.2811,15.9518,0.0000
10180,157.2311,15.9518,0.0000
10181,157.1811,15.9518,0.0000
10182,157.1311,15.9518,0.0000
10183,157.0811,15.9518,0.0000
10184,157.0311,15.9518,0.0000
10185,156.9811,15.9518,0.0000
10186,156.9311,15.9518,0.0000
10187,156.8811,15.9518,0.0000
10188,156.8311,15.9518,0.0000
10189,156.7811,15.9518,0.0000
10190,156.7311,15.9518,0.0000
10191,156.6811,15.9518,0.0000
10192,156.6311,15.9518,0.0000
10193,156.5811,15.9518,0.0000
10194,156.5311,15.9518,0.0000
10195,156.4811,15.9518,0.0000
10196,156.4311,15.9518,0.0000
10197,156.3811,15.9518,0.0000
10198,156.3311,15.9518,0.0000
10199,156.2811,15.9518,0.0000
10200,156.2311,15.9518,0.0000
10201,156.1811,15.9518,0.0000
10202,156.1311,15.9518,0.0000
10203,156.0811,15.9518,0.0000
10204,156.0311,15.9518,0.0000
10205,155.9811,15.9518,0.0000
10206,155.9311,15.9518,0.0000
10207,155.8811,15.9518,0.0000
10208,155.8311,15.9518,0.0000
10209,155.7811,15.9518,0.0000
10210,155.7311,15.9518,0.0000
10211,155.6811,15.9518,0.0000
10212,155.6311,15.9518,0.0000
10213,155.5811,15.9518,0.0000
10214,155.5311,15.9518,0.0000
10215,155.4811,15.9518,0.0000
10216,155.4311,15.9518,0.0000
10217,155.3811,15.9518,0.0000
10218,155.3311,15.9518,0.0000
10219,155.2811,15.9518,0.0000
10220,155.2311,15.9518,0.0000
10221,155.1811,15.9518,0.0000
10222,155.1311,15.9518,0.0000
10223,155.0811,15.9518,0.0000
10224,155.0311,15.9518,0.0000
10225,154.9811,15.9518,0.0000
10226,154.9311,15.9518,0.0000
10227,154.8811,15.9518,0.0000
10228,154.8311,15.9518,0.0000
10229,154.7811,15.9518,0.0000
10230,154.7311,15.9518,0.0000
10231,154.6811,15.9518,0.0000
10232,154.6311,15.9518,0.0000
10233,154.5811,15.9518,0.0000
10234,154.5311,15.9518,0.0000
10235,154.4811,15.9518,0.0000
10236,154.4311,15.9518,0.0000
10237,154.3811,15.9518,0.0000
10238,154.3311,15.9518,0.0000
10239,154.2811,15.9518,0.0000
10240,154.2311,15.9518,0.0000
10241,154.1811,15.9518,0.0000
10242,154.1311,15.9518,0.0000
10243,154.0811,15.9518,0.0000
10244,154.0311,15.9518,0.0000
10245,153.9811,15.9518,0.0000
10246,153.9311,15.9518,0.0000
10247,153.8811,15.9518,0.0000
10248,153.8311,15.9518,0.0000
10249,153.7811,15.9518,0.0000
10250,153.7311,15.9518,0.0000
10251,153.6811,15.9518,0.0000
10252,153.6311,15.9518,0.0000
10253,153.5811,15.9518,0.0000
10254,153.5311,15.9518,0.0000
10255,153.4811,15.9518,0.0000
10256,153.4311,15.9518,0.0000
10257,153.3811,15.9518,0.0000
10258,153.3311,15.9518,0.0000
10259,153.2811,15.9518,0.0000
10260,153.2311,15.9518,0.0000
10261,153.1811,15.9518,0.0000
10262,153.1311,15.9518,0.0000
10263,153.0811,15.9518,0.0000
10264,153.0311,15.9518,0.0000
10265,152.9811,15.9518,0.0000
10266,152.9311,15.9518,0.0000
10267,152.8811,15.9518,0.0000
10268,152.8311,15.9518,0.0000
10269,152.7811,15.9518,0.0000
10270,152.7311,15.9518,0.0000
10271,152.6811,15.9518,0.0000
10272,152.6311,15.9518,0.0000
10273,152.5811,15.9518,0.0000
10274,152.5311,15.9518,0.0000
10275,152.4811,15.9518,0.0000
10276,152.4311,15.9518,0.0000
10277,152.3811,15.9518,0.0000
10278,152.3311,15.9518,0.0000
10279,152.2811,15.9518,0.0000
10280,152.2311,15.9518,0.0000
10281,152.1811,15.9518,0.0000
10282,152.1311,15.9518,0.0000
10283,152.0811,15.9518,0.0000
10284,152.0311,15.9518,0.0000
10285,151.9811,15.9518,0.0000
10286,151.9311,15.9518,0.0000
10287,151.8811,15.9518,0.0000
10288,151.8311,15.9518,0.0000
10289,151.7811,15.9518,0.0000
10290,151.7311,15.9518,0.0000
10291,151.6811,15.9518,0.0000
10292,151.6311,15.9518,0.0000
10293,151.5811,15.9518,0.0000
10294,151.5311,15.9518,0.0000
10295,151.4811,15.9518,0.0000
10296,151.4311,15.9518,0.0000
10297,151.3811,15.9518,0.0000
10298,151.3311,15.9518,0.0000
10299,151.2811,15.9518,0.0000
10300,151.2311,15.9518,0.0000
10301,151.1811,15.9518,0.0000
10302,151.1311,15.9518,0.0000
10303,151.0811,15.9518,0.0000
10304,151.0311,15.9518,0.0000
10305,150.9811,15.9518,0.0000
10306,150.9311,15.9518,0.0000
10307,150.8811,15.9518,0.0000
10308,150.8311,15.9518,0.0000
10309,150.7811,15.9518,0.0000
10310,150.7311,15.9518,0.0000
10311,150.6811,15.9518,0.0000
10312,150.6311,15.9518,0.0000
10313,150.5811,15.9518,0.0000
10314,150.5311,15.9518,0.0000
10315,150.4811,15.9518,0.0000
10316,150.4311,15.9518,0.0000
10317,150.3811,15.9518,0.0000
10318,150.3311,15.9518,0.0000
10319,150.2811,15.9518,0.0000
10320,150.2311,15.9518,0.0000
10321,150.1811,15.9518,0.0000
10322,150.1311,15.9518,0.0000
10323,150.0811,15.9518,0.0000
10324,150.0311,15.9518,0.0000
10325,149.9811,15.9518,0.0000
10326,149.9311,15.9518,0.0000
10327,149.8811,15.9518,0.0000
10328,149.8311,15.9518,0.0000
10329,149.7811,15.9518,0.0000
10330,149.7311,15.9518,0.0000
10331,149.6811,15.9518,0.0000
10332,149.6311,15.9518,0.0000
10333,149.5811,15.9518,0.0000
10334,149.5311,15.9518,0.0000
10335,149.4811,15.9518,0.0000
10336,149.4311,15.9518,0.0000
10337,149.3811,15.9518,0.0000
10338,149.3311,15.9518,0.0000
10339,149.2811,15.9518,0.0000
10340,149.2311,15.9518,0.0000
10341,149.1811,15.9518,0.0000
10342,149.1311,15.9518,0.0000
10343,149.0811,15.9518,0.0000
10344,149.0311,15.9518,0.0000
10345,148.9811,15.9518,0.0000
10346,148.9311,15.9518,0.0000
10347,148.8811,15.9518,0.0000
10348,148.8311,15.9518,0.0000
10349,148.7811,15.9518,0.0000
10350,148.7311,15.9518,0.0000
10351,148.6811,15.9518,0.0000
10352,148.6311,15.9518,0.0000
10353,148.5811,15.9518,0.0000
10354,148.5311,15.9518,0.0000
10355,148.4811,15.9518,0.0000
10356,148.4311,15.9518,0.0000
10357,148.3811,15.9518,0.0000
10358,148.3311,15.9518,0.0000
10359,148.2811,15.9518,0.0000
10360,148.2311,15.9518,0.0000
10361,148.1811,15.9518,0.0000
10362,148.1311,15.9518,0.0000
10363,148.0811,15.9518,0.0000
10364,148.0311,15.9518,0.0000
10365,147.9811,15.9518,0.0000
10366,147.9311,15.9518,0.0000
10367,147.8811,15.9518,0.0000
10368,147.8311,15.9518,0.0000
10369,147.7811,15.9518,0.0000
10370,147.7311,15.9518,0.0000
10371,147.6811,15.9518,0.0000
10372,147.6311,15.9518,0.0000
10373,147.5811,15.9518,0.0000
10374,147.5311,15.9518,0.0000
10375,147.4811,15.9518,0.0000
10376,147.4311,15.9518,0.0000
10377,147.3811,15.9518,0.0000
10378,147.3311,15.9518,0.0000
10379,147.2811,15.9518,0.0000
10380,147.2311,15.9518,0.0000
10381,147.1811,15.9518,0.0000
10382,147.1311,15.9518,0.0000
10383,147.0811,15.9518,0.0000
10384,147.0311,15.9518,0.0000
10385,146.9811,15.9518,0.0000
10386,146.9311,15.9518,0.0000
10387,146.8811,15.9518,0.0000
10388,146.8311,15.9518,0.0000
10389,146.7811,15.9518,0.0000
10390,146.7311,15.9518,0.0000
10391,146.6811,15.9518,0.0000
10392,146.6311,15.9518,0.0000
10393,146.5811,15.9518,0.0000
10394,146.5311,15.9518,0.0000
10395,146.4811,15.9518,0.0000
10396,146.4311,15.9518,0.0000
10397,146.3811,15.9518,0.0000
10398,146.3311,15.9518,0.0000
10399,146.2811,15.9518,0.0000
10400,146.2311,15.9518,0.0000
10401,146.1811,15.9518,0.0000
10402,146.1311,15.9518,0.0000
10403,146.0811,15.9518,0.0000
10404,146.0311,15.9518,0.0000
10405,145.9811,15.9518,0.0000
10406,145.9311,15.9518,0.0000
10407,145.8811,15.9518,0.0000
10408,145.8311,15.9518,0.0000
10409,145.7811,15.9518,0.0000
10410,145.7311,15.9518,0.0000
10411,145.6811,15.9518,0.0000
10412,145.6311,15.9518,0.0000
10413,145.5811,15.9518,0.0000
10414,145.5311,15.9518,0.0000
10415,145.4811,15.9518,0.0000
10416,145.4311,15.9518,0.0000
10417,145.3811,15.9518,0.0000
10418,145.3311,15.9518,0.0000
10419,145.2811,15.9518,0.0000
10420,145.2311,15.9518,0.0000
10421,145.1811,15.9518,0.0000
10422,145.1311,15.9518,0.0000
10423,145.0811,15.9518,0.0000
10424,145.0311,15.9518,0.0000
10425,144.9811,15.9518,0.0000
10426,144.9311,15.9518,0.0000
10427,144.8811,15.9518,0.0000
10428,144.8311,15.9518,0.0000
10429,144.7811,15.9518,0.0000
10430,144.7311,15.9518,0.0000
10431,144.6811,15.9518,0.0000
10432,144.6311,15.9518,0.0000
10433,144.5811,15.9518,0.0000
10434,144.5311,15.9518,0.0000
10435,144.4811,15.9518,0.0000
10436,144.4311,15.9518,0.0000
10437,144.3811,15.9518,0.0000
10438,144.3311,15.9518,0.0000
10439,144.2811,15.9518,0.0000
10440,144.2311,15.9518,0.0000
10441,144.1811,15.9518,0.0000
10442,144.1311,15.9518,0.0000
10443,144.0811,15.9518,0.0000
10444,144.0311,15.9518,0.0000
10445,143.9811,15.9518,0.0000
10446,143.9311,15.9518,0.0000
10447,143.8811,15.9518,0.0000
10448,143.8311,15.9518,0.0000
10449,143.7811,15.9518,0.0000
10450,143.7311,15.9518,0.0000
10451,143.6811,15.9518,0.0000
10452,143.6311,15.9518,0.0000
10453,143.5811,15.9518,0.0000
10454,143.5311,15.9518,0.0000
10455,143.4811,15.9518,0.0000
10456,143.4311,15.9518,0.0000
10457,143.3811,15.9518,0.0000
10458,143.3311,15.9518,0.0000
10459,143.2811,15.9518,0.0000
10460,143.2311,15.9518,0.0000
10461,143.1811,15.9518,0.0000
10462,143.1311,15.9518,0.0000
10463,143.0811,15.9518,0.0000
10464,143.0311,15.9518,0.0000
10465,142.9811,15.9518,0.0000
10466,142.9311,15.9518,0.0000
10467,142.8811,15.9518,0.0000
10468,142.8311,15.9518,0.0000
10469,142.7811,15.9518,0.0000
10470,142.7311,15.9518,0.0000
10471,142.6811,15.9518,0.0000
10472,142.6311,15.9518,0.0000
10473,142.5811,15.9518,0.0000
10474,142.5311,15.9518,0.0000
10475,142.4811,15.9518,0.0000
10476,142.4311,15.9518,0.0000
10477,142.3811,15.9518,0.0000
10478,142.3311,15.9518,0.0000
10479,142.2811,15.9518,0.0000
10480,142.2311,15.9518,0.0000
10481,142.1811,15.9518,0.0000
10482,142.1311,15.9518,0.0000
10483,142.0811,15.9518,0.0000
10484,142.0311,15.9518,0.0000
10485,141.9811,15.9518,0.0000
10486,141.9311,15.9518,0.0000
10487,141.8811,15.9518,0.0000
10488,141.8311,15.9518,0.0000
10489,141.7811,15.9518,0.0000
10490,141.7311,15.9518,0.0000
10491,141.6811,15.9518,0.0000
10492,141.6311,15.9518,0.0000
10493,141.5811,15.9518,0.0000
10494,141.5311,15.9518,0.0000
10495,141.4811,15.9518,0.0000
10496,141.4311,15.9518,0.0000
10497,141.3811,15.9518,0.0000
10498,141.3311,15.9518,0.0000
10499,141.2811,15.9518,0.0000
10500,141.2311,15.9518,0.0000
10501,141.1811,15.9518,0.0000
10502,141.1311,15.9518,0.0000
10503,141.0811,15.9518,0.0000
10504,141.0311,15.9518,0.0000
10505,140.9811,15.9518,0.0000
10506,140.9311,15.9518,0.0000
10507,140.8811,15.9518,0.0000
10508,140.8311,15.9518,0.0000
10509,140.7811,15.9518,0.0000
10510,140.7311,15.9518,0.0000
10511,140.6811,15.9518,0.0000
10512,140.6311,15.9518,0.0000
10513,140.5811,15.9518,0.0000
10514,140.5311,15.9518,0.0000
10515,140.4811,15.9518,0.0000
10516,140.4311,15.9518,0.0000
10517,140.3811,15.9518,0.0000
10518,140.3311,15.9518,0.0000
10519,140.2811,15.9518,0.0000
10520,140.2311,15.9518,0.0000
10521,140.1811,15.9518,0.0000
10522,140.1311,15.9518,0.0000
10523,140.0811,15.9518,0.0000
10524,140.0311,15.9518,0.0000
10525,139.9811,15.9518,0.0000
10526,139.9311,15.9518,0.0000
10527,139.8811,15.9518,0.0000
10528,139.8311,15.9518,0.0000
10529,139.7811,15.9518,0.0000
10530,139.7311,15.9518,0.0000
10531,139.6811,15.9518,0.0000
10532,139.6311,15.9518,0.0000
10533,139.5811,15.9518,0.0000
10534,139.5311,15.9518,0.0000
10535,139.4811,15.9518,0.0000
10536,139.4311,15.9518,0.0000
10537,139.3811,15.9518,0.0000
10538,139.3311,15.9518,0.0000
10539,139.2811,15.9518,0.0000
10540,139.2311,15.9518,0.0000
10541,139.1811,15.9518,0.0000
10542,139.1311,15.9518,0.0000
10543,139.0811,15.9518,0.0000
10544,139.0311,15.9518,0.0000
10545,138.9811,15.9518,0.0000
10546,138.9311,15.9518,0.0000
10547,138.8811,15.9518,0.0000
10548,138.8311,15.9518,0.0000
10549,138.7811,15.9518,0.0000
10550,138.7311,15.9518,0.0000
10551,138.6811,15.9518,0.0000
10552,138.6311,15.9518,0.0000
10553,138.5811,15.9518,0.0000
10554,138.5311,15.9518,0.0000
10555,138.4811,15.9518,0.0000
10556,138.4311,15.9518,0.0000
10557,138.3811,15.9518,0.0000
10558,138.3311,15.9518,0.0000
10559,138.2811,15.9518,0.0000
10560,138.2311,15.9518,0.0000
10561,138.1811,15.9518,0.0000
10562,138.1311,15.9518,0.0000
10563,138.0811,15.9518,0.0000
10564,138.0311,15.9518,0.0000
10565,137.9811,15.9518,0.0000
10566,137.9311,15.9518,0.0000
10567,137.8811,15.9518,0.0000
10568,137.8311,15.9518,0.0000
10569,137.7811,15.9518,0.0000
10570,137.7311,15.9518,0.0000
10571,137.6811,15.9518,0.0000
10572,137.6311,15.9518,0.0000
10573,137.5811,15.9518,0.0000
10574,137.5311,15.9518,0.0000
10575,137.4811,15.9518,0.0000
10576,137.4311,15.9518,0.0000
10577,137.3811,15.9518,0.0000
10578,137.3311,15.9518,0.0000
10579,137.2811,15.9518,0.0000
10580,137.2311,15.9518,0.0000
10581,137.1811,15.9518,0.0000
10582,137.1311,15.9518,0.0000
10583,137.0811,15.9518,0.0000
10584,137.0311,15.9518,0.0000
10585,136.9811,15.9518,0.0000
10586,136.9311,15.9518,0.0000
10587,136.8811,15.9518,0.0000
10588,136.8311,15.9518,0.0000
10589,136.7811,15.9518,0.0000
10590,136.7311,15.9518,0.0000
10591,136.6811,15.9518,0.0000
10592,136.6311,15.9518,0.0000
10593,136.5811,15.9518,0.0000
10594,136.5311,15.9518,0.0000
10595,136.4811,15.9518,0.0000
10596,136.4311,15.9518,0.0000
10597,136.3811,15.9518,0.0000
10598,136.3311,15.9518,0.0000
10599,136.2811,15.9518,0.0000
10600,136.2311,15.9518,0.0000
10601,136.1811,15.9518,0.0000
10602,136.1311,15.9518,0.0000
10603,136.0811,15.9518,0.0000
10604,136.0311,15.9518,0.0000
10605,135.9811,15.9518,0.0000
10606,135.9311,15.9518,0.0000
10607,135.8811,15.9518,0.0000
10608,135.8311,15.9518,0.0000
10609,135.7811,15.9518,0.0000
10610,135.7311,15.9518,0.0000
10611,135.6811,15.9518,0.0000
10612,135.6311,15.9518,0.0000
10613,135.5811,15.9518,0.0000
10614,135.5311,15.9518,0.0000
10615,135.4811,15.9518,0.0000
10616,135.4311,15.9518,0.0000
10617,135.3811,15.9518,0.0000
10618,135.3311,15.9518,0.0000
10619,135.2811,15.9518,0.0000
10620,135.2311,15.9518,0.0000
10621,135.1811,15.9518,0.0000
10622,135.1311,15.9518,0.0000
10623,135.0811,15.9518,0.0000
10624,135.0311,15.9518,0.0000
10625,134.9811,15.9518,0.0000
10626,134.9311,15.9518,0.0000
10627,134.8811,15.9518,0.0000
10628,134.8311,15.9518,0.0000
10629,134.7811,15.9518,0.0000
10630,134.7311,15.9518,0.0000
10631,134.6811,15.9518,0.0000
10632,134.6311,15.9518,0.0000
10633,134.5811,15.9518,0.0000
10634,134.5311,15.9518,0.0000
10635,134.4811,15.9518,0.0000
10636,134.4311,15.9518,0.0000
10637,134.3811,15.9518,0.0000
10638,134.3311,15.9518,0.0000
10639,134.2811,15.9518,0.0000
10640,134.2311,15.9518,0.0000
10641,134.1811,15.9518,0.0000
10642,134.1311,15.9518,0.0000
10643,134.0811,15.9518,0.0000
10644,134.0311,15.9518,0.0000
10645,133.9811,15.9518,0.0000
10646,133.9311,15.9518,0.0000
10647,133.8811,15.9518,0.0000
10648,133.8311,15.9518,0.0000
10649,133.7811,15.9518,0.0000
10650,133.7311,15.9518,0.0000
10651,133.6811,15.9518,0.0000
10652,133.6311,15.9518,0.0000
10653,133.5811,15.9518,0.0000
10654,133.5311,15.9518,0.0000
10655,133.4811,15.9518,0.0000
10656,133.4311,15.9518,0.0000
10657,133.3811,15.9518,0.0000
10658,133.3311,15.9518,0.0000
10659,133.2811,15.9518,0.0000
10660,133.2311,15.9518,0.0000
10661,133.1811,15.9518,0.0000
10662,133.1311,15.9518,0.0000
10663,133.0811,15.9518,0.0000
10664,133.0311,15.9518,0.0000
10665,132.9811,15.9518,0.0000
10666,132.9311,15.9518,0.0000
10667,132.8811,15.9518,0.0000
10668,132.8311,15.9518,0.0000
10669,132.7811,15.9518,0.0000
10670,132.7311,15.9518,0.0000
10671,132.6811,15.9518,0.0000
10672,132.6311,15.9518,0.0000
10673,132.5811,15.9518,0.0000
10674,132.5311,15.9518,0.0000
10675,132.4811,15.9518,0.0000
10676,132.4311,15.9518,0.0000
10677,132.3811,15.9518,0.0000
10678,132.3311,15.9518,0.0000
10679,132.2811,15.9518,0.0000
10680,132.2311,15.9518,0.0000
10681,132.1811,15.9518,0.0000
10682,132.1311,15.9518,0.0000
10683,132.0811,15.9518,0.0000
10684,132.0311,15.9518,0.0000
10685,131.9811,15.9518,0.0000
10686,131.9311,15.9518,0.0000
10687,131.8811,15.9518,0.0000
10688,131.8311,15.9518,0.0000
10689,131.7811,15.9518,0.0000
10690,131.7311,15.9518,0.0000
10691,131.6811,15.9518,0.0000
10692,131.6311,15.9518,0.0000
10693,131.5811,15.9518,0.0000
10694,131.5311,15.9518,0.0000
10695,131.4811,15.9518,0.0000
10696,131.4311,15.9518,0.0000
10697,131.3811,15.9518,0.0000
10698,131.3311,15.9518,0.0000
10699,131.2811,15.9518,0.0000
10700,131.2311,15.9518,0.0000
10701,131.1811,15.9518,0.0000
10702,131.1311,15.9518,0.0000
10703,131.0811,15.9518,0.0000
10704,131.0311,15.9518,0.0000
10705,130.9811,15.9518,0.0000
10706,130.9311,15.9518,0.0000
10707,130.8811,15.9518,0.0000
10708,130.8311,15.9518,0.0000
10709,130.7811,15.9518,0.0000
10710,130.7311,15.9518,0.0000
10711,130.6811,15.9518,0.0000
10712,130.6311,15.9518,0.0000
10713,130.5811,15.9518,0.0000
10714,130.5311,15.9518,0.0000
10715,130.4811,15.9518,0.0000
10716,130.4311,15.9518,0.0000
10717,130.3811,15.9518,0.0000
10718,130.3311,15.9518,0.0000
10719,130.2811,15.9518,0.0000
10720,130.2311,15.9518,0.0000
10721,130.1811,15.9518,0.0000
10722,130.1311,15.9518,0.0000
10723,130.0811,15.9518,0.0000
10724,130.0311,15.9518,0.0000
10725,129.9811,15.9518,0.0000
10726,129.9311,15.9518,0.0000
10727,129.8811,15.9518,0.0000
10728,129.8311,15.9518,0.0000
10729,129.7811,15.9518,0.0000
10730,129.7311,15.9518,0.0000
10731,129.6811,15.9518,0.0000
10732,129.6311,15.9518,0.0000
10733,129.5811,15.9518,0.0000
10734,129.5311,15.9518,0.0000
10735,129.4811,15.9518,0.0000
10736,129.4311,15.9518,0.0000
10737,129.3811,15.9518,0.0000
10738,129.3311,15.9518,0.0000
10739,129.2811,15.9518,0.0000
10740,129.2311,15.9518,0.0000
10741,129.1811,15.9518,0.0000
10742,129.1311,15.9518,0.0000
10743,129.0811,15.9518,0.0000
10744,129.0311,15.9518,0.0000
10745,128.9811,15.9518,0.0000
10746,128.9311,15.9518,0.0000
10747,128.8811,15.9518,0.0000
10748,128.8311,15.9518,0.0000
10749,128.7811,15.9518,0.0000
10750,128.7311,15.9518,0.0000
10751,128.6811,15.9518,0.0000
10752,128.6311,15.9518,0.0000
10753,128.5811,15.9518,0.0000
10754,128.5311,15.9518,0.0000
10755,128.4811,15.9518,0.0000
10756,128.4311,15.9518,0.0000
10757,128.3811,15.9518,0.0000
10758,128.3311,15.9518,0.0000
10759,128.2811,15.9518,0.0000
10760,128.2311,15.9518,0.0000
10761,128.1811,15.9518,0.0000
10762,128.1311,15.9518,0.0000
10763,128.0811,15.9518,0.0000
10764,128.0311,15.9518,0.0000
10765,127.9811,15.9518,0.0000
10766,127.9311,15.9518,0.0000
10767,127.8811,15.9518,0.0000
10768,127.8311,15.9518,0.0000
10769,127.7811,15.9518,0.0000
10770,127.7311,15.9518,0.0000
10771,127.6811,15.9518,0.0000
10772,127.6311,15.9518,0.0000
10773,127.5811,15.9518,0.0000
10774,127.5311,15.9518,0.0000
10775,127.4811,15.9518,0.0000
10776,127.4311,15.9518,0.0000
10777,127.3811,15.9518,0.0000
10778,127.3311,15.9518,0.0000
10779,127.2811,15.9518,0.0000
10780,127.2311,15.9518,0.0000
10781,127.1811,15.9518,0.0000
10782,127.1311,15.9518,0.0000
10783,127.0811,15.9518,0.0000
10784,127.0311,15.9518,0.0000
10785,126.9811,15.9518,0.0000
10786,126.9311,15.9518,0.0000
10787,126.8811,15.9518,0.0000
10788,126.8311,15.9518,0.0000
10789,126.7811,15.9518,0.0000
10790,126.7311,15.9518,0.0000
10791,126.6811,15.9518,0.0000
10792,126.6311,15.9518,0.0000
10793,126.5811,15.9518,0.0000
10794,126.5311,15.9518,0.0000
10795,126.4811,15.9518,0.0000
10796,126.4311,15.9518,0.0000
10797,126.3811,15.9518,0.0000
10798,126.3311,15.9518,0.0000
10799,126.2811,15.9518,0.0000
10800,126.2311,15.9518,0.0000
10801,126.1811,15.9518,0.0000
10802,126.1311,15.9518,0.0000
10803,126.0811,15.9518,0.0000
10804,126.0311,15.9518,0.0000
10805,125.9811,15.9518,0.0000
10806,125.9311,15.9518,0.0000
10807,125.8811,15.9518,0.0000
10808,125.8311,15.9518,0.0000
10809,125.7811,15.9518,0.0000
10810,125.7311,15.9518,0.0000
10811,125.6811,15.9518,0.0000
10812,125.6311,15.9518,0.0000
10813,125.5811,15.9518,0.0000
10814,125.5311,15.9518,0.0000
10815,125.4811,15.9518,0.0000
10816,125.4311,15.9518,0.0000
10817,125.3811,15.9518,0.0000
10818,125.3311,15.9518,0.0000
10819,125.2811,15.9518,0.0000
10820,125.2311,15.9518,0.0000
10821,125.1811,15.9518,0.0000
10822,125.1311,15.9518,0.0000
10823,125.0811,15.9518,0.0000
10824,125.0311,15.9518,0.0000
10825,124.9811,15.9518,0.0000
10826,124.9311,15.9518,0.0000
10827,124.8811,15.9518,0.0000
10828,124.8311,15.9518,0.0000
10829,124.7811,15.9518,0.0000
10830,124.7311,15.9518,0.0000
10831,124.6811,15.9518,0.0000
10832,124.6311,15.9518,0.0000
10833,124.5811,15.9518,0.0000
10834,124.5311,15.9518,0.0000
10835,124.4811,15.9518,0.0000
10836,124.4311,15.9518,0.0000
10837,124.3811,15.9518,0.0000
10838,124.3311,15.9518,0.0000
10839,124.2811,15.9518,0.0000
10840,124.2311,15.9518,0.0000
10841,124.1811,15.9518,0.0000
10842,124.1311,15.9518,0.0000
10843,124.0811,15.9518,0.0000
10844,124.0311,15.9518,0.0000
10845,123.9811,15.9518,0.0000
10846,123.9311,15.9518,0.0000
10847,123.8811,15.9518,0.0000
10848,123.8311,15.9518,0.0000
10849,123.7811,15.9518,0.0000
10850,123.7311,15.9518,0.0000
10851,123.6811,15.9518,0.0000
10852,123.6311,15.9518,0.0000
10853,123.5811,15.9518,0.0000
10854,123.5311,15.9518,0.0000
10855,123.4811,15.9518,0.0000
10856,123.4311,15.9518,0.0000
10857,123.3811,15.9518,0.0000
10858,123.3311,15.9518,0.0000
10859,123.2811,15.9518,0.0000
10860,123.2311,15.9518,0.0000
10861,123.1811,15.9518,0.0000
10862,123.1311,15.9518,0.0000
10863,123.0811,15.9518,0.0000
10864,123.0311,15.9518,0.0000
10865,122.9811,15.9518,0.0000
10866,122.9311,15.9518,0.0000
10867,122.8811,15.9518,0.0000
10868,122.8311,15.9518,0.0000
10869,122.7811,15.9518,0.0000
10870,122.7311,15.9518,0.0000
10871,122.6811,15.9518,0.0000
10872,122.6311,15.9518,0.0000
10873,122.5811,15.9518,0.0000
10874,122.5311,15.9518,0.0000
10875,122.4811,15.9518,0.0000
10876,122.4311,15.9518,0.0000
10877,122.3811,15.9518,0.0000
10878,122.3311,15.9518,0.0000
10879,122.2811,15.9518,0.0000
10880,122.2311,15.9518,0.0000
10881,122.1811,15.9518,0.0000
10882,122.1311,15.9518,0.0000
10883,122.0811,15.9518,0.0000
10884,122.0311,15.9518,0.0000
10885,121.9811,15.9518,0.0000
10886,121.9311,15.9518,0.0000
10887,121.8811,15.9518,0.0000
10888,121.8311,15.9518,0.0000
10889,121.7811,15.9518,0.0000
10890,121.7311,15.9518,0.0000
10891,121.6811,15.9518,0.0000
10892,121.6311,15.9518,0.0000
10893,121.5811,15.9518,0.0000
10894,121.5311,15.9518,0.0000
10895,121.4811,15.9518,0.0000
10896,121.4311,15.9518,0.0000
10897,121.3811,15.9518,0.0000
10898,121.3311,15.9518,0.0000
10899,121.2811,15.9518,0.0000
10900,121.2311,15.9518,0.0000
10901,121.1811,15.9518,0.0000
10902,121.1311,15.9518,0.0000
10903,121.0811,15.9518,0.0000
10904,121.0311,15.9518,0.0000
10905,120.9811,15.9518,0.0000
10906,120.9311,15.9518,0.0000
10907,120.8811,15.9518,0.0000
10908,120.8311,15.9518,0.0000
10909,120.7811,15.9518,0.0000
10910,120.7311,15.9518,0.0000
10911,120.6811,15.9518,0.0000
10912,120.6311,15.9518,0.0000
10913,120.5811,15.9518,0.0000
10914,120.5311,15.9518,0.0000
10915,120.4811,15.9518,0.0000
10916,120.4311,15.9518,0.0000
10917,120.3811,15.9518,0.0000
10918,120.3311,15.9518,0.0000
10919,120.2811,15.9518,0.0000
10920,120.2311,15.9518,0.0000
10921,120.1811,15.9518,0.0000
10922,120.1311,15.9518,0.0000
10923,120.0811,15.9518,0.0000
10924,120.0311,15.9518,0.0000
10925,119.9811,15.9518,0.0000
10926,119.9311,15.9518,0.0000
10927,119.8811,15.9518,0.0000
10928,119.8311,15.9518,0.0000
10929,119.7811,15.9518,0.0000
10930,119.7311,15.9518,0.0000
10931,119.6811,15.9518,0.0000
10932,119.6311,15.9518,0.0000
10933,119.5811,15.9518,0.0000
10934,119.5311,15.9518,0.0000
10935,119.4811,15.9518,0.0000
10936,119.4311,15.9518,0.0000
10937,119.3811,15.9518,0.0000
10938,119.3311,15.9518,0.0000
10939,119.2811,15.9518,0.0000
10940,119.2311,15.9518,0.0000
10941,119.1811,15.9518,0.0000
10942,119.1311,15.9518,0.0000
10943,119.0811,15.9518,0.0000
10944,119.0311,15.9518,0.0000
10945,118.9811,15.9518,0.0000
10946,118.9311,15.9518,0.0000
10947,118.8811,15.9518,0.0000
10948,118.8311,15.9518,0.0000
10949,118.7811,15.9518,0.0000
10950,118.7311,15.9518,0.0000
10951,118.6811,15.9518,0.0000
10952,118.6311,15.9518,0.0000
10953,118.5811,15.9518,0.0000
10954,118.5311,15.9518,0.0000
10955,118.4811,15.9518,0.0000
10956,118.4311,15.9518,0.0000
10957,118.3811,15.9518,0.0000
10958,118.3311,15.9518,0.0000
10959,118.2811,15.9518,0.0000
10960,118.2311,15.9518,0.0000
10961,118.1811,15.9518,0.0000
10962,118.1311,15.9518,0.0000
10963,118.0811,15.9518,0.0000
10964,118.0311,15.9518,0.0000
10965,117.9811,15.9518,0.0000
10966,117.9311,15.9518,0.0000
10967,117.8811,15.9518,0.0000
10968,117.8311,15.9518,0.0000
10969,117.7811,15.9518,0.0000
10970,117.7311,15.9518,0.0000
10971,117.6811,15.9518,0.0000
10972,117.6311,15.9518,0.0000
10973,117.5811,15.9518,0.0000
10974,117.5311,15.9518,0.0000
10975,117.4811,15.9518,0.0000
10976,117.4311,15.9518,0.0000
10977,117.3811,15.9518,0.0000
10978,117.3311,15.9518,0.0000
10979,117.2811,15.9518,0.0000
10980,117.2311,15.9518,0.0000
10981,117.1811,15.9518,0.0000
10982,117.1311,15.9518,0.0000
10983,117.0811,15.9518,0.0000
10984,117.0311,15.9518,0.0000
10985,116.9811,15.9518,0.0000
10986,116.9311,15.9518,0.0000
10987,116.8811,15.9518,0.0000
10988,116.8311,15.9518,0.0000
10989,116.7811,15.9518,0.0000
10990,116.7311,15.9518,0.0000
10991,116.6811,15.9518,0.0000
10992,116.6311,15.9518,0.0000
10993,116.5811,15.9518,0.0000
10994,116.5311,15.9518,0.0000
10995,116.4811,15.9518,0.0000
10996,116.4311,15.9518,0.0000
10997,116.3811,15.9518,0.0000
10998,116.3311,15.9518,0.0000
10999,116.2811,15.9518,0.0000
11000,116.2311,15.9518,0.0000
11001,116.1811,15.9518,0.0000
11002,116.1311,15.9518,0.0000
11003,116.0811,15.9518,0.0000
11004,116.0311,15.9518,0.0000
11005,115.9811,15.9518,0.0000
11006,115.9311,15.9518,0.0000
11007,115.8811,15.9518,0.0000
11008,115.8311,15.9518,0.0000
11009,115.7811,15.9518,0.0000
11010,115.7311,15.9518,0.0000
11011,115.6811,15.9518,0.0000
11012,115.6311,15.9518,0.0000
11013,115.5811,15.9518,0.0000
11014,115.5311,15.9518,0.0000
11015,115.4811,15.9518,0.0000
11016,115.4311,15.9518,0.0000
11017,115.3811,15.9518,0.0000
11018,115.3311,15.9518,0.0000
11019,115.2811,15.9518,0.0000
11020,115.2311,15.9518,0.0000
11021,115.1811,15.9518,0.0000
11022,115.1311,15.9518,0.0000
11023,115.0811,15.9518,0.0000
11024,115.0311,15.9518,0.0000
11025,114.9811,15.9518,0.0000
11026,114.9311,15.9518,0.0000
11027,114.8811,15.9518,0.0000
11028,114.8311,15.9518,0.0000
11029,114.7811,15.9518,0.0000
11030,114.7311,15.9518,0.0000
11031,114.6811,15.9518,0.0000
11032,114.6311,15.9518,0.0000
11033,114.5811,15.9518,0.0000
11034,114.5311,15.9518,0.0000
11035,114.4811,15.9518,0.0000
11036,114.4311,15.9518,0.0000
11037,114.3811,15.9518,0.0000
11038,114.3311,15.9518,0.0000
11039,114.2811,15.9518,0.0000
11040,114.2311,15.9518,0.0000
11041,114.1811,15.9518,0.0000
11042,114.1311,15.9518,0.0000
11043,114.0811,15.9518,0.0000
11044,114.0311,15.9518,0.0000
11045,113.9811,15.9518,0.0000
11046,113.9311,15.9518,0.0000
11047,113.8811,15.9518,0.0000
11048,113.8311,15.9518,0.0000
11049,113.7811,15.9518,0.0000
11050,113.7311,15.9518,0.0000
11051,113.6811,15.9518,0.0000
11052,113.6311,15.9518,0.0000
11053,113.5811,15.9518,0.0000
11054,113.5311,15.9518,0.0000
11055,113.4811,15.9518,0.0000
11056,113.4311,15.9518,0.0000
11057,113.3811,15.9518,0.0000
11058,113.3311,15.9518,0.0000
11059,113.2811,15.9518,0.0000
11060,113.2311,15.9518,0.0000
11061,113.1811,15.9518,0.0000
11062,113.1311,15.9518,0.0000
11063,113.0811,15.9518,0.0000
11064,113.0311,15.9518,0.0000
11065,112.9811,15.9518,0.0000
11066,112.9311,15.9518,0.0000
11067,112.8811,15.9518,0.0000
11068,112.8311,15.9518,0.0000
11069,112.7811,15.9518,0.0000
11070,112.7311,15.9518,0.0000
11071,112.6811,15.9518,0.0000
11072,112.6311,15.9518,0.0000
11073,112.5811,15.9518,0.0000
11074,112.5311,15.9518,0.0000
11075,112.4811,15.9518,0.0000
11076,112.4311,15.9518,0.0000
11077,112.3811,15.9518,0.0000
11078,112.3311,15.9518,0.0000
11079,112.2811,15.9518,0.0000
11080,112.2311,15.9518,0.0000
11081,112.1811,15.9518,0.0000
11082,112.1311,15.9518,0.0000
11083,112.0811,15.9518,0.0000
11084,112.0311,15.9518,0.0000
11085,111.9811,15.9518,0.0000
11086,111.9311,15.9518,0.0000
11087,111.8811,15.9518,0.0000
11088,111.8311,15.9518,0.0000
11089,111.7811,15.9518,0.0000
11090,111.7311,15.9518,0.0000
11091,111.6811,15.9518,0.0000
11092,111.6311,15.9518,0.0000
11093,111.5811,15.9518,0.0000
11094,111.5311,15.9518,0.0000
11095,111.4811,15.9518,0.0000
11096,111.4311,15.9518,0.0000
11097,111.3811,15.9518,0.0000
11098,111.3311,15.9518,0.0000
11099,111.2811,15.9518,0.0000
11100,111.2311,15.9518,0.0000
11101,111.1811,15.9518,0.0000
11102,111.1311,15.9518,0.0000
11103,111.0811,15.9518,0.0000
11104,111.0311,15.9518,0.0000
11105,110.9811,15.9518,0.0000
11106,110.9311,15.9518,0.0000
11107,110.8811,15.9518,0.0000
11108,110.8311,15.9518,0.0000
11109,110.7811,15.9518,0.0000
11110,110.7311,15.9518,0.0000
11111,110.6811,15.9518,0.0000
11112,110.6311,15.9518,0.0000
11113,110.5811,15.9518,0.0000
11114,110.5311,15.9518,0.0000
11115,110.4811,15.9518,0.0000
11116,110.4311,15.9518,0.0000
11117,110.3811,15.9518,0.0000
11118,110.3311,15.9518,0.0000
11119,110.2811,15.9518,0.0000
11120,110.2311,15.9518,0.0000
11121,110.1811,15.9518,0.0000
11122,110.1311,15.9518,0.0000
11123,110.0811,15.9518,0.0000
11124,110.0311,15.9518,0.0000
11125,109.9811,15.9518,0.0000
11126,109.9311,15.9518,0.0000
11127,109.8811,15.9518,0.0000
11128,109.8311,15.9518,0.0000
11129,109.7811,15.9518,0.0000
11130,109.7311,15.9518,0.0000
11131,109.6811,15.9518,0.0000
11132,109.6311,15.9518,0.0000
11133,109.5811,15.9518,0.0000
11134,109.5311,15.9518,0.0000
11135,109.4811,15.9518,0.0000
11136,109.4311,15.9518,0.0000
11137,109.3811,15.9518,0.0000
11138,109.3311,15.9518,0.0000
11139,109.2811,15.9518,0.0000
11140,109.2311,15.9518,0.0000
11141,109.1811,15.9518,0.0000
11142,109.1311,15.9518,0.0000
11143,109.0811,15.9518,0.0000
11144,109.0311,15.9518,0.0000
11145,108.9811,15.9518,0.0000
11146,108.9311,15.9518,0.0000
11147,108.8811,15.9518,0.0000
11148,108.8311,15.9518,0.0000
11149,108.7811,15.9518,0.0000
11150,108.7311,15.9518,0.0000
11151,108.6811,15.9518,0.0000
11152,108.6311,15.9518,0.0000
11153,108.5811,15.9518,0.0000
11154,108.5311,15.9518,0.0000
11155,108.4811,15.9518,0.0000
11156,108.4311,15.9518,0.0000
11157,108.3811,15.9518,0.0000
11158,108.3311,15.9518,0.0000
11159,108.2811,15.9518,0.0000
11160,108.2311,15.9518,0.0000
11161,108.1811,15.9518,0.0000
11162,108.1311,15.9518,0.0000
11163,108.0811,15.9518,0.0000
11164,108.0311,15.9518,0.0000
11165,107.9811,15.9518,0.0000
11166,107.9311,15.9518,0.0000
11167,107.8811,15.9518,0.0000
11168,107.8311,15.9518,0.0000
11169,107.7811,15.9518,0.0000
11170,107.7311,15.9518,0.0000
11171,107.6811,15.9518,0.0000
11172,107.6311,15.9518,0.0000
11173,107.5811,15.9518,0.0000
11174,107.5311,15.9518,0.0000
11175,107.4811,15.9518,0.0000
11176,107.4311,15.9518,0.0000
11177,107.3811,15.9518,0.0000
11178,107.3311,15.9518,0.0000
11179,107.2811,15.9518,0.0000
11180,107.2311,15.9518,0.0000
11181,107.1811,15.9518,0.0000
11182,107.1311,15.9518,0.0000
11183,107.0811,15.9518,0.0000
11184,107.0311,15.9518,0.0000
11185,106.9811,15.9518,0.0000
11186,106.9311,15.9518,0.0000
11187,106.8811,15.9518,0.0000
11188,106.8311,15.9518,0.0000
11189,106.7811,15.9518,0.0000
11190,106.7311,15.9518,0.0000
11191,106.6811,15.9518,0.0000
11192,106.6311,15.9518,0.0000
11193,106.5811,15.9518,0.0000
11194,106.5311,15.9518,0.0000
11195,106.4811,15.9518,0.0000
11196,106.4311,15.9518,0.0000
11197,106.3811,15.9518,0.0000
11198,106.3311,15.9518,0.0000
11199,106.2811,15.9518,0.0000
11200,106.2311,15.9518,0.0000
11201,106.1811,15.9518,0.0000
11202,106.1311,15.9518,0.0000
11203,106.0811,15.9518,0.0000
11204,106.0311,15.9518,0.0000
11205,105.9811,15.9518,0.0000
11206,105.9311,15.9518,0.0000
11207,105.8811,15.9518,0.0000
11208,105.8311,15.9518,0.0000
11209,105.7811,15.9518,0.0000
11210,105.7311,15.9518,0.0000
11211,105.6811,15.9518,0.0000
11212,105.6311,15.9518,0.0000
11213,105.5811,15.9518,0.0000
11214,105.5311,15.9518,0.0000
11215,105.4811,15.9518,0.0000
11216,105.4311,15.9518,0.0000
11217,105.3811,15.9518,0.0000
11218,105.3311,15.9518,0.0000
11219,105.2811,15.9518,0.0000
11220,105.2311,15.9518,0.0000
11221,105.1811,15.9518,0.0000
11222,105.1311,15.9518,0.0000
11223,105.0811,15.9518,0.0000
11224,105.0311,15.9518,0.0000
11225,104.9811,15.9518,0.0000
11226,104.9311,15.9518,0.0000
11227,104.8811,15.9518,0.0000
11228,104.8311,15.9518,0.0000
11229,104.7811,15.9518,0.0000
11230,104.7311,15.9518,0.0000
11231,104.6811,15.9518,0.0000
11232,104.6311,15.9518,0.0000
11233,104.5811,15.9518,0.0000
11234,104.5311,15.9518,0.0000
11235,104.4811,15.9518,0.0000
11236,104.4311,15.9518,0.0000
11237,104.3811,15.9518,0.0000
11238,104.3311,15.9518,0.0000
11239,104.2811,15.9518,0.0000
11240,104.2311,15.9518,0.0000
11241,104.1811,15.9518,0.0000
11242,104.1311,15.9518,0.0000
11243,104.0811,15.9518,0.0000
11244,104.0311,15.9518,0.0000
11245,103.9811,15.9518,0.0000
11246,103.9311,15.9518,0.0000
11247,103.8811,15.9518,0.0000
11248,103.8311,15.9518,0.0000
11249,103.7811,15.9518,0.0000
11250,103.7311,15.9518,0.0000
11251,103.6811,15.9518,0.0000
11252,103.6311,15.9518,0.0000
11253,103.5811,15.9518,0.0000
11254,103.5311,15.9518,0.0000
11255,103.4811,15.9518,0.0000
11256,103.4311,15.9518,0.0000
11257,103.3811,15.9518,0.0000
11258,103.3311,15.9518,0.0000
11259,103.2811,15.9518,0.0000
11260,103.2311,15.9518,0.0000
11261,103.1811,15.9518,0.0000
11262,103.1311,15.9518,0.0000
11263,103.0811,15.9518,0.0000
11264,103.0311,15.9518,0.0000
11265,102.9811,15.9518,0.0000
11266,102.9311,15.9518,0.0000
11267,102.8811,15.9518,0.0000
11268,102.8311,15.9518,0.0000
11269,102.7811,15.9518,0.0000
11270,102.7311,15.9518,0.0000
11271,102.6811,15.9518,0.0000
11272,102.6311,15.9518,0.0000
11273,102.5811,15.9518,0.0000
11274,102.5311,15.9518,0.0000
11275,102.4811,15.9518,0.0000
11276,102.4311,15.9518,0.0000
11277,102.3811,15.9518,0.0000
11278,102.3311,15.9518,0.0000
11279,102.2811,15.9518,0.0000
11280,102.2311,15.9518,0.0000
11281,102.1811,15.9518,0.0000
11282,102.1311,15.9518,0.0000
11283,102.0811,15.9518,0.0000
11284,102.0311,15.9518,0.0000
11285,101.9811,15.9518,0.0000
11286,101.9311,15.9518,0.0000
11287,101.8811,15.9518,0.0000
11288,101.8311,15.9518,0.0000
11289,101.7811,15.9518,0.0000
11290,101.7311,15.9518,0.0000
11291,101.6811,15.9518,0.0000
11292,101.6311,15.9518,0.0000
11293,101.5811,15.9518,0.0000
11294,101.5311,15.9518,0.0000
11295,101.4811,15.9518,0.0000
11296,101.4311,15.9518,0.0000
11297,101.3811,15.9518,0.0000
11298,101.3311,15.9518,0.0000
11299,101.2811,15.9518,0.0000
11300,101.2311,15.9518,0.0000
11301,101.1811,15.9518,0.0000
11302,101.1311,15.9518,0.0000
11303,101.0811,15.9518,0.0000
11304,101.0311,15.9518,0.0000
11305,100.9811,15.9518,0.0000
11306,100.9311,15.9518,0.0000
11307,100.8811,15.9518,0.0000
11308,100.8311,15.9518,0.0000
11309,100.7811,15.9518,0.0000
11310,100.7311,15.9518,0.0000
11311,100.6811,15.9518,0.0000
11312,100.6311,15.9518,0.0000
11313,100.5811,15.9518,0.0000
11314,100.5311,15.9518,0.0000
11315,100.4811,15.9518,0.0000
11316,100.4311,15.9518,0.0000
11317,100.3811,15.9518,0.0000
11318,100.3311,15.9518,0.0000
11319,100.2811,15.9518,0.0000
11320,100.2311,15.9518,0.0000
11321,100.1811,15.9518,0.0000
11322,100.1311,15.9518,0.0000
11323,100.0811,15.9518,0.0000
11324,100.0311,15.9518,0.0000
11325,99.9811,15.9518,0.0000
11326,99.9311,15.9518,0.0000
11327,99.8811,15.9518,0.0000
11328,99.8311,15.9518,0.0000
11329,99.7811,15.9518,0.0000
11330,99.7311,15.9518,0.0000
11331,99.6811,15.9518,0.0000
11332,99.6311,15.9518,0.0000
11333,99.5811,15.9518,0.0000
11334,99.5311,15.9518,0.0000
11335,99.4811,15.9518,0.0000
11336,99.4311,15.9518,0.0000
11337,99.3811,15.9518,0.0000
11338,99.3311,15.9518,0.0000
11339,99.2811,15.9518,0.0000
11340,99.2311,15.9518,0.0000
11341,99.1811,15.9518,0.0000
11342,99.1311,15.9518,0.0000
11343,99.0811,15.9518,0.0000
11344,99.0311,15.9518,0.0000
11345,98.9811,15.9518,0.0000
11346,98.9311,15.9518,0.0000
11347,98.8811,15.9518,0.0000
11348,98.8311,15.9518,0.0000
11349,98.7811,15.9518,0.0000
11350,98.7311,15.9518,0.0000
11351,98.6811,15.9518,0.0000
11352,98.6311,15.9518,0.0000
11353,98.5811,15.9518,0.0000
11354,98.5311,15.9518,0.0000
11355,98.4811,15.9518,0.0000
11356,98.4311,15.9518,0.0000
11357,98.3811,15.9518,0.0000
11358,98.3311,15.9518,0.0000
11359,98.2811,15.9518,0.0000
11360,98.2311,15.9518,0.0000
11361,98.1811,15.9518,0.0000
11362,98.1311,15.9518,0.0000
11363,98.0811,15.9518,0.0000
11364,98.0311,15.9518,0.0000
11365,97.9811,15.9518,0.0000
11366,97.9311,15.9518,0.0000
11367,97.8811,15.9518,0.0000
11368,97.8311,15.9518,0.0000
11369,97.7811,15.9518,0.0000
11370,97.7311,15.9518,0.0000
11371,97.6811,15.9518,0.0000
11372,97.6311,15.9518,0.0000
11373,97.5811,15.9518,0.0000
11374,97.5311,15.9518,0.0000
11375,97.4811,15.9518,0.0000
11376,97.4311,15.9518,0.0000
11377,97.3811,15.9518,0.0000
11378,97.3311,15.9518,0.0000
11379,97.2811,15.9518,0.0000
11380,97.2311,15.9518,0.0000
11381,97.1811,15.9518,0.0000
11382,97.1311,15.9518,0.0000
11383,97.0811,15.9518,0.0000
11384,97.0311,15.9518,0.0000
11385,96.9811,15.9518,0.0000
11386,96.9311,15.9518,0.0000
11387,96.8811,15.9518,0.0000
11388,96.8311,15.9518,0.0000
11389,96.7811,15.9518,0.0000
11390,96.7311,15.9518,0.0000
11391,96.6811,15.9518,0.0000
11392,96.6311,15.9518,0.0000
11393,96.5811,15.9518,0.0000
11394,96.5311,15.9518,0.0000
11395,96.4811,15.9518,0.0000
11396,96.4311,15.9518,0.0000
11397,96.3811,15.9518,0.0000
11398,96.3311,15.9518,0.0000
11399,96.2811,15.9518,0.0000
11400,96.2311,15.9518,0.0000
11401,96.1811,15.9518,0.0000
11402,96.1311,15.9518,0.0000
11403,96.0811,15.9518,0.0000
11404,96.0311,15.9518,0.0000
11405,95.9811,15.9518,0.0000
11406,95.9311,15.9518,0.0000
11407,95.8811,15.9518,0.0000
11408,95.8311,15.9518,0.0000
11409,95.7811,15.9518,0.0000
11410,95.7311,15.9518,0.0000
11411,95.6811,15.9518,0.0000
11412,95.6311,15.9518,0.0000
11413,95.5811,15.9518,0.0000
11414,95.5311,15.9518,0.0000
11415,95.4811,15.9518,0.0000
11416,95.4311,15.9518,0.0000
11417,95.3811,15.9518,0.0000
11418,95.3311,15.9518,0.0000
11419,95.2811,15.9518,0.0000
11420,95.2311,15.9518,0.0000
11421,95.1811,15.9518,0.0000
11422,95.1311,15.9518,0.0000
11423,95.0811,15.9518,0.0000
11424,95.0311,15.9518,0.0000
11425,94.9811,15.9518,0.0000
11426,94.9311,15.9518,0.0000
11427,94.8811,15.9518,0.0000
11428,94.8311,15.9518,0.0000
11429,94.7811,15.9518,0.0000
11430,94.7311,15.9518,0.0000
11431,94.6811,15.9518,0.0000
11432,94.6311,15.9518,0.0000
11433,94.5811,15.9518,0.0000
11434,94.5311,15.9518,0.0000
11435,94.4811,15.9518,0.0000
11436,94.4311,15.9518,0.0000
11437,94.3811,15.9518,0.0000
11438,94.3311,15.9518,0.0000
11439,94.2811,15.9518,0.0000
11440,94.2311,15.9518,0.0000
11441,94.1811,15.9518,0.0000
11442,94.1311,15.9518,0.0000
11443,94.0811,15.9518,0.0000
11444,94.0311,15.9518,0.0000
11445,93.9811,15.9518,0.0000
11446,93.9311,15.9518,0.0000
11447,93.8811,15.9518,0.0000
11448,93.8311,15.9518,0.0000
11449,93.7811,15.9518,0.0000
11450,93.7311,15.9518,0.0000
11451,93.6811,15.9518,0.0000
11452,93.6311,15.9518,0.0000
11453,93.5811,15.9518,0.0000
11454,93.5311,15.9518,0.0000
11455,93.4811,15.9518,0.0000
11456,93.4311,15.9518,0.0000
11457,93.3811,15.9518,0.0000
11458,93.3311,15.9518,0.0000
11459,93.2811,15.9518,0.0000
11460,93.2311,15.9518,0.0000
11461,93.1811,15.9518,0.0000
11462,93.1311,15.9518,0.0000
11463,93.0811,15.9518,0.0000
11464,93.0311,15.9518,0.0000
11465,92.9811,15.9518,0.0000
11466,92.9311,15.9518,0.0000
11467,92.8811,15.9518,0.0000
11468,92.8311,15.9518,0.0000
11469,92.7811,15.9518,0.0000
11470,92.7311,15.9518,0.0000
11471,92.6811,15.9518,0.0000
11472,92.6311,15.9518,0.0000
11473,92.5811,15.9518,0.0000
11474,92.5311,15.9518,0.0000
11475,92.4811,15.9518,0.0000
11476,92.4311,15.9518,0.0000
11477,92.3811,15.9518,0.0000
11478,92.3311,15.9518,0.0000
11479,92.2811,15.9518,0.0000
11480,92.2311,15.9518,0.0000
11481,92.1811,15.9518,0.0000
11482,92.1311,15.9518,0.0000
11483,92.0811,15.9518,0.0000
11484,92.0311,15.9518,0.0000
11485,91.9811,15.9518,0.0000
11486,91.9311,15.9518,0.0000
11487,91.8811,15.9518,0.0000
11488,91.8311,15.9518,0.0000
11489,91.7811,15.9518,0.0000
11490,91.7311,15.9518,0.0000
11491,91.6811,15.9518,0.0000
11492,91.6311,15.9518,0.0000
11493,91.5811,15.9518,0.0000
11494,91.5311,15.9518,0.0000
11495,91.4811,15.9518,0.0000
11496,91.4311,15.9518,0.0000
11497,91.3811,15.9518,0.0000
11498,91.3311,15.9518,0.0000
11499,91.2811,15.9518,0.0000
11500,91.2311,15.9518,0.0000
11501,91.1811,15.9518,0.0000
11502,91.1311,15.9518,0.0000
11503,91.0811,15.9518,0.0000
11504,91.0311,15.9518,0.0000
11505,90.9811,15.9518,0.0000
11506,90.9311,15.9518,0.0000
11507,90.8811,15.9518,0.0000
11508,90.8311,15.9518,0.0000
11509,90.7811,15.9518,0.0000
11510,90.7311,15.9518,0.0000
11511,90.6811,15.9518,0.0000
11512,90.6311,15.9518,0.0000
11513,90.5811,15.9518,0.0000
11514,90.5311,15.9518,0.0000
11515,90.4811,15.9518,0.0000
11516,90.4311,15.9518,0.0000
11517,90.3811,15.9518,0.0000
11518,90.3311,15.9518,0.0000
11519,90.2811,15.9518,0.0000
11520,90.2311,15.9518,0.0000
11521,90.1811,15.9518,0.0000
11522,90.1311,15.9518,0.0000
11523,90.0811,15.9518,0.0000
11524,90.0311,15.9518,0.0000
11525,89.9811,15.9518,0.0000
11526,89.9311,15.9518,0.0000
11527,89.8811,15.9518,0.0000
11528,89.8311,15.9518,0.0000
11529,89.7811,15.9518,0.0000
11530,89.7311,15.9518,0.0000
11531,89.6811,15.9518,0.0000
11532,89.6311,15.9518,0.0000
11533,89.5811,15.9518,0.0000
11534,89.5311,15.9518,0.0000
11535,89.4811,15.9518,0.0000
11536,89.4311,15.9518,0.0000
11537,89.3811,15.9518,0.0000
11538,89.3311,15.9518,0.0000
11539,89.2811,15.9518,0.0000
11540,89.2311,15.9518,0.0000
11541,89.1811,15.9518,0.0000
11542,89.1311,15.9518,0.0000
11543,89.0811,15.9518,0.0000
11544,89.0311,15.9518,0.0000
11545,88.9811,15.9518,0.0000
11546,88.9311,15.9518,0.0000
11547,88.8811,15.9518,0.0000
11548,88.8311,15.9518,0.0000
11549,88.7811,15.9518,0.0000
11550,88.7311,15.9518,0.0000
11551,88.6811,15.9518,0.0000
11552,88.6311,15.9518,0.0000
11553,88.5811,15.9518,0.0000
11554,88.5311,15.9518,0.0000
11555,88.4811,15.9518,0.0000
11556,88.4311,15.9518,0.0000
11557,88.3811,15.9518,0.0000
11558,88.3311,15.9518,0.0000
11559,88.2811,15.9518,0.0000
11560,88.2311,15.9518,0.0000
11561,88.1811,15.9518,0.0000
11562,88.1311,15.9518,0.0000
11563,88.0811,15.9518,0.0000
11564,88.0311,15.9518,0.0000
11565,87.9811,15.9518,0.0000
11566,87.9311,15.9518,0.0000
11567,87.8811,15.9518,0.0000
11568,87.8311,15.9518,0.0000
11569,87.7811,15.9518,0.0000
11570,87.7311,15.9518,0.0000
11571,87.6811,15.9518,0.0000
11572,87.6311,15.9518,0.0000
11573,87.5811,15.9518,0.0000
11574,87.5311,15.9518,0.0000
11575,87.4811,15.9518,0.0000
11576,87.4311,15.9518,0.0000
11577,87.3811,15.9518,0.0000
11578,87.3311,15.9518,0.0000
11579,87.2811,15.9518,0.0000
11580,87.2311,15.9518,0.0000
11581,87.1811,15.9518,0.0000
11582,87.1311,15.9518,0.0000
11583,87.0811,15.9518,0.0000
11584,87.0311,15.9518,0.0000
11585,86.9811,15.9518,0.0000
11586,86.9311,15.9518,0.0000
11587,86.8811,15.9518,0.0000
11588,86.8311,15.9518,0.0000
11589,86.7811,15.9518,0.0000
11590,86.7311,15.9518,0.0000
11591,86.6811,15.9518,0.0000
11592,86.6311,15.9518,0.0000
11593,86.5811,15.9518,0.0000
11594,86.5311,15.9518,0.0000
11595,86.4811,15.9518,0.0000
11596,86.4311,15.9518,0.0000
11597,86.3811,15.9518,0.0000
11598,86.3311,15.9518,0.0000
11599,86.2811,15.9518,0.0000
11600,86.2311,15.9518,0.0000
11601,86.1811,15.9518,0.0000
11602,86.1311,15.9518,0.0000
11603,86.0811,15.9518,0.0000
11604,86.0311,15.9518,0.0000
11605,85.9811,15.9518,0.0000
11606,85.9311,15.9518,0.0000
11607,85.8811,15.9518,0.0000
11608,85.8311,15.9518,0.0000
11609,85.7811,15.9518,0.0000
11610,85.7311,15.9518,0.0000
11611,85.6811,15.9518,0.0000
11612,85.6311,15.9518,0.0000
11613,85.5811,15.9518,0.0000
11614,85.5311,15.9518,0.0000
11615,85.4811,15.9518,0.0000
11616,85.4311,15.9518,0.0000
11617,85.3811,15.9518,0.0000
11618,85.3311,15.9518,0.0000
11619,85.2811,15.9518,0.0000
11620,85.2311,15.9518,0.0000
11621,85.1811,15.9518,0.0000
11622,85.1311,15.9518,0.0000
11623,85.0811,15.9518,0.0000
11624,85.0311,15.9518,0.0000
11625,84.9811,15.9518,0.0000
11626,84.9311,15.9518,0.0000
11627,84.8811,15.9518,0.0000
11628,84.8311,15.9518,0.0000
11629,84.7811,15.9518,0.0000
11630,84.7311,15.9518,0.0000
11631,84.6811,15.9518,0.0000
11632,84.6311,15.9518,0.0000
11633,84.5811,15.9518,0.0000
11634,84.5311,15.9518,0.0000
11635,84.4811,15.9518,0.0000
11636,84.4311,15.9518,0.0000
11637,84.3811,15.9518,0.0000
11638,84.3311,15.9518,0.0000
11639,84.2811,15.9518,0.0000
11640,84.2311,15.9518,0.0000
11641,84.1811,15.9518,0.0000
11642,84.1311,15.9518,0.0000
11643,84.0811,15.9518,0.0000
11644,84.0311,15.9518,0.0000
11645,83.9811,15.9518,0.0000
11646,83.9311,15.9518,0.0000
11647,83.8811,15.9518,0.0000
11648,83.8311,15.9518,0.0000
11649,83.7811,15.9518,0.0000
11650,83.7311,15.9518,0.0000
11651,83.6811,15.9518,0.0000
11652,83.6311,15.9518,0.0000
11653,83.5811,15.9518,0.0000
11654,83.5311,15.9518,0.0000
11655,83.4811,15.9518,0.0000
11656,83.4311,15.9518,0.0000
11657,83.3811,15.9518,0.0000
11658,83.3311,15.9518,0.0000
11659,83.2811,15.9518,0.0000
11660,83.2311,15.9518,0.0000
11661,83.1811,15.9518,0.0000
11662,83.1311,15.9518,0.0000
11663,83.0811,15.9518,0.0000
11664,83.0311,15.9518,0.0000
11665,82.9811,15.9518,0.0000
11666,82.9311,15.9518,0.0000
11667,82.8811,15.9518,0.0000
11668,82.8311,15.9518,0.0000
11669,82.7811,15.9518,0.0000
11670,82.7311,15.9518,0.0000
11671,82.6811,15.9518,0.0000
11672,82.6311,15.9518,0.0000
11673,82.5811,15.9518,0.0000
11674,82.5311,15.9518,0.0000
11675,82.4811,15.9518,0.0000
11676,82.4311,15.9518,0.0000
11677,82.3811,15.9518,0.0000
11678,82.3311,15.9518,0.0000
11679,82.2811,15.9518,0.0000
11680,82.2311,15.9518,0.0000
11681,82.1811,15.9518,0.0000
11682,82.1311,15.9518,0.0000
11683,82.0811,15.9518,0.0000
11684,82.0311,15.9518,0.0000
11685,81.9811,15.9518,0.0000
11686,81.9311,15.9518,0.0000
11687,81.8811,15.9518,0.0000
11688,81.8311,15.9518,0.0000
11689,81.7811,15.9518,0.0000
11690,81.7311,15.9518,0.0000
11691,81.6811,15.9518,0.0000
11692,81.6311,15.9518,0.0000
11693,81.5811,15.9518,0.0000
11694,81.5311,15.9518,0.0000
11695,81.4811,15.9518,0.0000
11696,81.4311,15.9518,0.0000
11697,81.3811,15.9518,0.0000
11698,81.3311,15.9518,0.0000
11699,81.2811,15.9518,0.0000
11700,81.2311,15.9518,0.0000
11701,81.1811,15.9518,0.0000
11702,81.1311,15.9518,0.0000
11703,81.0811,15.9518,0.0000
11704,81.0311,15.9518,0.0000
11705,80.9811,15.9518,0.0000
11706,80.9311,15.9518,0.0000
11707,80.8811,15.9518,0.0000
11708,80.8311,15.9518,0.0000
11709,80.7811,15.9518,0.0000
11710,80.7311,15.9518,0.0000
11711,80.6811,15.9518,0.0000
11712,80.6311,15.9518,0.0000
11713,80.5811,15.9518,0.0000
11714,80.5311,15.9518,0.0000
11715,80.4811,15.9518,0.0000
11716,80.4311,15.9518,0.0000
11717,80.3811,15.9518,0.0000
11718,80.3311,15.9518,0.0000
11719,80.2811,15.9518,0.0000
11720,80.2311,15.9518,0.0000
11721,80.1811,15.9518,0.0000
11722,80.1311,15.9518,0.0000
11723,80.0811,15.9518,0.0000
11724,80.0311,15.9518,0.0000
11725,79.9811,15.9518,0.0000
11726,79.9311,15.9518,0.0000
11727,79.8811,15.9518,0.0000
11728,79.8311,15.9518,0.0000
11729,79.7811,15.9518,0.0000
11730,79.7311,15.9518,0.0000
11731,79.6811,15.9518,0.0000
11732,79.6311,15.9518,0.0000
11733,79.5811,15.9518,0.0000
11734,79.5311,15.9518,0.0000
11735,79.4811,15.9518,0.0000
11736,79.4311,15.9518,0.0000
11737,79.3811,15.9518,0.0000
11738,79.3311,15.9518,0.0000
11739,79.2811,15.9518,0.0000
11740,79.2311,15.9518,0.0000
11741,79.1811,15.9518,0.0000
11742,79.1311,15.9518,0.0000
11743,79.0811,15.9518,0.0000
11744,79.0311,15.9518,0.0000
11745,78.9811,15.9518,0.0000
11746,78.9311,15.9518,0.0000
11747,78.8811,15.9518,0.0000
11748,78.8311,15.9518,0.0000
11749,78.7811,15.9518,0.0000
11750,78.7311,15.9518,0.0000
11751,78.6811,15.9518,0.0000
11752,78.6311,15.9518,0.0000
11753,78.5811,15.9518,0.0000
11754,78.5311,15.9518,0.0000
11755,78.4811,15.9518,0.0000
11756,78.4311,15.9518,0.0000
11757,78.3811,15.9518,0.0000
11758,78.3311,15.9518,0.0000
11759,78.2811,15.9518,0.0000
11760,78.2311,15.9518,0.0000
11761,78.1811,15.9518,0.0000
11762,78.1311,15.9518,0.0000
11763,78.0811,15.9518,0.0000
11764,78.0311,15.9518,0.0000
11765,77.9811,15.9518,0.0000
11766,77.9311,15.9518,0.0000
11767,77.8811,15.9518,0.0000
11768,77.8311,15.9518,0.0000
11769,77.7811,15.9518,0.0000
11770,77.7311,15.9518,0.0000
11771,77.6811,15.9518,0.0000
11772,77.6311,15.9518,0.0000
11773,77.5811,15.9518,0.0000
11774,77.5311,15.9518,0.0000
11775,77.4811,15.9518,0.0000
11776,77.4311,15.9518,0.0000
11777,77.3811,15.9518,0.0000
11778,77.3311,15.9518,0.0000
11779,77.2811,15.9518,0.0000
11780,77.2311,15.9518,0.0000
11781,77.1811,15.9518,0.0000
11782,77.1311,15.9518,0.0000
11783,77.0811,15.9518,0.0000
11784,77.0311,15.9518,0.0000
11785,76.9811,15.9518,0.0000
11786,76.9311,15.9518,0.0000
11787,76.8811,15.9518,0.0000
11788,76.8311,15.9518,0.0000
11789,76.7811,15.9518,0.0000
11790,76.7311,15.9518,0.0000
11791,76.6811,15.9518,0.0000
11792,76.6311,15.9518,0.0000
11793,76.5811,15.9518,0.0000
11794,76.5311,15.9518,0.0000
11795,76.4811,15.9518,0.0000
11796,76.4311,15.9518,0.0000
11797,76.3811,15.9518,0.0000
11798,76.3311,15.9518,0.0000
11799,76.2811,15.9518,0.0000
11800,76.2311,15.9518,0.0000
11801,76.1811,15.9518,0.0000
11802,76.1311,15.9518,0.0000
11803,76.0811,15.9518,0.0000
11804,76.0311,15.9518,0.0000
11805,75.9811,15.9518,0.0000
11806,75.9311,15.9518,0.0000
11807,75.8811,15.9518,0.0000
11808,75.8311,15.9518,0.0000
11809,75.7811,15.9518,0.0000
11810,75.7311,15.9518,0.0000
11811,75.6811,15.9518,0.0000
11812,75.6311,15.9518,0.0000
11813,75.5811,15.9518,0.0000
11814,75.5311,15.9518,0.0000
11815,75.4811,15.9518,0.0000
11816,75.4311,15.9518,0.0000
11817,75.3811,15.9518,0.0000
11818,75.3311,15.9518,0.0000
11819,75.2811,15.9518,0.0000
11820,75.2311,15.9518,0.0000
11821,75.1811,15.9518,0.0000
11822,75.1311,15.9518,0.0000
11823,75.0811,15.9518,0.0000
11824,75.0311,15.9518,0.0000
11825,74.9811,15.9518,0.0000
11826,74.9311,15.9518,0.0000
11827,74.8811,15.9518,0.0000
11828,74.8311,15.9518,0.0000
11829,74.7811,15.9518,0.0000
11830,74.7311,15.9518,0.0000
11831,74.6811,15.9518,0.0000
11832,74.6311,15.9518,0.0000
11833,74.5811,15.9518,0.0000
11834,74.5311,15.9518,0.0000
11835,74.4811,15.9518,0.0000
11836,74.4311,15.9518,0.0000
11837,74.3811,15.9518,0.0000
11838,74.3311,15.9518,0.0000
11839,74.2811,15.9518,0.0000
11840,74.2311,15.9518,0.0000
11841,74.1811,15.9518,0.0000
11842,74.1311,15.9518,0.0000
11843,74.0811,15.9518,0.0000
11844,74.0311,15.9518,0.0000
11845,73.9811,15.9518,0.0000
11846,73.9311,15.9518,0.0000
11847,73.8811,15.9518,0.0000
11848,73.8311,15.9518,0.0000
11849,73.7811,15.9518,0.0000
11850,73.7311,15.9518,0.0000
11851,73.6811,15.9518,0.0000
11852,73.6311,15.9518,0.0000
11853,73.5811,15.9518,0.0000
11854,73.5311,15.9518,0.0000
11855,73.4811,15.9518,0.0000
11856,73.4311,15.9518,0.0000
11857,73.3811,15.9518,0.0000
11858,73.3311,15.9518,0.0000
11859,73.2811,15.9518,0.0000
11860,73.2311,15.9518,0.0000
11861,73.1811,15.9518,0.0000
11862,73.1311,15.9518,0.0000
11863,73.0811,15.9518,0.0000
11864,73.0311,15.9518,0.0000
11865,72.9811,15.9518,0.0000
11866,72.9311,15.9518,0.0000
11867,72.8811,15.9518,0.0000
11868,72.8311,15.9518,0.0000
11869,72.7811,15.9518,0.0000
11870,72.7311,15.9518,0.0000
11871,72.6811,15.9518,0.0000
11872,72.6311,15.9518,0.0000
11873,72.5811,15.9518,0.0000
11874,72.5311,15.9518,0.0000
11875,72.4811,15.9518,0.0000
11876,72.4311,15.9518,0.0000
11877,72.3811,15.9518,0.0000
11878,72.3311,15.9518,0.0000
11879,72.2811,15.9518,0.0000
11880,72.2311,15.9518,0.0000
11881,72.1811,15.9518,0.0000
11882,72.1311,15.9518,0.0000
11883,72.0811,15.9518,0.0000
11884,72.0311,15.9518,0.0000
11885,71.9811,15.9518,0.0000
11886,71.9311,15.9518,0.0000
11887,71.8811,15.9518,0.0000
11888,71.8311,15.9518,0.0000
11889,71.7811,15.9518,0.0000
11890,71.7311,15.9518,0.0000
11891,71.6811,15.9518,0.0000
11892,71.6311,15.9518,0.0000
11893,71.5811,15.9518,0.0000
11894,71.5311,15.9518,0.0000
11895,71.4811,15.9518,0.0000
11896,71.4311,15.9518,0.0000
11897,71.3811,15.9518,0.0000
11898,71.3311,15.9518,0.0000
11899,71.2811,15.9518,0.0000
11900,71.2311,15.9518,0.0000
11901,71.1811,15.9518,0.0000
11902,71.1311,15.9518,0.0000
11903,71.0811,15.9518,0.0000
11904,71.0311,15.9518,0.0000
11905,70.9811,15.9518,0.0000
11906,70.9311,15.9518,0.0000
11907,70.8811,15.9518,0.0000
11908,70.8311,15.9518,0.0000
11909,70.7811,15.9518,0.0000
11910,70.7311,15.9518,0.0000
11911,70.6811,15.9518,0.0000
11912,70.6311,15.9518,0.0000
11913,70.5811,15.9518,0.0000
11914,70.5311,15.9518,0.0000
11915,70.4811,15.9518,0.0000
11916,70.4311,15.9518,0.0000
11917,70.3811,15.9518,0.0000
11918,70.3311,15.9518,0.0000
11919,70.2811,15.9518,0.0000
11920,70.2311,15.9518,0.0000
11921,70.1811,15.9518,0.0000
11922,70.1311,15.9518,0.0000
11923,70.0811,15.9518,0.0000
11924,70.0311,15.9518,0.0000
11925,69.9811,15.9518,0.0000
11926,69.9311,15.9518,0.0000
11927,69.8811,15.9518,0.0000
11928,69.8311,15.9518,0.0000
11929,69.7811,15.9518,0.0000
11930,69.7311,15.9518,0.0000
11931,69.6811,15.9518,0.0000
11932,69.6311,15.9518,0.0000
11933,69.5811,15.9518,0.0000
11934,69.5311,15.9518,0.0000
11935,69.4811,15.9518,0.0000
11936,69.4311,15.9518,0.0000
11937,69.3811,15.9518,0.0000
11938,69.3311,15.9518,0.0000
11939,69.2811,15.9518,0.0000
11940,69.2311,15.9518,0.0000
11941,69.1811,15.9518,0.0000
11942,69.1311,15.9518,0.0000
11943,69.0811,15.9518,0.0000
11944,69.0311,15.9518,0.0000
11945,68.9811,15.9518,0.0000
11946,68.9311,15.9518,0.0000
11947,68.8811,15.9518,0.0000
11948,68.8311,15.9518,0.0000
11949,68.7811,15.9518,0.0000
11950,68.7311,15.9518,0.0000
11951,68.6811,15.9518,0.0000
11952,68.6311,15.9518,0.0000
11953,68.5811,15.9518,0.0000
11954,68.5311,15.9518,0.0000
11955,68.4811,15.9518,0.0000
11956,68.4311,15.9518,0.0000
11957,68.3811,15.9518,0.0000
11958,68.3311,15.9518,0.0000
11959,68.2811,15.9518,0.0000
11960,68.2311,15.9518,0.0000
11961,68.1811,15.9518,0.0000
11962,68.1311,15.9518,0.0000
11963,68.0811,15.9518,0.0000
11964,68.0311,15.9518,0.0000
11965,67.9811,15.9518,0.0000
11966,67.9311,15.9518,0.0000
11967,67.8811,15.9518,0.0000
11968,67.8311,15.9518,0.0000
11969,67.7811,15.9518,0.0000
11970,67.7311,15.9518,0.0000
11971,67.6811,15.9518,0.0000
11972,67.6311,15.9518,0.0000
11973,67.5811,15.9518,0.0000
11974,67.5311,15.9518,0.0000
11975,67.4811,15.9518,0.0000
11976,67.4311,15.9518,0.0000
11977,67.3811,15.9518,0.0000
11978,67.3311,15.9518,0.0000
11979,67.2811,15.9518,0.0000
11980,67.2311,15.9518,0.0000
11981,67.1811,15.9518,0.0000
11982,67.1311,15.9518,0.0000
11983,67.0811,15.9518,0.0000
11984,67.0311,15.9518,0.0000
11985,66.9811,15.9518,0.0000
11986,66.9311,15.9518,0.0000
11987,66.8811,15.9518,0.0000
11988,66.8311,15.9518,0.0000
11989,66.7811,15.9518,0.0000
11990,66.7311,15.9518,0.0000
11991,66.6811,15.9518,0.0000
11992,66.6311,15.9518,0.0000
11993,66.5811,15.9518,0.0000
11994,66.5311,15.9518,0.0000
11995,66.4811,15.9518,0.0000
11996,66.4311,15.9518,0.0000
11997,66.3811,15.9518,0.0000
11998,66.3311,15.9518,0.0000
11999,66.2811,15.9518,0.0000
12000,66.2311,15.9518,0.0000
12001,66.1811,15.9518,0.0000
12002,66.1311,15.9518,0.0000
12003,66.0811,15.9518,0.0000
12004,66.0311,15.9518,0.0000
12005,65.9811,15.9518,0.0000
12006,65.9311,15.9518,0.0000
12007,65.8811,15.9518,0.0000
12008,65.8311,15.9518,0.0000
12009,65.7811,15.9518,0.0000
12010,65.7311,15.9518,0.0000
12011,65.6811,15.9518,0.0000
12012,65.6311,15.9518,0.0000
12013,65.5811,15.9518,0.0000
12014,65.5311,15.9518,0.0000
12015,65.4811,15.9518,0.0000
12016,65.4311,15.9518,0.0000
12017,65.3811,15.9518,0.0000
12018,65.3311,15.9518,0.0000
12019,65.2811,15.9518,0.0000
12020,65.2311,15.9518,0.0000
12021,65.1811,15.9518,0.0000
12022,65.1311,15.9518,0.0000
12023,65.0811,15.9518,0.0000
12024,65.0311,15.9518,0.0000
12025,64.9811,15.9518,0.0000
12026,64.9311,15.9518,0.0000
12027,64.8811,15.9518,0.0000
12028,64.8311,15.9518,0.0000
12029,64.7811,15.9518,0.0000
12030,64.7311,15.9518,0.0000
12031,64.6811,15.9518,0.0000
12032,64.6311,15.9518,0.0000
12033,64.5811,15.9518,0.0000
12034,64.5311,15.9518,0.0000
12035,64.4811,15.9518,0.0000
12036,64.4311,15.9518,0.0000
12037,64.3811,15.9518,0.0000
12038,64.3311,15.9518,0.0000
12039,64.2811,15.9518,0.0000
12040,64.2311,15.9518,0.0000
12041,64.1811,15.9518,0.0000
12042,64.1311,15.9518,0.0000
12043,64.0811,15.9518,0.0000
12044,64.0311,15.9518,0.0000
12045,63.9811,15.9518,0.0000
12046,63.9311,15.9518,0.0000
12047,63.8811,15.9518,0.0000
12048,63.8311,15.9518,0.0000
12049,63.7811,15.9518,0.0000
12050,63.7311,15.9518,0.0000
12051,63.6811,15.9518,0.0000
12052,63.6311,15.9518,0.0000
12053,63.5811,15.9518,0.0000
12054,63.5311,15.9518,0.0000
12055,63.4811,15.9518,0.0000
12056,63.4311,15.9518,0.0000
12057,63.3811,15.9518,0.0000
12058,63.3311,15.9518,0.0000
12059,63.2811,15.9518,0.0000
12060,63.2311,15.9518,0.0000
12061,63.1811,15.9518,0.0000
12062,63.1311,15.9518,0.0000
12063,63.0811,15.9518,0.0000
12064,63.0311,15.9518,0.0000
12065,62.9811,15.9518,0.0000
12066,62.9311,15.9518,0.0000
12067,62.8811,15.9518,0.0000
12068,62.8311,15.9518,0.0000
12069,62.7811,15.9518,0.0000
12070,62.7311,15.9518,0.0000
12071,62.6811,15.9518,0.0000
12072,62.6311,15.9518,0.0000
12073,62.5811,15.9518,0.0000
12074,62.5311,15.9518,0.0000
12075,62.4811,15.9518,0.0000
12076,62.4311,15.9518,0.0000
12077,62.3811,15.9518,0.0000
12078,62.3311,15.9518,0.0000
12079,62.2811,15.9518,0.0000
12080,62.2311,15.9518,0.0000
12081,62.1811,15.9518,0.0000
12082,62.1311,15.9518,0.0000
12083,62.0811,15.9518,0.0000
12084,62.0311,15.9518,0.0000
12085,61.9811,15.9518,0.0000
12086,61.9311,15.9518,0.0000
12087,61.8811,15.9518,0.0000
12088,61.8311,15.9518,0.0000
12089,61.7811,15.9518,0.0000
12090,61.7311,15.9518,0.0000
12091,61.6811,15.9518,0.0000
12092,61.6311,15.9518,0.0000
12093,61.5811,15.9518,0.0000
12094,61.5311,15.9518,0.0000
12095,61.4811,15.9518,0.0000
12096,61.4311,15.9518,0.0000
12097,61.3811,15.9518,0.0000
12098,61.3311,15.9518,0.0000
12099,61.2811,15.9518,0.0000
12100,61.2311,15.9518,0.0000
12101,61.1811,15.9518,0.0000
12102,61.1311,15.9518,0.0000
12103,61.0811,15.9518,0.0000
12104,61.0311,15.9518,0.0000
12105,60.9811,15.9518,0.0000
12106,60.9311,15.9518,0.0000
12107,60.8811,15.9518,0.0000
12108,60.8311,15.9518,0.0000
12109,60.7811,15.9518,0.0000
12110,60.7311,15.9518,0.0000
12111,60.6811,15.9518,0.0000
12112,60.6311,15.9518,0.0000
12113,60.5811,15.9518,0.0000
12114,60.5311,15.9518,0.0000
12115,60.4811,15.9518,0.0000
12116,60.4311,15.9518,0.0000
12117,60.3811,15.9518,0.0000
12118,60.3311,15.9518,0.0000
12119,60.2811,15.9518,0.0000
12120,60.2311,15.9518,0.0000
12121,60.1811,15.9518,0.0000
12122,60.1311,15.9518,0.0000
12123,60.0811,15.9518,0.0000
12124,60.0311,15.9518,0.0000
12125,59.9811,15.9518,0.0000
12126,59.9311,15.9518,0.0000
12127,59.8811,15.9518,0.0000
12128,59.8311,15.9518,0.0000
12129,59.7811,15.9518,0.0000
12130,59.7311,15.9518,0.0000
12131,59.6811,15.9518,0.0000
12132,59.6311,15.9518,0.0000
12133,59.5811,15.9518,0.0000
12134,59.5311,15.9518,0.0000
12135,59.4811,15.9518,0.0000
12136,59.4311,15.9518,0.0000
12137,59.3811,15.9518,0.0000
12138,59.3311,15.9518,0.0000
12139,59.2811,15.9518,0.0000
12140,59.2311,15.9518,0.0000
12141,59.1811,15.9518,0.0000
12142,59.1311,15.9518,0.0000
12143,59.0811,15.9518,0.0000
12144,59.0311,15.9518,0.0000
12145,58.9811,15.9518,0.0000
12146,58.9311,15.9518,0.0000
12147,58.8811,15.9518,0.0000
12148,58.8311,15.9518,0.0000
12149,58.7811,15.9518,0.0000
12150,58.7311,15.9518,0.0000
12151,58.6811,15.9518,0.0000
12152,58.6311,15.9518,0.0000
12153,58.5811,15.9518,0.0000
12154,58.5311,15.9518,0.0000
12155,58.4811,15.9518,0.0000
12156,58.4311,15.9518,0.0000
12157,58.3811,15.9518,0.0000
12158,58.3311,15.9518,0.0000
12159,58.2811,15.9518,0.0000
12160,58.2311,15.9518,0.0000
12161,58.1811,15.9518,0.0000
12162,58.1311,15.9518,0.0000
12163,58.0811,15.9518,0.0000
12164,58.0311,15.9518,0.0000
12165,57.9811,15.9518,0.0000
12166,57.9311,15.9518,0.0000
12167,57.8811,15.9518,0.0000
12168,57.8311,15.9518,0.0000
12169,57.7811,15.9518,0.0000
12170,57.7311,15.9518,0.0000
12171,57.6811,15.9518,0.0000
12172,57.6311,15.9518,0.0000
12173,57.5811,15.9518,0.0000
12174,57.5311,15.9518,0.0000
12175,57.4811,15.9518,0.0000
12176,57.4311,15.9518,0.0000
12177,57.3811,15.9518,0.0000
12178,57.3311,15.9518,0.0000
12179,57.2811,15.9518,0.0000
12180,57.2311,15.9518,0.0000
12181,57.1811,15.9518,0.0000
12182,57.1311,15.9518,0.0000
12183,57.0811,15.9518,0.0000
12184,57.0311,15.9518,0.0000
12185,56.9811,15.9518,0.0000
12186,56.9311,15.9518,0.0000
12187,56.8811,15.9518,0.0000
12188,56.8311,15.9518,0.0000
12189,56.7811,15.9518,0.0000
12190,56.7311,15.9518,0.0000
12191,56.6811,15.9518,0.0000
12192,56.6311,15.9518,0.0000
12193,56.5811,15.9518,0.0000
12194,56.5311,15.9518,0.0000
12195,56.4811,15.9518,0.0000
12196,56.4311,15.9518,0.0000
12197,56.3811,15.9518,0.0000
12198,56.3311,15.9518,0.0000
12199,56.2811,15.9518,0.0000
12200,56.2311,15.9518,0.0000
12201,56.1811,15.9518,0.0000
12202,56.1311,15.9518,0.0000
12203,56.0811,15.9518,0.0000
12204,56.0311,15.9518,0.0000
12205,55.9811,15.9518,0.0000
12206,55.9311,15.9518,0.0000
12207,55.8811,15.9518,0.0000
12208,55.8311,15.9518,0.0000
12209,55.7811,15.9518,0.0000
12210,55.7311,15.9518,0.0000
12211,55.6811,15.9518,0.0000
12212,55.6311,15.9518,0.0000
12213,55.5811,15.9518,0.0000
12214,55.5311,15.9518,0.0000
12215,55.4811,15.9518,0.0000
12216,55.4311,15.9518,0.0000
12217,55.3811,15.9518,0.0000
12218,55.3311,15.9518,0.0000
12219,55.2811,15.9518,0.0000
12220,55.2311,15.9518,0.0000
12221,55.1811,15.9518,0.0000
12222,55.1311,15.9518,0.0000
12223,55.0811,15.9518,0.0000
12224,55.0311,15.9518,0.0000
12225,54.9811,15.9518,0.0000
12226,54.9311,15.9518,0.0000
12227,54.8811,15.9518,0.0000
12228,54.8311,15.9518,0.0000
12229,54.7811,15.9518,0.0000
12230,54.7311,15.9518,0.0000
12231,54.6811,15.9518,0.0000
12232,54.6311,15.9518,0.0000
12233,54.5811,15.9518,0.0000
12234,54.5311,15.9518,0.0000
12235,54.4811,15.9518,0.0000
12236,54.4311,15.9518,0.0000
12237,54.3811,15.9518,0.0000
12238,54.3311,15.9518,0.0000
12239,54.2811,15.9518,0.0000
12240,54.2311,15.9518,0.0000
12241,54.1811,15.9518,0.0000
12242,54.1311,15.9518,0.0000
12243,54.0811,15.9518,0.0000
12244,54.0311,15.9518,0.0000
12245,53.9811,15.9518,0.0000
12246,53.9311,15.9518,0.0000
12247,53.8811,15.9518,0.0000
12248,53.8311,15.9518,0.0000
12249,53.7811,15.9518,0.0000
12250,53.7311,15.9518,0.0000
12251,53.6811,15.9518,0.0000
12252,53.6311,15.9518,0.0000
12253,53.5811,15.9518,0.0000
12254,53.5311,15.9518,0.0000
12255,53.4811,15.9518,0.0000
12256,53.4311,15.9518,0.0000
12257,53.3811,15.9518,0.0000
12258,53.3311,15.9518,0.0000
12259,53.2811,15.9518,0.0000
12260,53.2311,15.9518,0.0000
12261,53.1811,15.9518,0.0000
12262,53.1311,15.9518,0.0000
12263,53.0811,15.9518,0.0000
12264,53.0311,15.9518,0.0000
12265,52.9811,15.9518,0.0000
12266,52.9311,15.9518,0.0000
12267,52.8811,15.9518,0.0000
12268,52.8311,15.9518,0.0000
12269,52.7811,15.9518,0.0000
12270,52.7311,15.9518,0.0000
12271,52.6811,15.9518,0.0000
12272,52.6311,15.9518,0.0000
12273,52.5811,15.9518,0.0000
12274,52.5311,15.9518,0.0000
12275,52.4811,15.9518,0.0000
12276,52.4311,15.9518,0.0000
12277,52.3811,15.9518,0.0000
12278,52.3311,15.9518,0.0000
12279,52.2811,15.9518,0.0000
12280,52.2311,15.9518,0.0000
12281,52.1811,15.9518,0.0000
12282,52.1311,15.9518,0.0000
12283,52.0811,15.9518,0.0000
12284,52.0311,15.9518,0.0000
12285,51.9811,15.9518,0.0000
12286,51.9311,15.9518,0.0000
12287,51.8811,15.9518,0.0000
12288,51.8311,15.9518,0.0000
12289,51.7811,15.9518,0.0000
12290,51.7311,15.9518,0.0000
12291,51.6811,15.9518,0.0000
12292,51.6311,15.9518,0.0000
12293,51.5811,15.9518,0.0000
12294,51.5311,15.9518,0.0000
12295,51.4811,15.9518,0.0000
12296,51.4311,15.9518,0.0000
12297,51.3811,15.9518,0.0000
12298,51.3311,15.9518,0.0000
12299,51.2811,15.9518,0.0000
12300,51.2311,15.9518,0.0000
12301,51.1811,15.9518,0.0000
12302,51.1311,15.9518,0.0000
12303,51.0811,15.9518,0.0000
12304,51.0311,15.9518,0.0000
12305,50.9811,15.9518,0.0000
12306,50.9311,15.9518,0.0000
12307,50.8811,15.9518,0.0000
12308,50.8311,15.9518,0.0000
12309,50.7811,15.9518,0.0000
12310,50.7311,15.9518,0.0000
12311,50.6811,15.9518,0.0000
12312,50.6311,15.9518,0.0000
12313,50.5811,15.9518,0.0000
12314,50.5311,15.9518,0.0000
12315,50.4811,15.9518,0.0000
12316,50.4311,15.9518,0.0000
12317,50.3811,15.9518,0.0000
12318,50.3311,15.9518,0.0000
12319,50.2811,15.9518,0.0000
12320,50.2311,15.9518,0.0000
12321,50.1811,15.9518,0.0000
12322,50.1311,15.9518,0.0000
12323,50.0811,15.9518,0.0000
12324,50.0311,15.9518,0.0000
12325,49.9811,15.9518,0.0000
12326,49.9311,15.9518,0.0000
12327,49.8811,15.9518,0.0000
12328,49.8311,15.9518,0.0000
12329,49.7811,15.9518,0.0000
12330,49.7311,15.9518,0.0000
12331,49.6811,15.9518,0.0000
12332,49.6311,15.9518,0.0000
12333,49.5811,15.9518,0.0000
12334,49.5311,15.9518,0.0000
12335,49.4811,15.9518,0.0000
12336,49.4311,15.9518,0.0000
12337,49.3811,15.9518,0.0000
12338,49.3311,15.9518,0.0000
12339,49.2811,15.9518,0.0000
12340,49.2311,15.9518,0.0000
12341,49.1811,15.9518,0.0000
12342,49.1311,15.9518,0.0000
12343,49.0811,15.9518,0.0000
12344,49.0311,15.9518,0.0000
12345,48.9811,15.9518,0.0000
12346,48.9311,15.9518,0.0000
12347,48.8811,15.9518,0.0000
12348,48.8311,15.9518,0.0000
12349,48.7811,15.9518,0.0000
12350,48.7311,15.9518,0.0000
12351,48.6811,15.9518,0.0000
12352,48.6311,15.9518,0.0000
12353,48.5811,15.9518,0.0000
12354,48.5311,15.9518,0.0000
12355,48.4811,15.9518,0.0000
12356,48.4311,15.9518,0.0000
12357,48.3811,15.9518,0.0000
12358,48.3311,15.9518,0.0000
12359,48.2811,15.9518,0.0000
12360,48.2311,15.9518,0.0000
12361,48.1811,15.9518,0.0000
12362,48.1311,15.9518,0.0000
12363,48.0811,15.9518,0.0000
12364,48.0311,15.9518,0.0000
12365,47.9811,15.9518,0.0000
12366,47.9311,15.9518,0.0000
12367,47.8811,15.9518,0.0000
12368,47.8311,15.9518,0.0000
12369,47.7811,15.9518,0.0000
12370,47.7311,15.9518,0.0000
12371,47.6811,15.9518,0.0000
12372,47.6311,15.9518,0.0000
12373,47.5811,15.9518,0.0000
12374,47.5311,15.9518,0.0000
12375,47.4811,15.9518,0.0000
12376,47.4311,15.9518,0.0000
12377,47.3811,15.9518,0.0000
12378,47.3311,15.9518,0.0000
12379,47.2811,15.9518,0.0000
12380,47.2311,15.9518,0.0000
12381,47.1811,15.9518,0.0000
12382,47.1311,15.9518,0.0000
12383,47.0811,15.9518,0.0000
12384,47.0311,15.9518,0.0000
12385,46.9811,15.9518,0.0000
12386,46.9311,15.9518,0.0000
12387,46.8811,15.9518,0.0000
12388,46.8311,15.9518,0.0000
12389,46.7811,15.9518,0.0000
12390,46.7311,15.9518,0.0000
12391,46.6811,15.9518,0.0000
12392,46.6311,15.9518,0.0000
12393,46.5811,15.9518,0.0000
12394,46.5311,15.9518,0.0000
12395,46.4811,15.9518,0.0000
12396,46.4311,15.9518,0.0000
12397,46.3811,15.9518,0.0000
12398,46.3311,15.9518,0.0000
12399,46.2811,15.9518,0.0000
12400,46.2311,15.9518,0.0000
12401,46.1811,15.9518,0.0000
12402,46.1311,15.9518,0.0000
12403,46.0811,15.9518,0.0000
12404,46.0311,15.9518,0.0000
12405,45.9811,15.9518,0.0000
12406,45.9311,15.9518,0.0000
12407,45.8811,15.9518,0.0000
12408,45.8311,15.9518,0.0000
12409,45.7811,15.9518,0.0000
12410,45.7311,15.9518,0.0000
12411,45.6811,15.9518,0.0000
12412,45.6311,15.9518,0.0000
12413,45.5811,15.9518,0.0000
12414,45.5311,15.9518,0.0000
12415,45.4811,15.9518,0.0000
12416,45.4311,15.9518,0.0000
12417,45.3811,15.9518,0.0000
12418,45.3311,15.9518,0.0000
12419,45.2811,15.9518,0.0000
12420,45.2311,15.9518,0.0000
12421,45.1811,15.9518,0.0000
12422,45.1311,15.9518,0.0000
12423,45.0811,15.9518,0.0000
12424,45.0311,15.9518,0.0000
12425,44.9811,15.9518,0.0000
12426,44.9311,15.9518,0.0000
12427,44.8811,15.9518,0.0000
12428,44.8311,15.9518,0.0000
12429,44.7811,15.9518,0.0000
12430,44.7311,15.9518,0.0000
12431,44.6811,15.9518,0.0000
12432,44.6311,15.9518,0.0000
12433,44.5811,15.9518,0.0000
12434,44.5311,15.9518,0.0000
12435,44.4811,15.9518,0.0000
12436,44.4311,15.9518,0.0000
12437,44.3811,15.9518,0.0000
12438,44.3311,15.9518,0.0000
12439,44.2811,15.9518,0.0000
12440,44.2311,15.9518,0.0000
12441,44.1811,15.9518,0.0000
12442,44.1311,15.9518,0.0000
12443,44.0811,15.9518,0.0000
12444,44.0311,15.9518,0.0000
12445,43.9811,15.9518,0.0000
12446,43.9311,15.9518,0.0000
12447,43.8811,15.9518,0.0000
12448,43.8311,15.9518,0.0000
12449,43.7811,15.9518,0.0000
12450,43.7311,15.9518,0.0000
12451,43.6811,15.9518,0.0000
12452,43.6311,15.9518,0.0000
12453,43.5811,15.9518,0.0000
12454,43.5311,15.9518,0.0000
12455,43.4811,15.9518,0.0000
12456,43.4311,15.9518,0.0000
12457,43.3811,15.9518,0.0000
12458,43.3311,15.9518,0.0000
12459,43.2811,15.9518,0.0000
12460,43.2311,15.9518,0.0000
12461,43.1811,15.9518,0.0000
12462,43.1311,15.9518,0.0000
12463,43.0811,15.9518,0.0000
12464,43.0311,15.9518,0.0000
12465,42.9811,15.9518,0.0000
12466,42.9311,15.9518,0.0000
12467,42.8811,15.9518,0.0000
12468,42.8311,15.9518,0.0000
12469,42.7811,15.9518,0.0000
12470,42.7311,15.9518,0.0000
12471,42.6811,15.9518,0.0000
12472,42.6311,15.9518,0.0000
12473,42.5811,15.9518,0.0000
12474,42.5311,15.9518,0.0000
12475,42.4811,15.9518,0.0000
12476,42.4311,15.9518,0.0000
12477,42.3811,15.9518,0.0000
12478,42.3311,15.9518,0.0000
12479,42.2811,15.9518,0.0000
12480,42.2311,15.9518,0.0000
12481,42.1811,15.9518,0.0000
12482,42.1311,15.9518,0.0000
12483,42.0811,15.9518,0.0000
12484,42.0311,15.9518,0.0000
12485,41.9811,15.9518,0.0000
12486,41.9311,15.9518,0.0000
12487,41.8811,15.9518,0.0000
12488,41.8311,15.9518,0.0000
12489,41.7811,15.9518,0.0000
12490,41.7311,15.9518,0.0000
12491,41.6811,15.9518,0.0000
12492,41.6311,15.9518,0.0000
12493,41.5811,15.9518,0.0000
12494,41.5311,15.9518,0.0000
12495,41.4811,15.9518,0.0000
12496,41.4311,15.9518,0.0000
12497,41.3811,15.9518,0.0000
12498,41.3311,15.9518,0.0000
12499,41.2811,15.9518,0.0000
12500,41.2311,15.9518,0.0000
12501,41.1811,15.9518,0.0000
12502,41.1311,15.9518,0.0000
12503,41.0811,15.9518,0.0000
12504,41.0311,15.9518,0.0000
12505,40.9811,15.9518,0.0000
12506,40.9311,15.9518,0.0000
12507,40.8811,15.9518,0.0000
12508,40.8311,15.9518,0.0000
12509,40.7811,15.9518,0.0000
12510,40.7311,15.9518,0.0000
12511,40.6811,15.9518,0.0000
12512,40.6311,15.9518,0.0000
12513,40.5811,15.9518,0.0000
12514,40.5311,15.9518,0.0000
12515,40.4811,15.9518,0.0000
12516,40.4311,15.9518,0.0000
12517,40.3811,15.9518,0.0000
12518,40.3311,15.9518,0.0000
12519,40.2811,15.9518,0.0000
12520,40.2311,15.9518,0.0000
12521,40.1811,15.9518,0.0000
12522,40.1311,15.9518,0.0000
12523,40.0811,15.9518,0.0000
12524,40.0311,15.9518,0.0000
12525,39.9811,15.9518,0.0000
12526,39.9311,15.9518,0.0000
12527,39.8811,15.9518,0.0000
12528,39.8311,15.9518,0.0000
12529,39.7811,15.9518,0.0000
12530,39.7311,15.9518,0.0000
12531,39.6811,15.9518,0.0000
12532,39.6311,15.9518,0.0000
12533,39.5811,15.9518,0.0000
12534,39.5311,15.9518,0.0000
12535,39.4811,15.9518,0.0000
12536,39.4311,15.9518,0.0000
12537,39.3811,15.9518,0.0000
12538,39.3311,15.9518,0.0000
12539,39.2811,15.9518,0.0000
12540,39.2311,15.9518,0.0000
12541,39.1811,15.9518,0.0000
12542,39.1311,15.9518,0.0000
12543,39.0811,15.9518,0.0000
12544,39.0311,15.9518,0.0000
12545,38.9811,15.9518,0.0000
12546,38.9311,15.9518,0.0000
12547,38.8811,15.9518,0.0000
12548,38.8311,15.9518,0.0000
12549,38.7811,15.9518,0.0000
12550,38.7311,15.9518,0.0000
12551,38.6811,15.9518,0.0000
12552,38.6311,15.9518,0.0000
12553,38.5811,15.9518,0.0000
12554,38.5311,15.9518,0.0000
12555,38.4811,15.9518,0.0000
12556,38.4311,15.9518,0.0000
12557,38.3811,15.9518,0.0000
12558,38.3311,15.9518,0.0000
12559,38.2811,15.9518,0.0000
12560,38.2311,15.9518,0.0000
12561,38.1811,15.9518,0.0000
12562,38.1311,15.9518,0.0000
12563,38.0811,15.9518,0.0000
12564,38.0311,15.9518,0.0000
12565,37.9811,15.9518,0.0000
12566,37.9311,15.9518,0.0000
12567,37.8811,15.9518,0.0000
12568,37.8311,15.9518,0.0000
12569,37.7811,15.9518,0.0000
12570,37.7311,15.9518,0.0000
12571,37.6811,15.9518,0.0000
12572,37.6311,15.9518,0.0000
12573,37.5811,15.9518,0.0000
12574,37.5311,15.9518,0.0000
12575,37.4811,15.9518,0.0000
12576,37.4311,15.9518,0.0000
12577,37.3811,15.9518,0.0000
12578,37.3311,15.9518,0.0000
12579,37.2811,15.9518,0.0000
12580,37.2311,15.9518,0.0000
12581,37.1811,15.9518,0.0000
12582,37.1311,15.9518,0.0000
12583,37.0811,15.9518,0.0000
12584,37.0311,15.9518,0.0000
12585,36.9811,15.9518,0.0000
12586,36.9311,15.9518,0.0000
12587,36.8811,15.9518,0.0000
12588,36.8311,15.9518,0.0000
12589,36.7811,15.9518,0.0000
12590,36.7311,15.9518,0.0000
12591,36.6811,15.9518,0.0000
12592,36.6311,15.9518,0.0000
12593,36.5811,15.9518,0.0000
12594,36.5311,15.9518,0.0000
12595,36.4811,15.9518,0.0000
12596,36.4311,15.9518,0.0000
12597,36.3811,15.9518,0.0000
12598,36.3311,15.9518,0.0000
12599,36.2811,15.9518,0.0000
12600,36.2311,15.9518,0.0000
12601,36.1811,15.9518,0.0000
12602,36.1311,15.9518,0.0000
12603,36.0811,15.9518,0.0000
12604,36.0311,15.9518,0.0000
12605,35.9811,15.9518,0.0000
12606,35.9311,15.9518,0.0000
12607,35.8811,15.9518,0.0000
12608,35.8311,15.9518,0.0000
12609,35.7811,15.9518,0.0000
12610,35.7311,15.9518,0.0000
12611,35.6811,15.9518,0.0000
12612,35.6311,15.9518,0.0000
12613,35.5811,15.9518,0.0000
12614,35.5311,15.9518,0.0000
12615,35.4811,15.9518,0.0000
12616,35.4311,15.9518,0.0000
12617,35.3811,15.9518,0.0000
12618,35.3311,15.9518,0.0000
12619,35.2811,15.9518,0.0000
12620,35.2311,15.9518,0.0000
12621,35.1811,15.9518,0.0000
12622,35.1311,15.9518,0.0000
12623,35.0811,15.9518,0.0000
12624,35.0311,15.9518,0.0000
12625,34.9811,15.9518,0.0000
12626,34.9311,15.9518,0.0000
12627,34.8811,15.9518,0.0000
12628,34.8311,15.9518,0.0000
12629,34.7811,15.9518,0.0000
12630,34.7311,15.9518,0.0000
12631,34.6811,15.9518,0.0000
12632,34.6311,15.9518,0.0000
12633,34.5811,15.9518,0.0000
12634,34.5311,15.9518,0.0000
12635,34.4811,15.9518,0.0000
12636,34.4311,15.9518,0.0000
12637,34.3811,15.9518,0.0000
12638,34.3311,15.9518,0.0000
12639,34.2811,15.9518,0.0000
12640,34.2311,15.9518,0.0000
12641,34.1811,15.9518,0.0000
12642,34.1311,15.9518,0.0000
12643,34.0811,15.9518,0.0000
12644,34.0311,15.9518,0.0000
12645,33.9811,15.9518,0.0000
12646,33.9311,15.9518,0.0000
12647,33.8811,15.9518,0.0000
12648,33.8311,15.9518,0.0000
12649,33.7811,15.9518,0.0000
12650,33.7311,15.9518,0.0000
12651,33.6811,15.9518,0.0000
12652,33.6311,15.9518,0.0000
12653,33.5811,15.9518,0.0000
12654,33.5311,15.9518,0.0000
12655,33.4811,15.9518,0.0000
12656,33.4311,15.9518,0.0000
12657,33.3811,15.9518,0.0000
12658,33.3311,15.9518,0.0000
12659,33.2811,15.9518,0.0000
12660,33.2311,15.9518,0.0000
12661,33.1811,15.9518,0.0000
12662,33.1311,15.9518,0.0000
12663,33.0811,15.9518,0.0000
12664,33.0311,15.9518,0.0000
12665,32.9811,15.9518,0.0000
12666,32.9311,15.9518,0.0000
12667,32.8811,15.9518,0.0000
12668,32.8311,15.9518,0.0000
12669,32.7811,15.9518,0.0000
12670,32.7311,15.9518,0.0000
12671,32.6811,15.9518,0.0000
12672,32.6311,15.9518,0.0000
12673,32.5811,15.9518,0.0000
12674,32.5311,15.9518,0.0000
12675,32.4811,15.9518,0.0000
12676,32.4311,15.9518,0.0000
12677,32.3811,15.9518,0.0000
12678,32.3311,15.9518,0.0000
12679,32.2811,15.9518,0.0000
12680,32.2311,15.9518,0.0000
12681,32.1811,15.9518,0.0000
12682,32.1311,15.9518,0.0000
12683,32.0811,15.9518,0.0000
12684,32.0311,15.9518,0.0000
12685,31.9811,15.9518,0.0000
12686,31.9311,15.9518,0.0000
12687,31.8811,15.9518,0.0000
12688,31.8311,15.9518,0.0000
12689,31.7811,15.9518,0.0000
12690,31.7311,15.9518,0.0000
12691,31.6811,15.9518,0.0000
12692,31.6311,15.9518,0.0000
12693,31.5811,15.9518,0.0000
12694,31.5311,15.9518,0.0000
12695,31.4811,15.9518,0.0000
12696,31.4311,15.9518,0.0000
12697,31.3811,15.9518,0.0000
12698,31.3311,15.9518,0.0000
12699,31.2811,15.9518,0.0000
12700,31.2311,15.9518,0.0000
12701,31.1811,15.9518,0.0000
12702,31.1311,15.9518,0.0000
12703,31.0811,15.9518,0.0000
12704,31.0311,15.9518,0.0000
12705,30.9811,15.9518,0.0000
12706,30.9311,15.9518,0.0000
12707,30.8811,15.9518,0.0000
12708,30.8311,15.9518,0.0000
12709,30.7811,15.9518,0.0000
12710,30.7311,15.9518,0.0000
12711,30.6811,15.9518,0.0000
12712,30.6311,15.9518,0.0000
12713,30.5811,15.9518,0.0000
12714,30.5311,15.9518,0.0000
12715,30.4811,15.9518,0.0000
12716,30.4311,15.9518,0.0000
12717,30.3811,15.9518,0.0000
12718,30.3311,15.9518,0.0000
12719,30.2811,15.9518,0.0000
12720,30.2311,15.9518,0.0000
12721,30.1811,15.9518,0.0000
12722,30.1311,15.9518,0.0000
12723,30.0811,15.9518,0.0000
12724,30.0311,15.9518,0.0000
12725,29.9811,15.9518,0.0000
12726,29.9311,15.9518,0.0000
12727,29.8811,15.9518,0.0000
12728,29.8311,15.9518,0.0000
12729,29.7811,15.9518,0.0000
12730,29.7311,15.9518,0.0000
12731,29.6811,15.9518,0.0000
12732,29.6311,15.9518,0.0000
12733,29.5811,15.9518,0.0000
12734,29.5311,15.9518,0.0000
12735,29.4811,15.9518,0.0000
12736,29.4311,15.9518,0.0000
12737,29.3811,15.9518,0.0000
12738,29.3311,15.9518,0.0000
12739,29.2811,15.9518,0.0000
12740,29.2311,15.9518,0.0000
12741,29.1811,15.9518,0.0000
12742,29.1311,15.9518,0.0000
12743,29.0811,15.9518,0.0000
12744,29.0311,15.9518,0.0000
12745,28.9811,15.9518,0.0000
12746,28.9311,15.9518,0.0000
12747,28.8811,15.9518,0.0000
12748,28.8311,15.9518,0.0000
12749,28.7811,15.9518,0.0000
12750,28.7311,15.9518,0.0000
12751,28.6811,15.9518,0.0000
12752,28.6311,15.9518,0.0000
12753,28.5811,15.9518,0.0000
12754,28.5311,15.9518,0.0000
12755,28.4811,15.9518,0.0000
12756,28.4311,15.9518,0.0000
12757,28.3811,15.9518,0.0000
12758,28.3311,15.9518,0.0000
12759,28.2811,15.9518,0.0000
12760,28.2311,15.9518,0.0000
12761,28.1811,15.9518,0.0000
12762,28.1311,15.9518,0.0000
12763,28.0811,15.9518,0.0000
12764,28.0311,15.9518,0.0000
12765,27.9811,15.9518,0.0000
12766,27.9311,15.9518,0.0000
12767,27.8811,15.9518,0.0000
12768,27.8311,15.9518,0.0000
12769,27.7811,15.9518,0.0000
12770,27.7311,15.9518,0.0000
12771,27.6811,15.9518,0.0000
12772,27.6311,15.9518,0.0000
12773,27.5811,15.9518,0.0000
12774,27.5311,15.9518,0.0000
12775,27.4811,15.9518,0.0000
12776,27.4311,15.9518,0.0000
12777,27.3811,15.9518,0.0000
12778,27.3311,15.9518,0.0000
12779,27.2811,15.9518,0.0000
12780,27.2311,15.9518,0.0000
12781,27.1811,15.9518,0.0000
12782,27.1311,15.9518,0.0000
12783,27.0811,15.9518,0.0000
12784,27.0311,15.9518,0.0000
12785,26.9811,15.9518,0.0000
12786,26.9311,15.9518,0.0000
12787,26.8811,15.9518,0.0000
12788,26.8311,15.9518,0.0000
12789,26.7811,15.9518,0.0000
12790,26.7311,15.9518,0.0000
12791,26.6811,15.9518,0.0000
12792,26.6311,15.9518,0.0000
12793,26.5811,15.9518,0.0000
12794,26.5311,15.9518,0.0000
12795,26.4811,15.9518,0.0000
12796,26.4311,15.9518,0.0000
12797,26.3811,15.9518,0.0000
12798,26.3311,15.9518,0.0000
12799,26.2811,15.9518,0.0000
12800,26.2311,15.9518,0.0000
12801,26.1811,15.9518,0.0000
12802,26.1311,15.9518,0.0000
12803,26.0811,15.9518,0.0000
12804,26.0311,15.9518,0.0000
12805,25.9811,15.9518,0.0000
12806,25.9311,15.9518,0.0000
12807,25.8811,15.9518,0.0000
12808,25.8311,15.9518,0.0000
12809,25.7811,15.9518,0.0000
12810,25.7311,15.9518,0.0000
12811,25.6811,15.9518,0.0000
12812,25.6311,15.9518,0.0000
12813,25.5811,15.9518,0.0000
12814,25.5311,15.9518,0.0000
12815,25.4811,15.9518,0.0000
12816,25.4311,15.9518,0.0000
12817,25.3811,15.9518,0.0000
12818,25.3311,15.9518,0.0000
12819,25.2811,15.9518,0.0000
12820,25.2311,15.9518,0.0000
12821,25.1811,15.9518,0.0000
12822,25.1311,15.9518,0.0000
12823,25.0811,15.9518,0.0000
12824,25.0311,15.9518,0.0000
12825,24.9811,15.9518,0.0000
12826,24.9311,15.9518,0.0000
12827,24.8811,15.9518,0.0000
12828,24.8311,15.9518,0.0000
12829,24.7811,15.9518,0.0000
12830,24.7311,15.9518,0.0000
12831,24.6811,15.9518,0.0000
12832,24.6311,15.9518,0.0000
12833,24.5811,15.9518,0.0000
12834,24.5311,15.9518,0.0000
12835,24.4811,15.9518,0.0000
12836,24.4311,15.9518,0.0000
12837,24.3811,15.9518,0.0000
12838,24.3311,15.9518,0.0000
12839,24.2811,15.9518,0.0000
12840,24.2311,15.9518,0.0000
12841,24.1811,15.9518,0.0000
12842,24.1311,15.9518,0.0000
12843,24.0811,15.9518,0.0000
12844,24.0311,15.9518,0.0000
12845,23.9811,15.9518,0.0000
12846,23.9311,15.9518,0.0000
12847,23.8811,15.9518,0.0000
12848,23.8311,15.9518,0.0000
12849,23.7811,15.9518,0.0000
12850,23.7311,15.9518,0.0000
12851,23.6811,15.9518,0.0000
12852,23.6311,15.9518,0.0000
12853,23.5811,15.9518,0.0000
12854,23.5311,15.9518,0.0000
12855,23.4811,15.9518,0.0000
12856,23.4311,15.9518,0.0000
12857,23.3811,15.9518,0.0000
12858,23.3311,15.9518,0.0000
12859,23.2811,15.9518,0.0000
12860,23.2311,15.9518,0.0000
12861,23.1811,15.9518,0.0000
12862,23.1311,15.9518,0.0000
12863,23.0811,15.9518,0.0000
12864,23.0311,15.9518,0.0000
12865,22.9811,15.9518,0.0000
12866,22.9311,15.9518,0.0000
12867,22.8811,15.9518,0.0000
12868,22.8311,15.9518,0.0000
12869,22.7811,15.9518,0.0000
12870,22.7311,15.9518,0.0000
12871,22.6811,15.9518,0.0000
12872,22.6311,15.9518,0.0000
12873,22.5811,15.9518,0.0000
12874,22.5311,15.9518,0.0000
12875,22.4811,15.9518,0.0000
12876,22.4311,15.9518,0.0000
12877,22.3811,15.9518,0.0000
12878,22.3311,15.9518,0.0000
12879,22.2811,15.9518,0.0000
12880,22.2311,15.9518,0.0000
12881,22.1811,15.9518,0.0000
12882,22.1311,15.9518,0.0000
12883,22.0811,15.9518,0.0000
12884,22.0311,15.9518,0.0000
12885,21.9811,15.9518,0.0000
12886,21.9311,15.9518,0.0000
12887,21.8811,15.9518,0.0000
12888,21.8311,15.9518,0.0000
12889,21.7811,15.9518,0.0000
12890,21.7311,15.9518,0.0000
12891,21.6811,15.9518,0.0000
12892,21.6311,15.9518,0.0000
12893,21.5811,15.9518,0.0000
12894,21.5311,15.9518,0.0000
12895,21.4811,15.9518,0.0000
12896,21.4311,15.9518,0.0000
12897,21.3811,15.9518,0.0000
12898,21.3311,15.9518,0.0000
12899,21.2811,15.9518,0.0000
12900,21.2311,15.9518,0.0000
12901,21.1811,15.9518,0.0000
12902,21.1311,15.9518,0.0000
12903,21.0811,15.9518,0.0000
12904,21.0311,15.9518,0.0000
12905,20.9811,15.9518,0.0000
12906,20.9311,15.9518,0.0000
12907,20.8811,15.9518,0.0000
12908,20.8311,15.9518,0.0000
12909,20.7811,15.9518,0.0000
12910,20.7311,15.9518,0.0000
12911,20.6811,15.9518,0.0000
12912,20.6311,15.9518,0.0000
12913,20.5811,15.9518,0.0000
12914,20.5311,15.9518,0.0000
12915,20.4811,15.9518,0.0000
12916,20.4311,15.9518,0.0000
12917,20.3811,15.9518,0.0000
12918,20.3311,15.9518,0.0000
12919,20.2811,15.9518,0.0000
12920,20.2311,15.9518,0.0000
12921,20.1811,15.9518,0.0000
12922,20.1311,15.9518,0.0000
12923,20.0811,15.9518,0.0000
12924,20.0311,15.9518,0.0000
12925,19.9811,15.9518,0.0000
12926,19.9311,15.9518,0.0000
12927,19.8811,15.9518,0.0000
12928,19.8311,15.9518,0.0000
12929,19.7811,15.9518,0.0000
12930,19.7311,15.9518,0.0000
12931,19.6811,15.9518,0.0000
12932,19.6311,15.9518,0.0000
12933,19.5811,15.9518,0.0000
12934,19.5311,15.9518,0.0000
12935,19.4811,15.9518,0.0000
12936,19.4311,15.9518,0.0000
12937,19.3811,15.9518,0.0000
12938,19.3311,15.9518,0.0000
12939,19.2811,15.9518,0.0000
12940,19.2311,15.9518,0.0000
12941,19.1811,15.9518,0.0000
12942,19.1311,15.9518,0.0000
12943,19.0811,15.9518,0.0000
12944,19.0311,15.9518,0.0000
12945,18.9811,15.9518,0.0000
12946,18.9311,15.9518,0.0000
12947,18.8811,15.9518,0.0000
12948,18.8311,15.9518,0.0000
12949,18.7811,15.9518,0.0000
12950,18.7311,15.9518,0.0000
12951,18.6811,15.9518,0.0000
12952,18.6311,15.9518,0.0000
12953,18.5811,15.9518,0.0000
12954,18.5311,15.9518,0.0000
12955,18.4811,15.9518,0.0000
12956,18.4311,15.9518,0.0000
12957,18.3811,15.9518,0.0000
12958,18.3311,15.9518,0.0000
12959,18.2811,15.9518,0.0000
12960,18.2311,15.9518,0.0000
12961,18.1811,15.9518,0.0000
12962,18.1311,15.9518,0.0000
12963,18.0811,15.9518,0.0000
12964,18.0311,15.9518,0.0000
12965,17.9811,15.9518,0.0000
12966,17.9311,15.9518,0.0000
12967,17.8811,15.9518,0.0000
12968,17.8311,15.9518,0.0000
12969,17.7811,15.9518,0.0000
12970,17.7311,15.9518,0.0000
12971,17.6811,15.9518,0.0000
12972,17.6311,15.9518,0.0000
12973,17.5811,15.9518,0.0000
12974,17.5311,15.9518,0.0000
12975,17.4811,15.9518,0.0000
12976,17.4311,15.9518,0.0000
12977,17.3811,15.9518,0.0000
12978,17.3311,15.9518,0.0000
12979,17.2811,15.9518,0.0000
12980,17.2311,15.9518,0.0000
12981,17.1811,15.9518,0.0000
12982,17.1311,15.9518,0.0000
12983,17.0811,15.9518,0.0000
12984,17.0311,15.9518,0.0000
12985,16.9811,15.9518,0.0000
12986,16.9311,15.9518,0.0000
12987,16.8811,15.9518,0.0000
12988,16.8311,15.9518,0.0000
12989,16.7811,15.9518,0.0000
12990,16.7311,15.9518,0.0000
12991,16.6811,15.9518,0.0000
12992,16.6311,15.9518,0.0000
12993,16.5811,15.9518,0.0000
12994,16.5311,15.9518,0.0000
12995,16.4811,15.9518,0.0000
12996,16.4311,15.9518,0.0000
12997,16.3811,15.9518,0.0000
12998,16.3311,15.9518,0.0000
12999,16.2811,15.9518,0.0000
13000,16.2311,15.9518,0.0000
13001,16.1811,15.9518,0.0000
13002,16.1311,15.9518,0.0000
13003,16.0811,15.9518,0.0000
13004,16.0311,15.9518,0.0000
13005,15.9811,15.9518,0.0000
13006,15.9311,15.9518,0.0000
13007,15.8811,15.9518,0.0000
13008,15.8311,15.9518,0.0000
13009,15.7811,15.9518,0.0000
13010,15.7311,15.9518,0.0000
13011,15.6811,15.9518,0.0000
13012,15.6311,15.9518,0.0000
13013,15.5811,15.9518,0.0000
13014,15.5311,15.9518,0.0000
13015,15.4811,15.9518,0.0000
13016,15.4311,15.9518,0.0000
13017,15.3811,15.9518,0.0000
13018,15.3311,15.9518,0.0000
13019,15.2811,15.9518,0.0000
13020,15.2311,15.9518,0.0000
13021,15.1811,15.9518,0.0000
13022,15.1311,15.9518,0.0000
13023,15.0811,15.9518,0.0000
13024,15.0311,15.9518,0.0000
13025,14.9811,15.9518,0.0000
13026,14.9311,15.9518,0.0000
13027,14.8811,15.9518,0.0000
13028,14.8311,15.9518,0.0000
13029,14.7811,15.9518,0.0000
13030,14.7311,15.9518,0.0000
13031,14.6811,15.9518,0.0000
13032,14.6311,15.9518,0.0000
13033,14.5811,15.9518,0.0000
13034,14.5311,15.9518,0.0000
13035,14.4811,15.9518,0.0000
13036,14.4311,15.9518,0.0000
13037,14.3811,15.9518,0.0000
13038,14.3311,15.9518,0.0000
13039,14.2811,15.9518,0.0000
13040,14.2311,15.9518,0.0000
13041,14.1811,15.9518,0.0000
13042,14.1311,15.9518,0.0000
13043,14.0811,15.9518,0.0000
13044,14.0311,15.9518,0.0000
13045,13.9811,15.9518,0.0000
13046,13.9311,15.9518,0.0000
13047,13.8811,15.9518,0.0000
13048,13.8311,15.9518,0.0000
13049,13.7811,15.9518,0.0000
13050,13.7311,15.9518,0.0000
13051,13.6811,15.9518,0.0000
13052,13.6311,15.9518,0.0000
13053,13.5811,15.9518,0.0000
13054,13.5311,15.9518,0.0000
13055,13.4811,15.9518,0.0000
13056,13.4311,15.9518,0.0000
13057,13.3811,15.9518,0.0000
13058,13.3311,15.9518,0.0000
13059,13.2811,15.9518,0.0000
13060,13.2311,15.9518,0.0000
13061,13.1811,15.9518,0.0000
13062,13.1311,15.9518,0.0000
13063,13.0811,15.9518,0.0000
13064,13.0311,15.9518,0.0000
13065,12.9811,15.9518,0.0000
13066,12.9311,15.9518,0.0000
13067,12.8811,15.9518,0.0000
13068,12.8311,15.9518,0.0000
13069,12.7811,15.9518,0.0000
13070,12.7311,15.9518,0.0000
13071,12.6811,15.9518,0.0000
13072,12.6311,15.9518,0.0000
13073,12.5811,15.9518,0.0000
13074,12.5311,15.9518,0.0000
13075,12.4811,15.9518,0.0000
13076,12.4311,15.9518,0.0000
13077,12.3811,15.9518,0.0000
13078,12.3311,15.9518,0.0000
13079,12.2811,15.9518,0.0000
13080,12.2311,15.9518,0.0000
13081,12.1811,15.9518,0.0000
13082,12.1311,15.9518,0.0000
13083,12.0811,15.9518,0.0000
13084,12.0311,15.9518,0.0000
13085,11.9811,15.9518,0.0000
13086,11.9311,15.9518,0.0000
13087,11.8811,15.9518,0.0000
13088,11.8311,15.9518,0.0000
13089,11.7811,15.9518,0.0000
13090,11.7311,15.9518,0.0000
13091,11.6811,15.9518,0.0000
13092,11.6311,15.9518,0.0000
13093,11.5811,15.9518,0.0000
13094,11.5311,15.9518,0.0000
13095,11.4811,15.9518,0.0000
13096,11.4311,15.9518,0.0000
13097,11.3811,15.9518,0.0000
13098,11.3311,15.9518,0.0000
13099,11.2811,15.9518,0.0000
13100,11.2311,15.9518,0.0000
13101,11.1811,15.9518,0.0000
13102,11.1311,15.9518,0.0000
13103,11.0811,15.9518,0.0000
13104,11.0311,15.9518,0.0000
13105,10.9811,15.9518,0.0000
13106,10.9311,15.9518,0.0000
13107,10.8811,15.9518,0.0000
13108,10.8311,15.9518,0.0000
13109,10.7811,15.9518,0.0000
13110,10.7311,15.9518,0.0000
13111,10.6811,15.9518,0.0000
13112,10.6311,15.9518,0.0000
13113,10.5811,15.9518,0.0000
13114,10.5311,15.9518,0.0000
13115,10.4811,15.9518,0.0000
13116,10.4311,15.9518,0.0000
13117,10.3811,15.9518,0.0000
13118,10.3311,15.9518,0.0000
13119,10.2811,15.9518,0.0000
13120,10.2311,15.9518,0.0000
13121,10.1811,15.9518,0.0000
13122,10.1311,15.9518,0.0000
13123,10.0811,15.9518,0.0000
13124,10.0311,15.9518,0.0000
13125,9.9811,15.9518,0.0000
13126,9.9311,15.9518,0.0000
13127,9.8811,15.9518,0.0000
13128,9.8311,15.9518,0.0000
13129,9.7811,15.9518,0.0000
13130,9.7311,15.9518,0.0000
13131,9.6811,15.9518,0.0000
13132,9.6311,15.9518,0.0000
13133,9.5811,15.9518,0.0000
13134,9.5311,15.9518,0.0000
13135,9.4811,15.9518,0.0000
13136,9.4311,15.9518,0.0000
13137,9.3811,15.9518,0.0000
13138,9.3311,15.9518,0.0000
13139,9.2811,15.9518,0.0000
13140,9.2311,15.9518,0.0000
13141,9.1811,15.9518,0.0000
13142,9.1311,15.9518,0.0000
13143,9.0811,15.9518,0.0000
13144,9.0311,15.9518,0.0000
13145,8.9811,15.9518,0.0000
13146,8.9311,15.9518,0.0000
13147,8.8811,15.9518,0.0000
13148,8.8311,15.9518,0.0000
13149,8.7811,15.9518,0.0000
13150,8.7311,15.9518,0.0000
13151,8.6811,15.9518,0.0000
13152,8.6311,15.9518,0.0000
13153,8.5811,15.9518,0.0000
13154,8.5311,15.9518,0.0000
13155,8.4811,15.9518,0.0000
13156,8.4311,15.9518,0.0000
13157,8.3811,15.9518,0.0000
13158,8.3311,15.9518,0.0000
13159,8.2811,15.9518,0.0000
13160,8.2311,15.9518,0.0000
13161,8.1811,15.9518,0.0000
13162,8.1311,15.9518,0.0000
13163,8.0811,15.9518,0.0000
13164,8.0311,15.9518,0.0000
13165,7.9811,15.9518,0.0000
13166,7.9311,15.9518,0.0000
13167,7.8811,15.9518,0.0000
13168,7.8311,15.9518,0.0000
13169,7.7811,15.9518,0.0000
13170,7.7311,15.9518,0.0000
13171,7.6811,15.9518,0.0000
13172,7.6311,15.9518,0.0000
13173,7.5811,15.9518,0.0000
13174,7.5311,15.9518,0.0000
13175,7.4811,15.9518,0.0000
13176,7.4311,15.9518,0.0000
13177,7.3811,15.9518,0.0000
13178,7.3311,15.9518,0.0000
13179,7.2811,15.9518,0.0000
13180,7.2311,15.9518,0.0000
13181,7.1811,15.9518,0.0000
13182,7.1311,15.9518,0.0000
13183,7.0811,15.9518,0.0000
13184,7.0311,15.9518,0.0000
13185,6.9811,15.9518,0.0000
13186,6.9311,15.9518,0.0000
13187,6.8811,15.9518,0.0000
13188,6.8311,15.9518,0.0000
13189,6.7811,15.9518,0.0000
13190,6.7311,15.9518,0.0000
13191,6.6811,15.9518,0.0000
13192,6.6311,15.9518,0.0000
13193,6.5811,15.9518,0.0000
13194,6.5311,15.9518,0.0000
13195,6.4811,15.9518,0.0000
13196,6.4311,15.9518,0.0000
13197,6.3811,15.9518,0.0000
13198,6.3311,15.9518,0.0000
13199,6.2811,15.9518,0.0000
13200,6.2311,15.9518,0.0000
13201,6.1811,15.9518,0.0000
13202,6.1311,15.9518,0.0000
13203,6.0811,15.9518,0.0000
13204,6.0311,15.9518,0.0000
13205,5.9811,15.9518,0.0000
13206,5.9311,15.9518,0.0000
13207,5.8811,15.9518,0.0000
13208,5.8311,15.9518,0.0000
13209,5.7811,15.9518,0.0000
13210,5.7311,15.9518,0.0000
13211,5.6811,15.9518,0.0000
13212,5.6311,15.9518,0.0000
13213,5.5811,15.9518,0.0000
13214,5.5311,15.9518,0.0000
13215,5.4811,15.9518,0.0000
13216,5.4311,15.9518,0.0000
13217,5.3811,15.9518,0.0000
13218,5.3311,15.9518,0.0000
13219,5.2811,15.9518,0.0000
13220,5.2311,15.9518,0.0000
13221,5.1811,15.9518,0.0000
13222,5.1311,15.9518,0.0000
13223,5.0811,15.9518,0.0000
13224,5.0311,15.9518,0.0000
13225,4.9811,15.9518,0.0000
13226,4.9311,15.9518,0.0000
13227,4.8811,15.9518,0.0000
13228,4.8311,15.9518,0.0000
13229,4.7811,15.9518,0.0000
13230,4.7311,15.9518,0.0000
13231,4.6811,15.9518,0.0000
13232,4.6311,15.9518,0.0000
13233,4.5811,15.9518,0.0000
13234,4.5311,15.9518,0.0000
13235,4.4811,15.9518,0.0000
13236,4.4311,15.9518,0.0000
13237,4.3811,15.9518,0.0000
13238,4.3311,15.9518,0.0000
13239,4.2811,15.9518,0.0000
13240,4.2311,15.9518,0.0000
13241,4.1811,15.9518,0.0000
13242,4.1311,15.9518,0.0000
13243,4.0811,15.9518,0.0000
13244,4.0311,15.9518,0.0000
13245,3.9811,15.9518,0.0000
13246,3.9311,15.9518,0.0000
13247,3.8811,15.9518,0.0000
13248,3.8311,15.9518,0.0000
13249,3.7811,15.9518,0.0000
13250,3.7311,15.9518,0.0000
13251,3.6811,15.9518,0.0000
13252,3.6311,15.9518,0.0000
13253,3.5811,15.9518,0.0000
13254,3.5311,15.9518,0.0000
13255,3.4811,15.9518,0.0000
13256,3.4311,15.9518,0.0000
13257,3.3811,15.9518,0.0000
13258,3.3311,15.9518,0.0000
13259,3.2811,15.9518,0.0000
13260,3.2311,15.9518,0.0000
13261,3.1811,15.9518,0.0000
13262,3.1311,15.9518,0.0000
13263,3.0811,15.9518,0.0000
13264,3.0311,15.9518,0.0000
13265,2.9811,15.9518,0.0000
13266,2.9311,15.9518,0.0000
13267,2.8811,15.9518,0.0000
13268,2.8311,15.9518,0.0000
13269,2.7811,15.9518,0.0000
13270,2.7311,15.9518,0.0000
13271,2.6811,15.9518,0.0000
13272,2.6311,15.9518,0.0000
13273,2.5811,15.9518,0.0000
13274,2.5311,15.9518,0.0000
13275,2.4811,15.9518,0.0000
13276,2.4311,15.9518,0.0000
13277,2.3811,15.9518,0.0000
13278,2.3311,15.9518,0.0000
13279,2.2811,15.9518,0.0000
13280,2.2311,15.9518,0.0000
13281,2.1811,15.9518,0.0000
13282,2.1311,15.9518,0.0000
13283,2.0811,15.9518,0.0000
13284,2.0311,15.9518,0.0000
13285,1.9811,15.9518,0.0000
13286,1.9311,15.9518,0.0000
13287,1.8811,15.9518,0.0000
13288,1.8311,15.9518,0.0000
13289,1.7811,15.9518,0.0000
13290,1.7311,15.9518,0.0000
13291,1.6811,15.9518,0.0000
13292,1.6311,15.9518,0.0000
13293,1.5811,15.9518,0.0000
13294,1.5311,15.9518,0.0000
13295,1.4811,15.9518,0.0000
13296,1.4311,15.9518,0.0000
13297,1.3811,15.9518,0.0000
13298,1.3311,15.9518,0.0000
13299,1.2811,15.9518,0.0000
13300,1.2311,15.9518,0.0000
13301,1.1811,15.9518,0.0000
13302,1.1311,15.9518,0.0000
13303,1.0811,15.9518,0.0000
13304,1.0311,15.9518,0.0000
13305,0.9811,15.9518,0.0000
13306,0.9311,15.9518,0.0000
13307,0.8811,15.9518,0.0000
13308,0.8311,15.9518,0.0000
13309,0.7811,15.9518,0.0000
13310,0.7311,15.9518,0.0000
13311,0.6811,15.9518,0.0000
13312,0.6311,15.9518,0.0000
13313,0.5811,15.9518,0.0000
13314,0.5311,15.9518,0.0000
13315,0.4811,15.9518,0.0000
13316,0.4311,15.9518,0.0000
13317,0.3811,15.9518,0.0000
13318,0.3311,15.9518,0.0000
13319,0.2811,15.9518,0.0000
13320,0.2311,15.9518,0.0000
13321,0.1811,15.9518,0.0000
13322,0.1311,15.9518,0.0000
13323,0.0811,15.9518,0.0000
13324,0.0311,15.9518,0.0000
13325,-0.0189,15.9518,0.0000
13326,-0.0689,15.9518,0.0000
13327,-0.1189,15.9518,0.0000
13328,-0.1689,15.9518,0.0000
13329,-0.2189,15.9518,0.0000
13330,-0.2689,15.9518,0.0000
13331,-0.3189,15.9518,0.0000
13332,-0.3689,15.9518,0.0000
13333,-0.4189,15.9518,0.0000
13334,-0.4689,15.9518,0.0000
13335,-0.5189,15.9518,0.0000
13336,-0.5689,15.9518,0.0000
13337,-0.6189,15.9518,0.0000
13338,-0.6689,15.9518,0.0000
13339,-0.7189,15.9518,0.0000
13340,-0.7689,15.9518,0.0000
13341,-0.8189,15.9518,0.0000
13342,-0.8689,15.9518,0.0000
13343,-0.9189,15.9518,0.0000
13344,-0.9689,15.9518,0.0000
13345,-1.0189,15.9518,0.0000
13346,-1.0689,15.9518,0.0000
13347,-1.1189,15.9518,0.0000
13348,-1.1689,15.9518,0.0000
13349,-1.2189,15.9518,0.0000
13350,-1.2689,15.9518,0.0000
13351,-1.3189,15.9518,0.0000
13352,-1.3689,15.9518,0.0000
13353,-1.4189,15.9518,0.0000
13354,-1.4689,15.9518,0.0000
13355,-1.5189,15.9518,0.0000
13356,-1.5689,15.9518,0.0000
13357,-1.6189,15.9518,0.0000
13358,-1.6689,15.9518,0.0000
13359,-1.7189,15.9518,0.0000
13360,-1.7689,15.9518,0.0000
13361,-1.8189,15.9518,0.0000
13362,-1.8689,15.9518,0.0000
13363,-1.9189,15.9518,0.0000
13364,-1.9689,15.9518,0.0000
13365,-2.0189,15.9518,0.0000
13366,-2.0689,15.9518,0.0000
13367,-2.1189,15.9518,0.0000
13368,-2.1689,15.9518,0.0000
13369,-2.2189,15.9518,0.0000
13370,-2.2689,15.9518,0.0000
13371,-2.3189,15.9518,0.0000
13372,-2.3689,15.9518,0.0000
13373,-2.4189,15.9518,0.0000
13374,-2.4689,15.9518,0.0000
13375,-2.5189,15.9518,0.0000
13376,-2.5689,15.9518,0.0000
13377,-2.6189,15.9518,0.0000
13378,-2.6689,15.9518,0.0000
13379,-2.7189,15.9518,0.0000
13380,-2.7689,15.9518,0.0000
13381,-2.8189,15.9518,0.0000
13382,-2.8689,15.9518,0.0000
13383,-2.9189,15.9518,0.0000
13384,-2.9689,15.9518,0.0000
13385,-3.0189,15.9518,0.0000
13386,-3.0689,15.9518,0.0000
13387,-3.1189,15.9518,0.0000
13388,-3.1689,15.9518,0.0000
13389,-3.2189,15.9518,0.0000
13390,-3.2689,15.9518,0.0000
13391,-3.3189,15.9518,0.0000
13392,-3.3689,15.9518,0.0000
13393,-3.4189,15.9518,0.0000
13394,-3.4689,15.9518,0.0000
13395,-3.5189,15.9518,0.0000
13396,-3.5689,15.9518,0.0000
13397,-3.6189,15.9518,0.0000
13398,-3.6689,15.9518,0.0000
13399,-3.7189,15.9518,0.0000
13400,-3.7689,15.9518,0.0000
13401,-3.8189,15.9518,0.0000
13402,-3.8689,15.9518,0.0000
13403,-3.9189,15.9518,0.0000
13404,-3.9689,15.9518,0.0000
13405,-4.0189,15.9518,0.0000
13406,-4.0689,15.9518,0.0000
13407,-4.1189,15.9518,0.0000
13408,-4.1689,15.9518,0.0000
13409,-4.2189,15.9518,0.0000
13410,-4.2689,15.9518,0.0000
13411,-4.3189,15.9518,0.0000
13412,-4.3689,15.9518,0.0000
13413,-4.4189,15.9518,0.0000
13414,-4.4689,15.9518,0.0000
13415,-4.5189,15.9518,0.0000
13416,-4.5689,15.9518,0.0000
13417,-4.6189,15.9518,0.0000
13418,-4.6689,15.9518,0.0000
13419,-4.7189,15.9518,0.0000
13420,-4.7689,15.9518,0.0000
13421,-4.8189,15.9518,0.0000
13422,-4.8689,15.9518,0.0000
13423,-4.9189,15.9518,0.0000
13424,-4.9689,15.9518,0.0000
13425,-5.0189,15.9518,0.0000
13426,-5.0689,15.9518,0.0000
13427,-5.1189,15.9518,0.0000
13428,-5.1689,15.9518,0.0000
13429,-5.2189,15.9518,0.0000
13430,-5.2689,15.9518,0.0000
13431,-5.3189,15.9518,0.0000
13432,-5.3689,15.9518,0.0000
13433,-5.4189,15.9518,0.0000
13434,-5.4689,15.9518,0.0000
13435,-5.5189,15.9518,0.0000
13436,-5.5689,15.9518,0.0000
13437,-5.6189,15.9518,0.0000
13438,-5.6689,15.9518,0.0000
13439,-5.7189,15.9518,0.0000
13440,-5.7689,15.9518,0.0000
13441,-5.8189,15.9518,0.0000
13442,-5.8689,15.9518,0.0000
13443,-5.9189,15.9518,0.0000
13444,-5.9689,15.9518,0.0000
13445,-6.0189,15.9518,0.0000
13446,-6.0689,15.9518,0.0000
13447,-6.1189,15.9518,0.0000
13448,-6.1689,15.9518,0.0000
13449,-6.2189,15.9518,0.0000
13450,-6.2689,15.9518,0.0000
13451,-6.3189,15.9518,0.0000
13452,-6.3689,15.9518,0.0000
13453,-6.4189,15.9518,0.0000
13454,-6.4689,15.9518,0.0000
13455,-6.5189,15.9518,0.0000
13456,-6.5689,15.9518,0.0000
13457,-6.6189,15.9518,0.0000
13458,-6.6689,15.9518,0.0000
13459,-6.7189,15.9518,0.0000
13460,-6.7689,15.9518,0.0000
13461,-6.8189,15.9518,0.0000
13462,-6.8689,15.9518,0.0000
13463,-6.9189,15.9518,0.0000
13464,-6.9689,15.9518,0.0000
13465,-7.0189,15.9518,0.0000
13466,-7.0689,15.9518,0.0000
13467,-7.1189,15.9518,0.0000
13468,-7.1689,15.9518,0.0000
13469,-7.2189,15.9518,0.0000
13470,-7.2689,15.9518,0.0000
13471,-7.3189,15.9518,0.0000
13472,-7.3689,15.9518,0.0000
13473,-7.4189,15.9518,0.0000
13474,-7.4689,15.9518,0.0000
13475,-7.5189,15.9518,0.0000
13476,-7.5689,15.9518,0.0000
13477,-7.6189,15.9518,0.0000
13478,-7.6689,15.9518,0.0000
13479,-7.7189,15.9518,0.0000
13480,-7.7689,15.9518,0.0000
13481,-7.8189,15.9518,0.0000
13482,-7.8689,15.9518,0.0000
13483,-7.9189,15.9518,0.0000
13484,-7.9689,15.9518,0.0000
13485,-8.0189,15.9518,0.0000
13486,-8.0689,15.9518,0.0000
13487,-8.1189,15.9518,0.0000
13488,-8.1689,15.9518,0.0000
13489,-8.2189,15.9518,0.0000
13490,-8.2689,15.9518,0.0000
13491,-8.3189,15.9518,0.0000
13492,-8.3689,15.9518,0.0000
13493,-8.4189,15.9518,0.0000
13494,-8.4689,15.9518,0.0000
13495,-8.5189,15.9518,0.0000
13496,-8.5689,15.9518,0.0000
13497,-8.6189,15.9518,0.0000
13498,-8.6689,15.9518,0.0000
13499,-8.7189,15.9518,0.0000
13500,-8.7689,15.9518,0.0000
13501,-8.8189,15.9518,0.0000
13502,-8.8689,15.9518,0.0000
13503,-8.9189,15.9518,0.0000
13504,-8.9689,15.9518,0.0000
13505,-9.0189,15.9518,0.0000
13506,-9.0689,15.9518,0.0000
13507,-9.1189,15.9518,0.0000
13508,-9.1689,15.9518,0.0000
13509,-9.2189,15.9518,0.0000
13510,-9.2689,15.9518,0.0000
13511,-9.3189,15.9518,0.0000
13512,-9.3689,15.9518,0.0000
13513,-9.4189,15.9518,0.0000
13514,-9.4689,15.9518,0.0000
13515,-9.5189,15.9518,0.0000
13516,-9.5689,15.9518,0.0000
13517,-9.6189,15.9518,0.0000
13518,-9.6689,15.9518,0.0000
13519,-9.7189,15.9518,0.0000
13520,-9.7689,15.9518,0.0000
13521,-9.8189,15.9518,0.0000
13522,-9.8689,15.9518,0.0000
13523,-9.9189,15.9518,0.0000
13524,-9.9689,15.9518,0.0000
13525,-10.0189,15.9518,0.0000
13526,-10.0689,15.9518,0.0000
13527,-10.1189,15.9518,0.0000
13528,-10.1689,15.9518,0.0000
13529,-10.2189,15.9518,0.0000
13530,-10.2689,15.9518,0.0000
13531,-10.3189,15.9518,0.0000
13532,-10.3689,15.9518,0.0000
13533,-10.4189,15.9518,0.0000
13534,-10.4689,15.9518,0.0000
13535,-10.5189,15.9518,0.0000
13536,-10.5689,15.9518,0.0000
13537,-10.6189,15.9518,0.0000
13538,-10.6689,15.9518,0.0000
13539,-10.7189,15.9518,0.0000
13540,-10.7689,15.9518,0.0000
13541,-10.8189,15.9518,0.0000
13542,-10.8689,15.9518,0.0000
13543,-10.9189,15.9518,0.0000
13544,-10.9689,15.9518,0.0000
13545,-11.0189,15.9518,0.0000
13546,-11.0689,15.9518,0.0000
13547,-11.1189,15.9518,0.0000
13548,-11.1689,15.9518,0.0000
13549,-11.2189,15.9518,0.0000
13550,-11.2689,15.9518,0.0000
13551,-11.3189,15.9518,0.0000
13552,-11.3689,15.9518,0.0000
13553,-11.4189,15.9518,0.0000
13554,-11.4689,15.9518,0.0000
13555,-11.5189,15.9518,0.0000
13556,-11.5689,15.9518,0.0000
13557,-11.6189,15.9518,0.0000
13558,-11.6689,15.9518,0.0000
13559,-11.7189,15.9518,0.0000
13560,-11.7689,15.9518,0.0000
13561,-11.8189,15.9518,0.0000
13562,-11.8689,15.9518,0.0000
13563,-11.9189,15.9518,0.0000
13564,-11.9689,15.9518,0.0000
13565,-12.0189,15.9518,0.0000
13566,-12.0689,15.9518,0.0000
13567,-12.1189,15.9518,0.0000
13568,-12.1689,15.9518,0.0000
13569,-12.2189,15.9518,0.0000
13570,-12.2689,15.9518,0.0000
13571,-12.3189,15.9518,0.0000
13572,-12.3689,15.9518,0.0000
13573,-12.4189,15.9518,0.0000
13574,-12.4689,15.9518,0.0000
13575,-12.5189,15.9518,0.0000
13576,-12.5689,15.9518,0.0000
13577,-12.6189,15.9518,0.0000
13578,-12.6689,15.9518,0.0000
13579,-12.7189,15.9518,0.0000
13580,-12.7689,15.9518,0.0000
13581,-12.8189,15.9518,0.0000
13582,-12.8689,15.9518,0.0000
13583,-12.9189,15.9518,0.0000
13584,-12.9689,15.9518,0.0000
13585,-13.0189,15.9518,0.0000
13586,-13.0689,15.9518,0.0000
13587,-13.1189,15.9518,0.0000
13588,-13.1689,15.9518,0.0000
13589,-13.2189,15.9518,0.0000
13590,-13.2689,15.9518,0.0000
13591,-13.3189,15.9518,0.0000
13592,-13.3689,15.9518,0.0000
13593,-13.4189,15.9518,0.0000
13594,-13.4689,15.9518,0.0000
13595,-13.5189,15.9518,0.0000
13596,-13.5689,15.9518,0.0000
13597,-13.6189,15.9518,0.0000
13598,-13.6689,15.9518,0.0000
13599,-13.7189,15.9518,0.0000
13600,-13.7689,15.9518,0.0000
13601,-13.8189,15.9518,0.0000
13602,-13.8689,15.9518,0.0000
13603,-13.9189,15.9518,0.0000
13604,-13.9689,15.9518,0.0000
13605,-14.0189,15.9518,0.0000
13606,-14.0689,15.9518,0.0000
13607,-14.1189,15.9518,0.0000
13608,-14.1689,15.9518,0.0000
13609,-14.2189,15.9518,0.0000
13610,-14.2689,15.9518,0.0000
13611,-14.3189,15.9518,0.0000
13612,-14.3689,15.9518,0.0000
13613,-14.4189,15.9518,0.0000
13614,-14.4689,15.9518,0.0000
13615,-14.5189,15.9518,0.0000
13616,-14.5689,15.9518,0.0000
13617,-14.6189,15.9518,0.0000
13618,-14.6689,15.9518,0.0000
13619,-14.7189,15.9518,0.0000
13620,-14.7689,15.9518,0.0000
13621,-14.8189,15.9518,0.0000
13622,-14.8689,15.9518,0.0000
13623,-14.9189,15.9518,0.0000
13624,-14.9689,15.9518,0.0000
13625,-15.0189,15.9518,0.0000
13626,-15.0689,15.9518,0.0000
13627,-15.1189,15.9518,0.0000
13628,-15.1689,15.9518,0.0000
13629,-15.2189,15.9518,0.0000
13630,-15.2689,15.9518,0.0000
13631,-15.3189,15.9518,0.0000
13632,-15.3689,15.9518,0.0000
13633,-15.4189,15.9518,0.0000
13634,-15.4689,15.9518,0.0000
13635,-15.5189,15.9518,0.0000
13636,-15.5689,15.9518,0.0000
13637,-15.6189,15.9518,0.0000
13638,-15.6689,15.9518,0.0000
13639,-15.7189,15.9518,0.0000
13640,-15.7689,15.9518,0.0000
13641,-15.8189,15.9518,0.0000
13642,-15.8689,15.9518,0.0000
13643,-15.9189,15.9518,0.0000
13644,-15.9689,15.9518,0.0000
13645,-16.0189,15.9518,0.0000
13646,-16.0689,15.9518,0.0000
13647,-16.1189,15.9518,0.0000
13648,-16.1689,15.9518,0.0000
13649,-16.2189,15.9518,0.0000
13650,-16.2689,15.9518,0.0000
13651,-16.3189,15.9518,0.0000
13652,-16.3689,15.9518,0.0000
13653,-16.4189,15.9518,0.0000
13654,-16.4689,15.9518,0.0000
13655,-16.5189,15.9518,0.0000
13656,-16.5689,15.9518,0.0000
13657,-16.6189,15.9518,0.0000
13658,-16.6689,15.9518,0.0000
13659,-16.7189,15.9518,0.0000
13660,-16.7689,15.9518,0.0000
13661,-16.8189,15.9518,0.0000
13662,-16.8689,15.9518,0.0000
13663,-16.9189,15.9518,0.0000
13664,-16.9689,15.9518,0.0000
13665,-17.0189,15.9518,0.0000
13666,-17.0689,15.9518,0.0000
13667,-17.1189,15.9518,0.0000
13668,-17.1689,15.9518,0.0000
13669,-17.2189,15.9518,0.0000
13670,-17.2689,15.9518,0.0000
13671,-17.3189,15.9518,0.0000
13672,-17.3689,15.9518,0.0000
13673,-17.4189,15.9518,0.0000
13674,-17.4689,15.9518,0.0000
13675,-17.5189,15.9518,0.0000
13676,-17.5689,15.9518,0.0000
13677,-17.6189,15.9518,0.0000
13678,-17.6689,15.9518,0.0000
13679,-17.7189,15.9518,0.0000
13680,-17.7689,15.9518,0.0000
13681,-17.8189,15.9518,0.0000
13682,-17.8689,15.9518,0.0000
13683,-17.9189,15.9518,0.0000
13684,-17.9689,15.9518,0.0000
13685,-18.0189,15.9518,0.0000
13686,-18.0689,15.9518,0.0000
13687,-18.1189,15.9518,0.0000
13688,-18.1689,15.9518,0.0000
13689,-18.2189,15.9518,0.0000
13690,-18.2689,15.9518,0.0000
13691,-18.3189,15.9518,0.0000
13692,-18.3689,15.9518,0.0000
13693,-18.4189,15.9518,0.0000
13694,-18.4689,15.9518,0.0000
13695,-18.5189,15.9518,0.0000
13696,-18.5689,15.9518,0.0000
13697,-18.6189,15.9518,0.0000
13698,-18.6689,15.9518,0.0000
13699,-18.7189,15.9518,0.0000
13700,-18.7689,15.9518,0.0000
13701,-18.8189,15.9518,0.0000
13702,-18.8689,15.9518,0.0000
13703,-18.9189,15.9518,0.0000
13704,-18.9689,15.9518,0.0000
13705,-19.0189,15.9518,0.0000
13706,-19.0689,15.9518,0.0000
13707,-19.1189,15.9518,0.0000
13708,-19.1689,15.9518,0.0000
13709,-19.2189,15.9518,0.0000
13710,-19.2689,15.9518,0.0000
13711,-19.3189,15.9518,0.0000
13712,-19.3689,15.9518,0.0000
13713,-19.4189,15.9518,0.0000
13714,-19.4689,15.9518,0.0000
13715,-19.5189,15.9518,0.0000
13716,-19.5689,15.9518,0.0000
13717,-19.6189,15.9518,0.0000
13718,-19.6689,15.9518,0.0000
13719,-19.7189,15.9518,0.0000
13720,-19.7689,15.9518,0.0000
13721,-19.8189,15.9518,0.0000
13722,-19.8689,15.9518,0.0000
13723,-19.9189,15.9518,0.0000
13724,-19.9689,15.9518,0.0000
13725,-20.0189,15.9518,0.0000
13726,-20.0689,15.9518,0.0000
13727,-20.1189,15.9518,0.0000
13728,-20.1689,15.9518,0.0000
13729,-20.2189,15.9518,0.0000
13730,-20.2689,15.9518,0.0000
13731,-20.3189,15.9518,0.0000
13732,-20.3689,15.9518,0.0000
13733,-20.4189,15.9518,0.0000
13734,-20.4689,15.9518,0.0000
13735,-20.5189,15.9518,0.0000
13736,-20.5689,15.9518,0.0000
13737,-20.6189,15.9518,0.0000
13738,-20.6689,15.9518,0.0000
13739,-20.7189,15.9518,0.0000
13740,-20.7689,15.9518,0.0000
13741,-20.8189,15.9518,0.0000
13742,-20.8689,15.9518,0.0000
13743,-20.9189,15.9518,0.0000
13744,-20.9689,15.9518,0.0000
13745,-21.0189,15.9518,0.0000
13746,-21.0689,15.9518,0.0000
13747,-21.1189,15.9518,0.0000
13748,-21.1689,15.9518,0.0000
13749,-21.2189,15.9518,0.0000
13750,-21.2689,15.9518,0.0000
13751,-21.3189,15.9518,0.0000
13752,-21.3689,15.9518,0.0000
13753,-21.4189,15.9518,0.0000
13754,-21.4689,15.9518,0.0000
13755,-21.5189,15.9518,0.0000
13756,-21.5689,15.9518,0.0000
13757,-21.6189,15.9518,0.0000
13758,-21.6689,15.9518,0.0000
13759,-21.7189,15.9518,0.0000
13760,-21.7689,15.9518,0.0000
13761,-21.8189,15.9518,0.0000
13762,-21.8689,15.9518,0.0000
13763,-21.9189,15.9518,0.0000
13764,-21.9689,15.9518,0.0000
13765,-22.0189,15.9518,0.0000
13766,-22.0689,15.9518,0.0000
13767,-22.1189,15.9518,0.0000
13768,-22.1689,15.9518,0.0000
13769,-22.2189,15.9518,0.0000
13770,-22.2689,15.9518,0.0000
13771,-22.3189,15.9518,0.0000
13772,-22.3689,15.9518,0.0000
13773,-22.4189,15.9518,0.0000
13774,-22.4689,15.9518,0.0000
13775,-22.5189,15.9518,0.0000
13776,-22.5689,15.9518,0.0000
13777,-22.6189,15.9518,0.0000
13778,-22.6689,15.9518,0.0000
13779,-22.7189,15.9518,0.0000
13780,-22.7689,15.9518,0.0000
13781,-22.8189,15.9518,0.0000
13782,-22.8689,15.9518,0.0000
13783,-22.9189,15.9518,0.0000
13784,-22.9689,15.9518,0.0000
13785,-23.0189,15.9518,0.0000
13786,-23.0689,15.9518,0.0000
13787,-23.1189,15.9518,0.0000
13788,-23.1689,15.9518,0.0000
13789,-23.2189,15.9518,0.0000
13790,-23.2689,15.9518,0.0000
13791,-23.3189,15.9518,0.0000
13792,-23.3689,15.9518,0.0000
13793,-23.4189,15.9518,0.0000
13794,-23.4689,15.9518,0.0000
13795,-23.5189,15.9518,0.0000
13796,-23.5689,15.9518,0.0000
13797,-23.6189,15.9518,0.0000
13798,-23.6689,15.9518,0.0000
13799,-23.7189,15.9518,0.0000
13800,-23.7689,15.9518,0.0000
13801,-23.8189,15.9518,0.0000
13802,-23.8689,15.9518,0.0000
13803,-23.9189,15.9518,0.0000
13804,-23.9689,15.9518,0.0000
13805,-24.0189,15.9518,0.0000
13806,-24.0689,15.9518,0.0000
13807,-24.1189,15.9518,0.0000
13808,-24.1689,15.9518,0.0000
13809,-24.2189,15.9518,0.0000
13810,-24.2689,15.9518,0.0000
13811,-24.3189,15.9518,0.0000
13812,-24.3689,15.9518,0.0000
13813,-24.4189,15.9518,0.0000
13814,-24.4689,15.9518,0.0000
13815,-24.5189,15.9518,0.0000
13816,-24.5689,15.9518,0.0000
13817,-24.6189,15.9518,0.0000
13818,-24.6689,15.9518,0.0000
13819,-24.7189,15.9518,0.0000
13820,-24.7689,15.9518,0.0000
13821,-24.8189,15.9518,0.0000
13822,-24.8689,15.9518,0.0000
13823,-24.9189,15.9518,0.0000
13824,-24.9689,15.9518,0.0000
13825,-25.0189,15.9518,0.0000
13826,-25.0689,15.9518,0.0000
13827,-25.1189,15.9518,0.0000
13828,-25.1689,15.9518,0.0000
13829,-25.2189,15.9518,0.0000
13830,-25.2689,15.9518,0.0000
13831,-25.3189,15.9518,0.0000
13832,-25.3689,15.9518,0.0000
13833,-25.4189,15.9518,0.0000
13834,-25.4689,15.9518,0.0000
13835,-25.5189,15.9518,0.0000
13836,-25.5689,15.9518,0.0000
13837,-25.6189,15.9518,0.0000
13838,-25.6689,15.9518,0.0000
13839,-25.7189,15.9518,0.0000
13840,-25.7689,15.9518,0.0000
13841,-25.8189,15.9518,0.0000
13842,-25.8689,15.9518,0.0000
13843,-25.9189,15.9518,0.0000
13844,-25.9689,15.9518,0.0000
13845,-26.0189,15.9518,0.0000
13846,-26.0689,15.9518,0.0000
13847,-26.1189,15.9518,0.0000
13848,-26.1689,15.9518,0.0000
13849,-26.2189,15.9518,0.0000
13850,-26.2689,15.9518,0.0000
13851,-26.3189,15.9518,0.0000
13852,-26.3689,15.9518,0.0000
13853,-26.4189,15.9518,0.0000
13854,-26.4689,15.9518,0.0000
13855,-26.5189,15.9518,0.0000
13856,-26.5689,15.9518,0.0000
13857,-26.6189,15.9518,0.0000
13858,-26.6689,15.9518,0.0000
13859,-26.7189,15.9518,0.0000
13860,-26.7689,15.9518,0.0000
13861,-26.8189,15.9518,0.0000
13862,-26.8689,15.9518,0.0000
13863,-26.9189,15.9518,0.0000
13864,-26.9689,15.9518,0.0000
13865,-27.0189,15.9518,0.0000
13866,-27.0689,15.9518,0.0000
13867,-27.1189,15.9518,0.0000
13868,-27.1689,15.9518,0.0000
13869,-27.2189,15.9518,0.0000
13870,-27.2689,15.9518,0.0000
13871,-27.3189,15.9518,0.0000
13872,-27.3689,15.9518,0.0000
13873,-27.4189,15.9518,0.0000
13874,-27.4689,15.9518,0.0000
13875,-27.5189,15.9518,0.0000
13876,-27.5689,15.9518,0.0000
13877,-27.6189,15.9518,0.0000
13878,-27.6689,15.9518,0.0000
13879,-27.7189,15.9518,0.0000
13880,-27.7689,15.9518,0.0000
13881,-27.8189,15.9518,0.0000
13882,-27.8689,15.9518,0.0000
13883,-27.9189,15.9518,0.0000
13884,-27.9689,15.9518,0.0000
13885,-28.0189,15.9518,0.0000
13886,-28.0689,15.9518,0.0000
13887,-28.1189,15.9518,0.0000
13888,-28.1689,15.9518,0.0000
13889,-28.2189,15.9518,0.0000
13890,-28.2689,15.9518,0.0000
13891,-28.3189,15.9518,0.0000
13892,-28.3689,15.9518,0.0000
13893,-28.4189,15.9518,0.0000
13894,-28.4689,15.9518,0.0000
13895,-28.5189,15.9518,0.0000
13896,-28.5689,15.9518,0.0000
13897,-28.6189,15.9518,0.0000
13898,-28.6689,15.9518,0.0000
13899,-28.7189,15.9518,0.0000
13900,-28.7689,15.9518,0.0000
13901,-28.8189,15.9518,0.0000
13902,-28.8689,15.9518,0.0000
13903,-28.9189,15.9518,0.0000
13904,-28.9689,15.9518,0.0000
13905,-29.0189,15.9518,0.0000
13906,-29.0689,15.9518,0.0000
13907,-29.1189,15.9518,0.0000
13908,-29.1689,15.9518,0.0000
13909,-29.2189,15.9518,0.0000
13910,-29.2689,15.9518,0.0000
13911,-29.3189,15.9518,0.0000
13912,-29.3689,15.9518,0.0000
13913,-29.4189,15.9518,0.0000
13914,-29.4689,15.9518,0.0000
13915,-29.5189,15.9518,0.0000
13916,-29.5689,15.9518,0.0000
13917,-29.6189,15.9518,0.0000
13918,-29.6689,15.9518,0.0000
13919,-29.7189,15.9518,0.0000
13920,-29.7689,15.9518,0.0000
13921,-29.8189,15.9518,0.0000
13922,-29.8689,15.9518,0.0000
13923,-29.9189,15.9518,0.0000
13924,-29.9689,15.9518,0.0000
13925,-30.0189,15.9518,0.0000
13926,-30.0689,15.9518,0.0000
13927,-30.1189,15.9518,0.0000
13928,-30.1689,15.9518,0.0000
13929,-30.2189,15.9518,0.0000
13930,-30.2689,15.9518,0.0000
13931,-30.3189,15.9518,0.0000
13932,-30.3689,15.9518,0.0000
13933,-30.4189,15.9518,0.0000
13934,-30.4689,15.9518,0.0000
13935,-30.5189,15.9518,0.0000
13936,-30.5689,15.9518,0.0000
13937,-30.6189,15.9518,0.0000
13938,-30.6689,15.9518,0.0000
13939,-30.7189,15.9518,0.0000
13940,-30.7689,15.9518,0.0000
13941,-30.8189,15.9518,0.0000
13942,-30.8689,15.9518,0.0000
13943,-30.9189,15.9518,0.0000
13944,-30.9689,15.9518,0.0000
13945,-31.0189,15.9518,0.0000
13946,-31.0689,15.9518,0.0000
13947,-31.1189,15.9518,0.0000
13948,-31.1689,15.9518,0.0000
13949,-31.2189,15.9518,0.0000
13950,-31.2689,15.9518,0.0000
13951,-31.3189,15.9518,0.0000
13952,-31.3689,15.9518,0.0000
13953,-31.4189,15.9518,0.0000
13954,-31.4689,15.9518,0.0000
13955,-31.5189,15.9518,0.0000
13956,-31.5689,15.9518,0.0000
13957,-31.6189,15.9518,0.0000
13958,-31.6689,15.9518,0.0000
13959,-31.7189,15.9518,0.0000
13960,-31.7689,15.9518,0.0000
13961,-31.8189,15.9518,0.0000
13962,-31.8689,15.9518,0.0000
13963,-31.9189,15.9518,0.0000
13964,-31.9689,15.9518,0.0000
13965,-32.0189,15.9518,0.0000
13966,-32.0689,15.9518,0.0000
13967,-32.1189,15.9518,0.0000
13968,-32.1689,15.9518,0.0000
13969,-32.2189,15.9518,0.0000
13970,-32.2689,15.9518,0.0000
13971,-32.3189,15.9518,0.0000
13972,-32.3689,15.9518,0.0000
13973,-32.4189,15.9518,0.0000
13974,-32.4689,15.9518,0.0000
13975,-32.5189,15.9518,0.0000
13976,-32.5689,15.9518,0.0000
13977,-32.6189,15.9518,0.0000
13978,-32.6689,15.9518,0.0000
13979,-32.7189,15.9518,0.0000
13980,-32.7689,15.9518,0.0000
13981,-32.8189,15.9518,0.0000
13982,-32.8689,15.9518,0.0000
13983,-32.9189,15.9518,0.0000
13984,-32.9689,15.9518,0.0000
13985,-33.0189,15.9518,0.0000
13986,-33.0689,15.9518,0.0000
13987,-33.1189,15.9518,0.0000
13988,-33.1689,15.9518,0.0000
13989,-33.2189,15.9518,0.0000
13990,-33.2689,15.9518,0.0000
13991,-33.3189,15.9518,0.0000
13992,-33.3689,15.9518,0.0000
13993,-33.4189,15.9518,0.0000
13994,-33.4689,15.9518,0.0000
13995,-33.5189,15.9518,0.0000
13996,-33.5689,15.9518,0.0000
13997,-33.6189,15.9518,0.0000
13998,-33.6689,15.9518,0.0000
13999,-33.7189,15.9518,0.0000
14000,-33.7689,15.9518,0.0000
14001,-33.8189,15.9518,0.0000
14002,-33.8689,15.9518,0.0000
14003,-33.9189,15.9518,0.0000
14004,-33.9689,15.9518,0.0000
14005,-34.0189,15.9518,0.0000
14006,-34.0689,15.9518,0.0000
14007,-34.1189,15.9518,0.0000
14008,-34.1689,15.9518,0.0000
14009,-34.2189,15.9518,0.0000
14010,-34.2689,15.9518,0.0000
14011,-34.3189,15.9518,0.0000
14012,-34.3689,15.9518,0.0000
14013,-34.4189,15.9518,0.0000
14014,-34.4689,15.9518,0.0000
14015,-34.5189,15.9518,0.0000
14016,-34.5689,15.9518,0.0000
14017,-34.6189,15.9518,0.0000
14018,-34.6689,15.9518,0.0000
14019,-34.7189,15.9518,0.0000
14020,-34.7689,15.9518,0.0000
14021,-34.8189,15.9518,0.0000
14022,-34.8689,15.9518,0.0000
14023,-34.9189,15.9518,0.0000
14024,-34.9689,15.9518,0.0000
14025,-35.0189,15.9518,0.0000
14026,-35.0689,15.9518,0.0000
14027,-35.1189,15.9518,0.0000
14028,-35.1689,15.9518,0.0000
14029,-35.2189,15.9518,0.0000
14030,-35.2689,15.9518,0.0000
14031,-35.3189,15.9518,0.0000
14032,-35.3689,15.9518,0.0000
14033,-35.4189,15.9518,0.0000
14034,-35.4689,15.9518,0.0000
14035,-35.5189,15.9518,0.0000
14036,-35.5689,15.9518,0.0000
14037,-35.6189,15.9518,0.0000
14038,-35.6689,15.9518,0.0000
14039,-35.7189,15.9518,0.0000
14040,-35.7689,15.9518,0.0000
14041,-35.8189,15.9518,0.0000
14042,-35.8689,15.9518,0.0000
14043,-35.9189,15.9518,0.0000
14044,-35.9689,15.9518,0.0000
14045,-36.0189,15.9518,0.0000
14046,-36.0689,15.9518,0.0000
14047,-36.1189,15.9518,0.0000
14048,-36.1689,15.9518,0.0000
14049,-36.2189,15.9518,0.0000
14050,-36.2689,15.9518,0.0000
14051,-36.3189,15.9518,0.0000
14052,-36.3689,15.9518,0.0000
14053,-36.4189,15.9518,0.0000
14054,-36.4689,15.9518,0.0000
14055,-36.5189,15.9518,0.0000
14056,-36.5689,15.9518,0.0000
14057,-36.6189,15.9518,0.0000
14058,-36.6689,15.9518,0.0000
14059,-36.7189,15.9518,0.0000
14060,-36.7689,15.9518,0.0000
14061,-36.8189,15.9518,0.0000
14062,-36.8689,15.9518,0.0000
14063,-36.9189,15.9518,0.0000
14064,-36.9689,15.9518,0.0000
14065,-37.0189,15.9518,0.0000
14066,-37.0689,15.9518,0.0000
14067,-37.1189,15.9518,0.0000
14068,-37.1689,15.9518,0.0000
14069,-37.2189,15.9518,0.0000
14070,-37.2689,15.9518,0.0000
14071,-37.3189,15.9518,0.0000
14072,-37.3689,15.9518,0.0000
14073,-37.4189,15.9518,0.0000
14074,-37.4689,15.9518,0.0000
14075,-37.5189,15.9518,0.0000
14076,-37.5689,15.9518,0.0000
14077,-37.6189,15.9518,0.0000
14078,-37.6689,15.9518,0.0000
14079,-37.7189,15.9518,0.0000
14080,-37.7689,15.9518,0.0000
14081,-37.8189,15.9518,0.0000
14082,-37.8689,15.9518,0.0000
14083,-37.9189,15.9518,0.0000
14084,-37.9689,15.9518,0.0000
14085,-38.0189,15.9518,0.0000
14086,-38.0689,15.9518,0.0000
14087,-38.1189,15.9518,0.0000
14088,-38.1689,15.9518,0.0000
14089,-38.2189,15.9518,0.0000
14090,-38.2689,15.9518,0.0000
14091,-38.3189,15.9518,0.0000
14092,-38.3689,15.9518,0.0000
14093,-38.4189,15.9518,0.0000
14094,-38.4689,15.9518,0.0000
14095,-38.5189,15.9518,0.0000
14096,-38.5689,15.9518,0.0000
14097,-38.6189,15.9518,0.0000
14098,-38.6689,15.9518,0.0000
14099,-38.7189,15.9518,0.0000
14100,-38.7689,15.9518,0.0000
14101,-38.8189,15.9518,0.0000
14102,-38.8689,15.9518,0.0000
14103,-38.9189,15.9518,0.0000
14104,-38.9689,15.9518,0.0000
14105,-39.0189,15.9518,0.0000
14106,-39.0689,15.9518,0.0000
14107,-39.1189,15.9518,0.0000
14108,-39.1689,15.9518,0.0000
14109,-39.2189,15.9518,0.0000
14110,-39.2689,15.9518,0.0000
14111,-39.3189,15.9518,0.0000
14112,-39.3689,15.9518,0.0000
14113,-39.4189,15.9518,0.0000
14114,-39.4689,15.9518,0.0000
14115,-39.5189,15.9518,0.0000
14116,-39.5689,15.9518,0.0000
14117,-39.6189,15.9518,0.0000
14118,-39.6689,15.9518,0.0000
14119,-39.7189,15.9518,0.0000
14120,-39.7689,15.9518,0.0000
14121,-39.8189,15.9518,0.0000
14122,-39.8689,15.9518,0.0000
14123,-39.9189,15.9518,0.0000
14124,-39.9689,15.9518,0.0000
14125,-40.0189,15.9518,0.0000
14126,-40.0689,15.9518,0.0000
14127,-40.1189,15.9518,0.0000
14128,-40.1689,15.9518,0.0000
14129,-40.2189,15.9518,0.0000
14130,-40.2689,15.9518,0.0000
14131,-40.3189,15.9518,0.0000
14132,-40.3689,15.9518,0.0000
14133,-40.4189,15.9518,0.0000
14134,-40.4689,15.9518,0.0000
14135,-40.5189,15.9518,0.0000
14136,-40.5689,15.9518,0.0000
14137,-40.6189,15.9518,0.0000
14138,-40.6689,15.9518,0.0000
14139,-40.7189,15.9518,0.0000
14140,-40.7689,15.9518,0.0000
14141,-40.8189,15.9518,0.0000
14142,-40.8689,15.9518,0.0000
14143,-40.9189,15.9518,0.0000
14144,-40.9689,15.9518,0.0000
14145,-41.0189,15.9518,0.0000
14146,-41.0689,15.9518,0.0000
14147,-41.1189,15.9518,0.0000
14148,-41.1689,15.9518,0.0000
14149,-41.2189,15.9518,0.0000
14150,-41.2689,15.9518,0.0000
14151,-41.3189,15.9518,0.0000
14152,-41.3689,15.9518,0.0000
14153,-41.4189,15.9518,0.0000
14154,-41.4689,15.9518,0.0000
14155,-41.5189,15.9518,0.0000
14156,-41.5689,15.9518,0.0000
14157,-41.6189,15.9518,0.0000
14158,-41.6689,15.9518,0.0000
14159,-41.7189,15.9518,0.0000
14160,-41.7689,15.9518,0.0000
14161,-41.8189,15.9518,0.0000
14162,-41.8689,15.9518,0.0000
14163,-41.9189,15.9518,0.0000
14164,-41.9689,15.9518,0.0000
14165,-42.0189,15.9518,0.0000
14166,-42.0689,15.9518,0.0000
14167,-42.1189,15.9518,0.0000
14168,-42.1689,15.9518,0.0000
14169,-42.2189,15.9518,0.0000
14170,-42.2689,15.9518,0.0000
14171,-42.3189,15.9518,0.0000
14172,-42.3689,15.9518,0.0000
14173,-42.4189,15.9518,0.0000
14174,-42.4689,15.9518,0.0000
14175,-42.5189,15.9518,0.0000
14176,-42.5689,15.9518,0.0000
14177,-42.6189,15.9518,0.0000
14178,-42.6689,15.9518,0.0000
14179,-42.7189,15.9518,0.0000
14180,-42.7689,15.9518,0.0000
14181,-42.8189,15.9518,0.0000
14182,-42.8689,15.9518,0.0000
14183,-42.9189,15.9518,0.0000
14184,-42.9689,15.9518,0.0000
14185,-43.0189,15.9518,0.0000
14186,-43.0689,15.9518,0.0000
14187,-43.1189,15.9518,0.0000
14188,-43.1689,15.9518,0.0000
14189,-43.2189,15.9518,0.0000
14190,-43.2689,15.9518,0.0000
14191,-43.3189,15.9518,0.0000
14192,-43.3689,15.9518,0.0000
14193,-43.4189,15.9518,0.0000
14194,-43.4689,15.9518,0.0000
14195,-43.5189,15.9518,0.0000
14196,-43.5689,15.9518,0.0000
14197,-43.6189,15.9518,0.0000
14198,-43.6689,15.9518,0.0000
14199,-43.7189,15.9518,0.0000
14200,-43.7689,15.9518,0.0000
14201,-43.8189,15.9518,0.0000
14202,-43.8689,15.9518,0.0000
14203,-43.9189,15.9518,0.0000
14204,-43.9689,15.9518,0.0000
14205,-44.0189,15.9518,0.0000
14206,-44.0689,15.9518,0.0000
14207,-44.1189,15.9518,0.0000
14208,-44.1689,15.9518,0.0000
14209,-44.2189,15.9518,0.0000
14210,-44.2689,15.9518,0.0000
14211,-44.3189,15.9518,0.0000
14212,-44.3689,15.9518,0.0000
14213,-44.4189,15.9518,0.0000
14214,-44.4689,15.9518,0.0000
14215,-44.5189,15.9518,0.0000
14216,-44.5689,15.9518,0.0000
14217,-44.6189,15.9518,0.0000
14218,-44.6689,15.9518,0.0000
14219,-44.7189,15.9518,0.0000
14220,-44.7689,15.9518,0.0000
14221,-44.8189,15.9518,0.0000
14222,-44.8689,15.9518,0.0000
14223,-44.9189,15.9518,0.0000
14224,-44.9689,15.9518,0.0000
14225,-45.0189,15.9518,0.0000
14226,-45.0689,15.9518,0.0000
14227,-45.1189,15.9518,0.0000
14228,-45.1689,15.9518,0.0000
14229,-45.2189,15.9518,0.0000
14230,-45.2689,15.9518,0.0000
14231,-45.3189,15.9518,0.0000
14232,-45.3689,15.9518,0.0000
14233,-45.4189,15.9518,0.0000
14234,-45.4689,15.9518,0.0000
14235,-45.5189,15.9518,0.0000
14236,-45.5689,15.9518,0.0000
14237,-45.6189,15.9518,0.0000
14238,-45.6689,15.9518,0.0000
14239,-45.7189,15.9518,0.0000
14240,-45.7689,15.9518,0.0000
14241,-45.8189,15.9518,0.0000
14242,-45.8689,15.9518,0.0000
14243,-45.9189,15.9518,0.0000
14244,-45.9689,15.9518,0.0000
14245,-46.0189,15.9518,0.0000
14246,-46.0689,15.9518,0.0000
14247,-46.1189,15.9518,0.0000
14248,-46.1689,15.9518,0.0000
14249,-46.2189,15.9518,0.0000
14250,-46.2689,15.9518,0.0000
14251,-46.3189,15.9518,0.0000
14252,-46.3689,15.9518,0.0000
14253,-46.4189,15.9518,0.0000
14254,-46.4689,15.9518,0.0000
14255,-46.5189,15.9518,0.0000
14256,-46.5689,15.9518,0.0000
14257,-46.6189,15.9518,0.0000
14258,-46.6689,15.9518,0.0000
14259,-46.7189,15.9518,0.0000
14260,-46.7689,15.9518,0.0000
14261,-46.8189,15.9518,0.0000
14262,-46.8689,15.9518,0.0000
14263,-46.9189,15.9518,0.0000
14264,-46.9689,15.9518,0.0000
14265,-47.0189,15.9518,0.0000
14266,-47.0689,15.9518,0.0000
14267,-47.1189,15.9518,0.0000
14268,-47.1689,15.9518,0.0000
14269,-47.2189,15.9518,0.0000
14270,-47.2689,15.9518,0.0000
14271,-47.3189,15.9518,0.0000
14272,-47.3689,15.9518,0.0000
14273,-47.4189,15.9518,0.0000
14274,-47.4689,15.9518,0.0000
14275,-47.5189,15.9518,0.0000
14276,-47.5689,15.9518,0.0000
14277,-47.6189,15.9518,0.0000
14278,-47.6689,15.9518,0.0000
14279,-47.7189,15.9518,0.0000
14280,-47.7689,15.9518,0.0000
14281,-47.8189,15.9518,0.0000
14282,-47.8689,15.9518,0.0000
14283,-47.9189,15.9518,0.0000
14284,-47.9689,15.9518,0.0000
14285,-48.0189,15.9518,0.0000
14286,-48.0689,15.9518,0.0000
14287,-48.1189,15.9518,0.0000
14288,-48.1689,15.9518,0.0000
14289,-48.2189,15.9518,0.0000
14290,-48.2689,15.9518,0.0000
14291,-48.3189,15.9518,0.0000
14292,-48.3689,15.9518,0.0000
14293,-48.4189,15.9518,0.0000
14294,-48.4689,15.9518,0.0000
14295,-48.5189,15.9518,0.0000
14296,-48.5689,15.9518,0.0000
14297,-48.6189,15.9518,0.0000
14298,-48.6689,15.9518,0.0000
14299,-48.7189,15.9518,0.0000
14300,-48.7689,15.9518,0.0000
14301,-48.8189,15.9518,0.0000
14302,-48.8689,15.9518,0.0000
14303,-48.9189,15.9518,0.0000
14304,-48.9689,15.9518,0.0000
14305,-49.0189,15.9518,0.0000
14306,-49.0689,15.9518,0.0000
14307,-49.1189,15.9518,0.0000
14308,-49.1689,15.9518,0.0000
14309,-49.2189,15.9518,0.0000
14310,-49.2689,15.9518,0.0000
14311,-49.3189,15.9518,0.0000
14312,-49.3689,15.9518,0.0000
14313,-49.4189,15.9518,0.0000
14314,-49.4689,15.9518,0.0000
14315,-49.5189,15.9518,0.0000
14316,-49.5689,15.9518,0.0000
14317,-49.6189,15.9518,0.0000
14318,-49.6689,15.9518,0.0000
14319,-49.7189,15.9518,0.0000
14320,-49.7689,15.9518,0.0000
14321,-49.8189,15.9518,0.0000
14322,-49.8689,15.9518,0.0000
14323,-49.9189,15.9518,0.0000
14324,-49.9689,15.9518,0.0000
14325,-50.0189,15.9518,0.0000
14326,-50.0689,15.9518,0.0000
14327,-50.1189,15.9518,0.0000
14328,-50.1689,15.9518,0.0000
14329,-50.2189,15.9518,0.0000
14330,-50.2689,15.9518,0.0000
14331,-50.3189,15.9518,0.0000
14332,-50.3689,15.9518,0.0000
14333,-50.4189,15.9518,0.0000
14334,-50.4689,15.9518,0.0000
14335,-50.5189,15.9518,0.0000
14336,-50.5689,15.9518,0.0000
14337,-50.6189,15.9518,0.0000
14338,-50.6689,15.9518,0.0000
14339,-50.7189,15.9518,0.0000
14340,-50.7689,15.9518,0.0000
14341,-50.8189,15.9518,0.0000
14342,-50.8689,15.9518,0.0000
14343,-50.9189,15.9518,0.0000
14344,-50.9689,15.9518,0.0000
14345,-51.0189,15.9518,0.0000
14346,-51.0689,15.9518,0.0000
14347,-51.1189,15.9518,0.0000
14348,-51.1689,15.9518,0.0000
14349,-51.2189,15.9518,0.0000
14350,-51.2689,15.9518,0.0000
14351,-51.3189,15.9518,0.0000
14352,-51.3689,15.9518,0.0000
14353,-51.4189,15.9518,0.0000
14354,-51.4689,15.9518,0.0000
14355,-51.5189,15.9518,0.0000
14356,-51.5689,15.9518,0.0000
14357,-51.6189,15.9518,0.0000
14358,-51.6689,15.9518,0.0000
14359,-51.7189,15.9518,0.0000
14360,-51.7689,15.9518,0.0000
14361,-51.8189,15.9518,0.0000
14362,-51.8689,15.9518,0.0000
14363,-51.9189,15.9518,0.0000
14364,-51.9689,15.9518,0.0000
14365,-52.0189,15.9518,0.0000
14366,-52.0689,15.9518,0.0000
14367,-52.1189,15.9518,0.0000
14368,-52.1689,15.9518,0.0000
14369,-52.2189,15.9518,0.0000
14370,-52.2689,15.9518,0.0000
14371,-52.3189,15.9518,0.0000
14372,-52.3689,15.9518,0.0000
14373,-52.4189,15.9518,0.0000
14374,-52.4689,15.9518,0.0000
14375,-52.5189,15.9518,0.0000
14376,-52.5689,15.9518,0.0000
14377,-52.6189,15.9518,0.0000
14378,-52.6689,15.9518,0.0000
14379,-52.7189,15.9518,0.0000
14380,-52.7689,15.9518,0.0000
14381,-52.8189,15.9518,0.0000
14382,-52.8689,15.9518,0.0000
14383,-52.9189,15.9518,0.0000
14384,-52.9689,15.9518,0.0000
14385,-53.0189,15.9518,0.0000
14386,-53.0689,15.9518,0.0000
14387,-53.1189,15.9518,0.0000
14388,-53.1689,15.9518,0.0000
14389,-53.2189,15.9518,0.0000
14390,-53.2689,15.9518,0.0000
14391,-53.3189,15.9518,0.0000
14392,-53.3689,15.9518,0.0000
14393,-53.4189,15.9518,0.0000
14394,-53.4689,15.9518,0.0000
14395,-53.5189,15.9518,0.0000
14396,-53.5689,15.9518,0.0000
14397,-53.6189,15.9518,0.0000
14398,-53.6689,15.9518,0.0000
14399,-53.7189,15.9518,0.0000
14400,-53.7689,15.9518,0.0000
14401,-53.8189,15.9518,0.0000
14402,-53.8689,15.9518,0.0000
14403,-53.9189,15.9518,0.0000
14404,-53.9689,15.9518,0.0000
14405,-54.0189,15.9518,0.0000
14406,-54.0689,15.9518,0.0000
14407,-54.1189,15.9518,0.0000
14408,-54.1689,15.9518,0.0000
14409,-54.2189,15.9518,0.0000
14410,-54.2689,15.9518,0.0000
14411,-54.3189,15.9518,0.0000
14412,-54.3689,15.9518,0.0000
14413,-54.4189,15.9518,0.0000
14414,-54.4689,15.9518,0.0000
14415,-54.5189,15.9518,0.0000
14416,-54.5689,15.9518,0.0000
14417,-54.6189,15.9518,0.0000
14418,-54.6689,15.9518,0.0000
14419,-54.7189,15.9518,0.0000
14420,-54.7689,15.9518,0.0000
14421,-54.8189,15.9518,0.0000
14422,-54.8689,15.9518,0.0000
14423,-54.9189,15.9518,0.0000
14424,-54.9689,15.9518,0.0000
14425,-55.0189,15.9518,0.0000
14426,-55.0689,15.9518,0.0000
14427,-55.1189,15.9518,0.0000
14428,-55.1689,15.9518,0.0000
14429,-55.2189,15.9518,0.0000
14430,-55.2689,15.9518,0.0000
14431,-55.3189,15.9518,0.0000
14432,-55.3689,15.9518,0.0000
14433,-55.4189,15.9518,0.0000
14434,-55.4689,15.9518,0.0000
14435,-55.5189,15.9518,0.0000
14436,-55.5689,15.9518,0.0000
14437,-55.6189,15.9518,0.0000
14438,-55.6689,15.9518,0.0000
14439,-55.7189,15.9518,0.0000
14440,-55.7689,15.9518,0.0000
14441,-55.8189,15.9518,0.0000
14442,-55.8689,15.9518,0.0000
14443,-55.9189,15.9518,0.0000
14444,-55.9689,15.9518,0.0000
14445,-56.0189,15.9518,0.0000
14446,-56.0689,15.9518,0.0000
14447,-56.1189,15.9518,0.0000
14448,-56.1689,15.9518,0.0000
14449,-56.2189,15.9518,0.0000
14450,-56.2689,15.9518,0.0000
14451,-56.3189,15.9518,0.0000
14452,-56.3689,15.9518,0.0000
14453,-56.4189,15.9518,0.0000
14454,-56.4689,15.9518,0.0000
14455,-56.5189,15.9518,0.0000
14456,-56.5689,15.9518,0.0000
14457,-56.6189,15.9518,0.0000
14458,-56.6689,15.9518,0.0000
14459,-56.7189,15.9518,0.0000
14460,-56.7689,15.9518,0.0000
14461,-56.8189,15.9518,0.0000
14462,-56.8689,15.9518,0.0000
14463,-56.9189,15.9518,0.0000
14464,-56.9689,15.9518,0.0000
14465,-57.0189,15.9518,0.0000
14466,-57.0689,15.9518,0.0000
14467,-57.1189,15.9518,0.0000
14468,-57.1689,15.9518,0.0000
14469,-57.2189,15.9518,0.0000
14470,-57.2689,15.9518,0.0000
14471,-57.3189,15.9518,0.0000
14472,-57.3689,15.9518,0.0000
14473,-57.4189,15.9518,0.0000
14474,-57.4689,15.9518,0.0000
14475,-57.5189,15.9518,0.0000
14476,-57.5689,15.9518,0.0000
14477,-57.6189,15.9518,0.0000
14478,-57.6689,15.9518,0.0000
14479,-57.7189,15.9518,0.0000
14480,-57.7689,15.9518,0.0000
14481,-57.8189,15.9518,0.0000
14482,-57.8689,15.9518,0.0000
14483,-57.9189,15.9518,0.0000
14484,-57.9689,15.9518,0.0000
14485,-58.0189,15.9518,0.0000
14486,-58.0689,15.9518,0.0000
14487,-58.1189,15.9518,0.0000
14488,-58.1689,15.9518,0.0000
14489,-58.2189,15.9518,0.0000
14490,-58.2689,15.9518,0.0000
14491,-58.3189,15.9518,0.0000
14492,-58.3689,15.9518,0.0000
14493,-58.4189,15.9518,0.0000
14494,-58.4689,15.9518,0.0000
14495,-58.5189,15.9518,0.0000
14496,-58.5689,15.9518,0.0000
14497,-58.6189,15.9518,0.0000
14498,-58.6689,15.9518,0.0000
14499,-58.7189,15.9518,0.0000
14500,-58.7689,15.9518,0.0000
14501,-58.8189,15.9518,0.0000
14502,-58.8689,15.9518,0.0000
14503,-58.9189,15.9518,0.0000
14504,-58.9689,15.9518,0.0000
14505,-59.0189,15.9518,0.0000
14506,-59.0689,15.9518,0.0000
14507,-59.1189,15.9518,0.0000
14508,-59.1689,15.9518,0.0000
14509,-59.2189,15.9518,0.0000
14510,-59.2689,15.9518,0.0000
14511,-59.3189,15.9518,0.0000
14512,-59.3689,15.9518,0.0000
14513,-59.4189,15.9518,0.0000
14514,-59.4689,15.9518,0.0000
14515,-59.5189,15.9518,0.0000
14516,-59.5689,15.9518,0.0000
14517,-59.6189,15.9518,0.0000
14518,-59.6689,15.9518,0.0000
14519,-59.7189,15.9518,0.0000
14520,-59.7689,15.9518,0.0000
14521,-59.8189,15.9518,0.0000
14522,-59.8689,15.9518,0.0000
14523,-59.9189,15.9518,0.0000
14524,-59.9689,15.9518,0.0000
14525,-60.0189,15.9518,0.0000
14526,-60.0689,15.9518,0.0000
14527,-60.1189,15.9518,0.0000
14528,-60.1689,15.9518,0.0000
14529,-60.2189,15.9518,0.0000
14530,-60.2689,15.9518,0.0000
14531,-60.3189,15.9518,0.0000
14532,-60.3689,15.9518,0.0000
14533,-60.4189,15.9518,0.0000
14534,-60.4689,15.9518,0.0000
14535,-60.5189,15.9518,0.0000
14536,-60.5689,15.9518,0.0000
14537,-60.6189,15.9518,0.0000
14538,-60.6689,15.9518,0.0000
14539,-60.7189,15.9518,0.0000
14540,-60.7689,15.9518,0.0000
14541,-60.8189,15.9518,0.0000
14542,-60.8689,15.9518,0.0000
14543,-60.9189,15.9518,0.0000
14544,-60.9689,15.9518,0.0000
14545,-61.0189,15.9518,0.0000
14546,-61.0689,15.9518,0.0000
14547,-61.1189,15.9518,0.0000
14548,-61.1689,15.9518,0.0000
14549,-61.2189,15.9518,0.0000
14550,-61.2689,15.9518,0.0000
14551,-61.3189,15.9518,0.0000
14552,-61.3689,15.9518,0.0000
14553,-61.4189,15.9518,0.0000
14554,-61.4689,15.9518,0.0000
14555,-61.5189,15.9518,0.0000
14556,-61.5689,15.9518,0.0000
14557,-61.6189,15.9518,0.0000
14558,-61.6689,15.9518,0.0000
14559,-61.7189,15.9518,0.0000
14560,-61.7689,15.9518,0.0000
14561,-61.8189,15.9518,0.0000
14562,-61.8689,15.9518,0.0000
14563,-61.9189,15.9518,0.0000
14564,-61.9689,15.9518,0.0000
14565,-62.0189,15.9518,0.0000
14566,-62.0689,15.9518,0.0000
14567,-62.1189,15.9518,0.0000
14568,-62.1689,15.9518,0.0000
14569,-62.2189,15.9518,0.0000
14570,-62.2689,15.9518,0.0000
14571,-62.3189,15.9518,0.0000
14572,-62.3689,15.9518,0.0000
14573,-62.4189,15.9518,0.0000
14574,-62.4689,15.9518,0.0000
14575,-62.5189,15.9518,0.0000
14576,-62.5689,15.9518,0.0000
14577,-62.6189,15.9518,0.0000
14578,-62.6689,15.9518,0.0000
14579,-62.7189,15.9518,0.0000
14580,-62.7689,15.9518,0.0000
14581,-62.8189,15.9518,0.0000
14582,-62.8689,15.9518,0.0000
14583,-62.9189,15.9518,0.0000
14584,-62.9689,15.9518,0.0000
14585,-63.0189,15.9518,0.0000
14586,-63.0689,15.9518,0.0000
14587,-63.1189,15.9518,0.0000
14588,-63.1689,15.9518,0.0000
14589,-63.2189,15.9518,0.0000
14590,-63.2689,15.9518,0.0000
14591,-63.3189,15.9518,0.0000
14592,-63.3689,15.9518,0.0000
14593,-63.4189,15.9518,0.0000
14594,-63.4689,15.9518,0.0000
14595,-63.5189,15.9518,0.0000
14596,-63.5689,15.9518,0.0000
14597,-63.6189,15.9518,0.0000
14598,-63.6689,15.9518,0.0000
14599,-63.7189,15.9518,0.0000
14600,-63.7689,15.9518,0.0000
14601,-63.8189,15.9518,0.0000
14602,-63.8689,15.9518,0.0000
14603,-63.9189,15.9518,0.0000
14604,-63.9689,15.9518,0.0000
14605,-64.0189,15.9518,0.0000
14606,-64.0689,15.9518,0.0000
14607,-64.1189,15.9518,0.0000
14608,-64.1689,15.9518,0.0000
14609,-64.2189,15.9518,0.0000
14610,-64.2689,15.9518,0.0000
14611,-64.3189,15.9518,0.0000
14612,-64.3689,15.9518,0.0000
14613,-64.4189,15.9518,0.0000
14614,-64.4689,15.9518,0.0000
14615,-64.5189,15.9518,0.0000
14616,-64.5689,15.9518,0.0000
14617,-64.6189,15.9518,0.0000
14618,-64.6689,15.9518,0.0000
14619,-64.7189,15.9518,0.0000
14620,-64.7689,15.9518,0.0000
14621,-64.8189,15.9518,0.0000
14622,-64.8689,15.9518,0.0000
14623,-64.9189,15.9518,0.0000
14624,-64.9689,15.9518,0.0000
14625,-65.0189,15.9518,0.0000
14626,-65.0689,15.9518,0.0000
14627,-65.1189,15.9518,0.0000
14628,-65.1689,15.9518,0.0000
14629,-65.2189,15.9518,0.0000
14630,-65.2689,15.9518,0.0000
14631,-65.3189,15.9518,0.0000
14632,-65.3689,15.9518,0.0000
14633,-65.4189,15.9518,0.0000
14634,-65.4689,15.9518,0.0000
14635,-65.5189,15.9518,0.0000
14636,-65.5689,15.9518,0.0000
14637,-65.6189,15.9518,0.0000
14638,-65.6689,15.9518,0.0000
14639,-65.7189,15.9518,0.0000
14640,-65.7689,15.9518,0.0000
14641,-65.8189,15.9518,0.0000
14642,-65.8689,15.9518,0.0000
14643,-65.9189,15.9518,0.0000
14644,-65.9689,15.9518,0.0000
14645,-66.0189,15.9518,0.0000
14646,-66.0689,15.9518,0.0000
14647,-66.1189,15.9518,0.0000
14648,-66.1689,15.9518,0.0000
14649,-66.2189,15.9518,0.0000
14650,-66.2689,15.9518,0.0000
14651,-66.3189,15.9518,0.0000
14652,-66.3689,15.9518,0.0000
14653,-66.4189,15.9518,0.0000
14654,-66.4689,15.9518,0.0000
14655,-66.5189,15.9518,0.0000
14656,-66.5689,15.9518,0.0000
14657,-66.6189,15.9518,0.0000
14658,-66.6689,15.9518,0.0000
14659,-66.7189,15.9518,0.0000
14660,-66.7689,15.9518,0.0000
14661,-66.8189,15.9518,0.0000
14662,-66.8689,15.9518,0.0000
14663,-66.9189,15.9518,0.0000
14664,-66.9689,15.9518,0.0000
14665,-67.0189,15.9518,0.0000
14666,-67.0689,15.9518,0.0000
14667,-67.1189,15.9518,0.0000
14668,-67.1689,15.9518,0.0000
14669,-67.2189,15.9518,0.0000
14670,-67.2689,15.9518,0.0000
14671,-67.3189,15.9518,0.0000
14672,-67.3689,15.9518,0.0000
14673,-67.4189,15.9518,0.0000
14674,-67.4689,15.9518,0.0000
14675,-67.5189,15.9518,0.0000
14676,-67.5689,15.9518,0.0000
14677,-67.6189,15.9518,0.0000
14678,-67.6689,15.9518,0.0000
14679,-67.7189,15.9518,0.0000
14680,-67.7689,15.9518,0.0000
14681,-67.8189,15.9518,0.0000
14682,-67.8689,15.9518,0.0000
14683,-67.9189,15.9518,0.0000
14684,-67.9689,15.9518,0.0000
14685,-68.0189,15.9518,0.0000
14686,-68.0689,15.9518,0.0000
14687,-68.1189,15.9518,0.0000
14688,-68.1689,15.9518,0.0000
14689,-68.2189,15.9518,0.0000
14690,-68.2689,15.9518,0.0000
14691,-68.3189,15.9518,0.0000
14692,-68.3689,15.9518,0.0000
14693,-68.4189,15.9518,0.0000
14694,-68.4689,15.9518,0.0000
14695,-68.5189,15.9518,0.0000
14696,-68.5689,15.9518,0.0000
14697,-68.6189,15.9518,0.0000
14698,-68.6689,15.9518,0.0000
14699,-68.7189,15.9518,0.0000
14700,-68.7689,15.9518,0.0000
14701,-68.8189,15.9518,0.0000
14702,-68.8689,15.9518,0.0000
14703,-68.9189,15.9518,0.0000
14704,-68.9689,15.9518,0.0000
14705,-69.0189,15.9518,0.0000
14706,-69.0689,15.9518,0.0000
14707,-69.1189,15.9518,0.0000
14708,-69.1689,15.9518,0.0000
14709,-69.2189,15.9518,0.0000
14710,-69.2689,15.9518,0.0000
14711,-69.3189,15.9518,0.0000
14712,-69.3689,15.9518,0.0000
14713,-69.4189,15.9518,0.0000
14714,-69.4689,15.9518,0.0000
14715,-69.5189,15.9518,0.0000
14716,-69.5689,15.9518,0.0000
14717,-69.6189,15.9518,0.0000
14718,-69.6689,15.9518,0.0000
14719,-69.7189,15.9518,0.0000
14720,-69.7689,15.9518,0.0000
14721,-69.8189,15.9518,0.0000
14722,-69.8689,15.9518,0.0000
14723,-69.9189,15.9518,0.0000
14724,-69.9689,15.9518,0.0000
14725,-70.0189,15.9518,0.0000
14726,-70.0689,15.9518,0.0000
14727,-70.1189,15.9518,0.0000
14728,-70.1689,15.9518,0.0000
14729,-70.2189,15.9518,0.0000
14730,-70.2689,15.9518,0.0000
14731,-70.3189,15.9518,0.0000
14732,-70.3689,15.9518,0.0000
14733,-70.4189,15.9518,0.0000
14734,-70.4689,15.9518,0.0000
14735,-70.5189,15.9518,0.0000
14736,-70.5689,15.9518,0.0000
14737,-70.6189,15.9518,0.0000
14738,-70.6689,15.9518,0.0000
14739,-70.7189,15.9518,0.0000
14740,-70.7689,15.9518,0.0000
14741,-70.8189,15.9518,0.0000
14742,-70.8689,15.9518,0.0000
14743,-70.9189,15.9518,0.0000
14744,-70.9689,15.9518,0.0000
14745,-71.0189,15.9518,0.0000
14746,-71.0689,15.9518,0.0000
14747,-71.1189,15.9518,0.0000
14748,-71.1689,15.9518,0.0000
14749,-71.2189,15.9518,0.0000
14750,-71.2689,15.9518,0.0000
14751,-71.3189,15.9518,0.0000
14752,-71.3689,15.9518,0.0000
14753,-71.4189,15.9518,0.0000
14754,-71.4689,15.9518,0.0000
14755,-71.5189,15.9518,0.0000
14756,-71.5689,15.9518,0.0000
14757,-71.6189,15.9518,0.0000
14758,-71.6689,15.9518,0.0000
14759,-71.7189,15.9518,0.0000
14760,-71.7689,15.9518,0.0000
14761,-71.8189,15.9518,0.0000
14762,-71.8689,15.9518,0.0000
14763,-71.9189,15.9518,0.0000
14764,-71.9689,15.9518,0.0000
14765,-72.0189,15.9518,0.0000
14766,-72.0689,15.9518,0.0000
14767,-72.1189,15.9518,0.0000
14768,-72.1689,15.9518,0.0000
14769,-72.2189,15.9518,0.0000
14770,-72.2689,15.9518,0.0000
14771,-72.3189,15.9518,0.0000
14772,-72.3689,15.9518,0.0000
14773,-72.4189,15.9518,0.0000
14774,-72.4689,15.9518,0.0000
14775,-72.5189,15.9518,0.0000
14776,-72.5689,15.9518,0.0000
14777,-72.6189,15.9518,0.0000
14778,-72.6689,15.9518,0.0000
14779,-72.7189,15.9518,0.0000
14780,-72.7689,15.9518,0.0000
14781,-72.8189,15.9518,0.0000
14782,-72.8689,15.9518,0.0000
14783,-72.9189,15.9518,0.0000
14784,-72.9689,15.9518,0.0000
14785,-73.0189,15.9518,0.0000
14786,-73.0689,15.9518,0.0000
14787,-73.1189,15.9518,0.0000
14788,-73.1689,15.9518,0.0000
14789,-73.2189,15.9518,0.0000
14790,-73.2689,15.9518,0.0000
14791,-73.3189,15.9518,0.0000
14792,-73.3689,15.9518,0.0000
14793,-73.4189,15.9518,0.0000
14794,-73.4689,15.9518,0.0000
14795,-73.5189,15.9518,0.0000
14796,-73.5689,15.9518,0.0000
14797,-73.6189,15.9518,0.0000
14798,-73.6689,15.9518,0.0000
14799,-73.7189,15.9518,0.0000
14800,-73.7689,15.9518,0.0000
14801,-73.8189,15.9518,0.0000
14802,-73.8689,15.9518,0.0000
14803,-73.9189,15.9518,0.0000
14804,-73.9689,15.9518,0.0000
14805,-74.0189,15.9518,0.0000
14806,-74.0689,15.9518,0.0000
14807,-74.1189,15.9518,0.0000
14808,-74.1689,15.9518,0.0000
14809,-74.2189,15.9518,0.0000
14810,-74.2689,15.9518,0.0000
14811,-74.3189,15.9518,0.0000
14812,-74.3689,15.9518,0.0000
14813,-74.4189,15.9518,0.0000
14814,-74.4689,15.9518,0.0000
14815,-74.5189,15.9518,0.0000
14816,-74.5689,15.9518,0.0000
14817,-74.6189,15.9518,0.0000
14818,-74.6689,15.9518,0.0000
14819,-74.7189,15.9518,0.0000
14820,-74.7689,15.9518,0.0000
14821,-74.8189,15.9518,0.0000
14822,-74.8689,15.9518,0.0000
14823,-74.9189,15.9518,0.0000
14824,-74.9689,15.9518,0.0000
14825,-75.0189,15.9518,0.0000
14826,-75.0689,15.9518,0.0000
14827,-75.1189,15.9518,0.0000
14828,-75.1689,15.9518,0.0000
14829,-75.2189,15.9518,0.0000
14830,-75.2689,15.9518,0.0000
14831,-75.3189,15.9518,0.0000
14832,-75.3689,15.9518,0.0000
14833,-75.4189,15.9518,0.0000
14834,-75.4689,15.9518,0.0000
14835,-75.5189,15.9518,0.0000
14836,-75.5689,15.9518,0.0000
14837,-75.6189,15.9518,0.0000
14838,-75.6689,15.9518,0.0000
14839,-75.7189,15.9518,0.0000
14840,-75.7689,15.9518,0.0000
14841,-75.8189,15.9518,0.0000
14842,-75.8689,15.9518,0.0000
14843,-75.9189,15.9518,0.0000
14844,-75.9689,15.9518,0.0000
14845,-76.0189,15.9518,0.0000
14846,-76.0689,15.9518,0.0000
14847,-76.1189,15.9518,0.0000
14848,-76.1689,15.9518,0.0000
14849,-76.2189,15.9518,0.0000
14850,-76.2689,15.9518,0.0000
14851,-76.3189,15.9518,0.0000
14852,-76.3689,15.9518,0.0000
14853,-76.4189,15.9518,0.0000
14854,-76.4689,15.9518,0.0000
14855,-76.5189,15.9518,0.0000
14856,-76.5689,15.9518,0.0000
14857,-76.6189,15.9518,0.0000
14858,-76.6689,15.9518,0.0000
14859,-76.7189,15.9518,0.0000
14860,-76.7689,15.9518,0.0000
14861,-76.8189,15.9518,0.0000
14862,-76.8689,15.9518,0.0000
14863,-76.9189,15.9518,0.0000
14864,-76.9689,15.9518,0.0000
14865,-77.0189,15.9518,0.0000
14866,-77.0689,15.9518,0.0000
14867,-77.1189,15.9518,0.0000
14868,-77.1689,15.9518,0.0000
14869,-77.2189,15.9518,0.0000
14870,-77.2689,15.9518,0.0000
14871,-77.3189,15.9518,0.0000
14872,-77.3689,15.9518,0.0000
14873,-77.4189,15.9518,0.0000
14874,-77.4689,15.9518,0.0000
14875,-77.5189,15.9518,0.0000
14876,-77.5689,15.9518,0.0000
14877,-77.6189,15.9518,0.0000
14878,-77.6689,15.9518,0.0000
14879,-77.7189,15.9518,0.0000
14880,-77.7689,15.9518,0.0000
14881,-77.8189,15.9518,0.0000
14882,-77.8689,15.9518,0.0000
14883,-77.9189,15.9518,0.0000
14884,-77.9689,15.9518,0.0000
14885,-78.0189,15.9518,0.0000
14886,-78.0689,15.9518,0.0000
14887,-78.1189,15.9518,0.0000
14888,-78.1689,15.9518,0.0000
14889,-78.2189,15.9518,0.0000
14890,-78.2689,15.9518,0.0000
14891,-78.3189,15.9518,0.0000
14892,-78.3689,15.9518,0.0000
14893,-78.4189,15.9518,0.0000
14894,-78.4689,15.9518,0.0000
14895,-78.5189,15.9518,0.0000
14896,-78.5689,15.9518,0.0000
14897,-78.6189,15.9518,0.0000
14898,-78.6689,15.9518,0.0000
14899,-78.7189,15.9518,0.0000
14900,-78.7689,15.9518,0.0000
14901,-78.8189,15.9518,0.0000
14902,-78.8689,15.9518,0.0000
14903,-78.9189,15.9518,0.0000
14904,-78.9689,15.9518,0.0000
14905,-79.0189,15.9518,0.0000
14906,-79.0689,15.9518,0.0000
14907,-79.1189,15.9518,0.0000
14908,-79.1689,15.9518,0.0000
14909,-79.2189,15.9518,0.0000
14910,-79.2689,15.9518,0.0000
14911,-79.3189,15.9518,0.0000
14912,-79.3689,15.9518,0.0000
14913,-79.4189,15.9518,0.0000
14914,-79.4689,15.9518,0.0000
14915,-79.5189,15.9518,0.0000
14916,-79.5689,15.9518,0.0000
14917,-79.6189,15.9518,0.0000
14918,-79.6689,15.9518,0.0000
14919,-79.7189,15.9518,0.0000
14920,-79.7689,15.9518,0.0000
14921,-79.8189,15.9518,0.0000
14922,-79.8689,15.9518,0.0000
14923,-79.9189,15.9518,0.0000
14924,-79.9689,15.9518,0.0000
14925,-80.0189,15.9518,0.0000
14926,-80.0689,15.9518,0.0000
14927,-80.1189,15.9518,0.0000
14928,-80.1689,15.9518,0.0000
14929,-80.2189,15.9518,0.0000
14930,-80.2689,15.9518,0.0000
14931,-80.3189,15.9518,0.0000
14932,-80.3689,15.9518,0.0000
14933,-80.4189,15.9518,0.0000
14934,-80.4689,15.9518,0.0000
14935,-80.5189,15.9518,0.0000
14936,-80.5689,15.9518,0.0000
14937,-80.6189,15.9518,0.0000
14938,-80.6689,15.9518,0.0000
14939,-80.7189,15.9518,0.0000
14940,-80.7689,15.9518,0.0000
14941,-80.8189,15.9518,0.0000
14942,-80.8689,15.9518,0.0000
14943,-80.9189,15.9518,0.0000
14944,-80.9689,15.9518,0.0000
14945,-81.0189,15.9518,0.0000
14946,-81.0689,15.9518,0.0000
14947,-81.1189,15.9518,0.0000
14948,-81.1689,15.9518,0.0000
14949,-81.2189,15.9518,0.0000
14950,-81.2689,15.9518,0.0000
14951,-81.3189,15.9518,0.0000
14952,-81.3689,15.9518,0.0000
14953,-81.4189,15.9518,0.0000
14954,-81.4689,15.9518,0.0000
14955,-81.5189,15.9518,0.0000
14956,-81.5689,15.9518,0.0000
14957,-81.6189,15.9518,0.0000
14958,-81.6689,15.9518,0.0000
14959,-81.7189,15.9518,0.0000
14960,-81.7689,15.9518,0.0000
14961,-81.8189,15.9518,0.0000
14962,-81.8689,15.9518,0.0000
14963,-81.9189,15.9518,0.0000
14964,-81.9689,15.9518,0.0000
14965,-82.0189,15.9518,0.0000
14966,-82.0689,15.9518,0.0000
14967,-82.1189,15.9518,0.0000
14968,-82.1689,15.9518,0.0000
14969,-82.2189,15.9518,0.0000
14970,-82.2689,15.9518,0.0000
14971,-82.3189,15.9518,0.0000
14972,-82.3689,15.9518,0.0000
14973,-82.4189,15.9518,0.0000
14974,-82.4689,15.9518,0.0000
14975,-82.5189,15.9518,0.0000
14976,-82.5689,15.9518,0.0000
14977,-82.6189,15.9518,0.0000
14978,-82.6689,15.9518,0.0000
14979,-82.7189,15.9518,0.0000
14980,-82.7689,15.9518,0.0000
14981,-82.8189,15.9518,0.0000
14982,-82.8689,15.9518,0.0000
14983,-82.9189,15.9518,0.0000
14984,-82.9689,15.9518,0.0000
14985,-83.0189,15.9518,0.0000
14986,-83.0689,15.9518,0.0000
14987,-83.1189,15.9518,0.0000
14988,-83.1689,15.9518,0.0000
14989,-83.2189,15.9518,0.0000
14990,-83.2689,15.9518,0.0000
14991,-83.3189,15.9518,0.0000
14992,-83.3689,15.9518,0.0000
14993,-83.4189,15.9518,0.0000
14994,-83.4689,15.9518,0.0000
14995,-83.5189,15.9518,0.0000
14996,-83.5689,15.9518,0.0000
14997,-83.6189,15.9518,0.0000
14998,-83.6689,15.9518,0.0000
14999,-83.7189,15.9518,0.0000
15000,-83.7689,15.9518,0.0000
15001,-83.8189,15.9518,0.0000
15002,-83.8689,15.9518,0.0000
15003,-83.9189,15.9518,0.0000
15004,-83.9689,15.9518,0.0000
15005,-84.0189,15.9518,0.0000
15006,-84.0689,15.9518,0.0000
15007,-84.1189,15.9518,0.0000
15008,-84.1689,15.9518,0.0000
15009,-84.2189,15.9518,0.0000
15010,-84.2689,15.9518,0.0000
15011,-84.3189,15.9518,0.0000
15012,-84.3689,15.9518,0.0000
15013,-84.4189,15.9518,0.0000
15014,-84.4689,15.9518,0.0000
15015,-84.5189,15.9518,0.0000
15016,-84.5689,15.9518,0.0000
15017,-84.6189,15.9518,0.0000
15018,-84.6689,15.9518,0.0000
15019,-84.7189,15.9518,0.0000
15020,-84.7689,15.9518,0.0000
15021,-84.8189,15.9518,0.0000
15022,-84.8689,15.9518,0.0000
15023,-84.9189,15.9518,0.0000
15024,-84.9689,15.9518,0.0000
15025,-85.0189,15.9518,0.0000
15026,-85.0689,15.9518,0.0000
15027,-85.1189,15.9518,0.0000
15028,-85.1689,15.9518,0.0000
15029,-85.2189,15.9518,0.0000
15030,-85.2689,15.9518,0.0000
15031,-85.3189,15.9518,0.0000
15032,-85.3689,15.9518,0.0000
15033,-85.4189,15.9518,0.0000
15034,-85.4689,15.9518,0.0000
15035,-85.5189,15.9518,0.0000
15036,-85.5689,15.9518,0.0000
15037,-85.6189,15.9518,0.0000
15038,-85.6689,15.9518,0.0000
15039,-85.7189,15.9518,0.0000
15040,-85.7689,15.9518,0.0000
15041,-85.8189,15.9518,0.0000
15042,-85.8689,15.9518,0.0000
15043,-85.9189,15.9518,0.0000
15044,-85.9689,15.9518,0.0000
15045,-86.0189,15.9518,0.0000
15046,-86.0689,15.9518,0.0000
15047,-86.1189,15.9518,0.0000
15048,-86.1689,15.9518,0.0000
15049,-86.2189,15.9518,0.0000
15050,-86.2689,15.9518,0.0000
15051,-86.3189,15.9518,0.0000
15052,-86.3689,15.9518,0.0000
15053,-86.4189,15.9518,0.0000
15054,-86.4689,15.9518,0.0000
15055,-86.5189,15.9518,0.0000
15056,-86.5689,15.9518,0.0000
15057,-86.6189,15.9518,0.0000
15058,-86.6689,15.9518,0.0000
15059,-86.7189,15.9518,0.0000
15060,-86.7689,15.9518,0.0000
15061,-86.8189,15.9518,0.0000
15062,-86.8689,15.9518,0.0000
15063,-86.9189,15.9518,0.0000
15064,-86.9689,15.9518,0.0000
15065,-87.0189,15.9518,0.0000
15066,-87.0689,15.9518,0.0000
15067,-87.1189,15.9518,0.0000
15068,-87.1689,15.9518,0.0000
15069,-87.2189,15.9518,0.0000
15070,-87.2689,15.9518,0.0000
15071,-87.3189,15.9518,0.0000
15072,-87.3689,15.9518,0.0000
15073,-87.4189,15.9518,0.0000
15074,-87.4689,15.9518,0.0000
15075,-87.5189,15.9518,0.0000
15076,-87.5689,15.9518,0.0000
15077,-87.6189,15.9518,0.0000
15078,-87.6689,15.9518,0.0000
15079,-87.7189,15.9518,0.0000
15080,-87.7689,15.9518,0.0000
15081,-87.8189,15.9518,0.0000
15082,-87.8689,15.9518,0.0000
15083,-87.9189,15.9518,0.0000
15084,-87.9689,15.9518,0.0000
15085,-88.0189,15.9518,0.0000
15086,-88.0689,15.9518,0.0000
15087,-88.1189,15.9518,0.0000
15088,-88.1689,15.9518,0.0000
15089,-88.2189,15.9518,0.0000
15090,-88.2689,15.9518,0.0000
15091,-88.3189,15.9518,0.0000
15092,-88.3689,15.9518,0.0000
15093,-88.4189,15.9518,0.0000
15094,-88.4689,15.9518,0.0000
15095,-88.5189,15.9518,0.0000
15096,-88.5689,15.9518,0.0000
15097,-88.6189,15.9518,0.0000
15098,-88.6689,15.9518,0.0000
15099,-88.7189,15.9518,0.0000
15100,-88.7689,15.9518,0.0000
15101,-88.8189,15.9518,0.0000
15102,-88.8689,15.9518,0.0000
15103,-88.9189,15.9518,0.0000
15104,-88.9689,15.9518,0.0000
15105,-89.0189,15.9518,0.0000
15106,-89.0689,15.9518,0.0000
15107,-89.1189,15.9518,0.0000
15108,-89.1689,15.9518,0.0000
15109,-89.2189,15.9518,0.0000
15110,-89.2689,15.9518,0.0000
15111,-89.3189,15.9518,0.0000
15112,-89.3689,15.9518,0.0000
15113,-89.4189,15.9518,0.0000
15114,-89.4689,15.9518,0.0000
15115,-89.5189,15.9518,0.0000
15116,-89.5689,15.9518,0.0000
15117,-89.6189,15.9518,0.0000
15118,-89.6689,15.9518,0.0000
15119,-89.7189,15.9518,0.0000
15120,-89.7689,15.9518,0.0000
15121,-89.8189,15.9518,0.0000
15122,-89.8689,15.9518,0.0000
15123,-89.9189,15.9518,0.0000
15124,-89.9689,15.9518,0.0000
15125,-90.0189,15.9518,0.0000
15126,-90.0689,15.9518,0.0000
15127,-90.1189,15.9518,0.0000
15128,-90.1689,15.9518,0.0000
15129,-90.2189,15.9518,0.0000
15130,-90.2689,15.9518,0.0000
15131,-90.3189,15.9518,0.0000
15132,-90.3689,15.9518,0.0000
15133,-90.4189,15.9518,0.0000
15134,-90.4689,15.9518,0.0000
15135,-90.5189,15.9518,0.0000
15136,-90.5689,15.9518,0.0000
15137,-90.6189,15.9518,0.0000
15138,-90.6689,15.9518,0.0000
15139,-90.7189,15.9518,0.0000
15140,-90.7689,15.9518,0.0000
15141,-90.8189,15.9518,0.0000
15142,-90.8689,15.9518,0.0000
15143,-90.9189,15.9518,0.0000
15144,-90.9689,15.9518,0.0000
15145,-91.0189,15.9518,0.0000
15146,-91.0689,15.9518,0.0000
15147,-91.1189,15.9518,0.0000
15148,-91.1689,15.9518,0.0000
15149,-91.2189,15.9518,0.0000
15150,-91.2689,15.9518,0.0000
15151,-91.3189,15.9518,0.0000
15152,-91.3689,15.9518,0.0000
15153,-91.4189,15.9518,0.0000
15154,-91.4689,15.9518,0.0000
15155,-91.5189,15.9518,0.0000
15156,-91.5689,15.9518,0.0000
15157,-91.6189,15.9518,0.0000
15158,-91.6689,15.9518,0.0000
15159,-91.7189,15.9518,0.0000
15160,-91.7689,15.9518,0.0000
15161,-91.8189,15.9518,0.0000
15162,-91.8689,15.9518,0.0000
15163,-91.9189,15.9518,0.0000
15164,-91.9689,15.9518,0.0000
15165,-92.0189,15.9518,0.0000
15166,-92.0689,15.9518,0.0000
15167,-92.1189,15.9518,0.0000
15168,-92.1689,15.9518,0.0000
15169,-92.2189,15.9518,0.0000
15170,-92.2689,15.9518,0.0000
15171,-92.3189,15.9518,0.0000
15172,-92.3689,15.9518,0.0000
15173,-92.4189,15.9518,0.0000
15174,-92.4689,15.9518,0.0000
15175,-92.5189,15.9518,0.0000
15176,-92.5689,15.9518,0.0000
15177,-92.6189,15.9518,0.0000
15178,-92.6689,15.9518,0.0000
15179,-92.7189,15.9518,0.0000
15180,-92.7689,15.9518,0.0000
15181,-92.8189,15.9518,0.0000
15182,-92.8689,15.9518,0.0000
15183,-92.9189,15.9518,0.0000
15184,-92.9689,15.9518,0.0000
15185,-93.0189,15.9518,0.0000
15186,-93.0689,15.9518,0.0000
15187,-93.1189,15.9518,0.0000
15188,-93.1689,15.9518,0.0000
15189,-93.2189,15.9518,0.0000
15190,-93.2689,15.9518,0.0000
15191,-93.3189,15.9518,0.0000
15192,-93.3689,15.9518,0.0000
15193,-93.4189,15.9518,0.0000
15194,-93.4689,15.9518,0.0000
15195,-93.5189,15.9518,0.0000
15196,-93.5689,15.9518,0.0000
15197,-93.6189,15.9518,0.0000
15198,-93.6689,15.9518,0.0000
15199,-93.7189,15.9518,0.0000
15200,-93.7689,15.9518,0.0000
15201,-93.8189,15.9518,0.0000
15202,-93.8689,15.9518,0.0000
15203,-93.9189,15.9518,0.0000
15204,-93.9689,15.9518,0.0000
15205,-94.0189,15.9518,0.0000
15206,-94.0689,15.9518,0.0000
15207,-94.1189,15.9518,0.0000
15208,-94.1689,15.9518,0.0000
15209,-94.2189,15.9518,0.0000
15210,-94.2689,15.9518,0.0000
15211,-94.3189,15.9518,0.0000
15212,-94.3689,15.9518,0.0000
15213,-94.4189,15.9518,0.0000
15214,-94.4689,15.9518,0.0000
15215,-94.5189,15.9518,0.0000
15216,-94.5689,15.9518,0.0000
15217,-94.6189,15.9518,0.0000
15218,-94.6689,15.9518,0.0000
15219,-94.7189,15.9518,0.0000
15220,-94.7689,15.9518,0.0000
15221,-94.8189,15.9518,0.0000
15222,-94.8689,15.9518,0.0000
15223,-94.9189,15.9518,0.0000
15224,-94.9689,15.9518,0.0000
15225,-95.0189,15.9518,0.0000
15226,-95.0689,15.9518,0.0000
15227,-95.1189,15.9518,0.0000
15228,-95.1689,15.9518,0.0000
15229,-95.2189,15.9518,0.0000
15230,-95.2689,15.9518,0.0000
15231,-95.3189,15.9518,0.0000
15232,-95.3689,15.9518,0.0000
15233,-95.4189,15.9518,0.0000
15234,-95.4689,15.9518,0.0000
15235,-95.5189,15.9518,0.0000
15236,-95.5689,15.9518,0.0000
15237,-95.6189,15.9518,0.0000
15238,-95.6689,15.9518,0.0000
15239,-95.7189,15.9518,0.0000
15240,-95.7689,15.9518,0.0000
15241,-95.8189,15.9518,0.0000
15242,-95.8689,15.9518,0.0000
15243,-95.9189,15.9518,0.0000
15244,-95.9689,15.9518,0.0000
15245,-96.0189,15.9518,0.0000
15246,-96.0689,15.9518,0.0000
15247,-96.1189,15.9518,0.0000
15248,-96.1689,15.9518,0.0000
15249,-96.2189,15.9518,0.0000
15250,-96.2689,15.9518,0.0000
15251,-96.3189,15.9518,0.0000
15252,-96.3689,15.9518,0.0000
15253,-96.4189,15.9518,0.0000
15254,-96.4689,15.9518,0.0000
15255,-96.5189,15.9518,0.0000
15256,-96.5689,15.9518,0.0000
15257,-96.6189,15.9518,0.0000
15258,-96.6689,15.9518,0.0000
15259,-96.7189,15.9518,0.0000
15260,-96.7689,15.9518,0.0000
15261,-96.8189,15.9518,0.0000
15262,-96.8689,15.9518,0.0000
15263,-96.9189,15.9518,0.0000
15264,-96.9689,15.9518,0.0000
15265,-97.0189,15.9518,0.0000
15266,-97.0689,15.9518,0.0000
15267,-97.1189,15.9518,0.0000
15268,-97.1689,15.9518,0.0000
15269,-97.2189,15.9518,0.0000
15270,-97.2689,15.9518,0.0000
15271,-97.3189,15.9518,0.0000
15272,-97.3689,15.9518,0.0000
15273,-97.4189,15.9518,0.0000
15274,-97.4689,15.9518,0.0000
15275,-97.5189,15.9518,0.0000
15276,-97.5689,15.9518,0.0000
15277,-97.6189,15.9518,0.0000
15278,-97.6689,15.9518,0.0000
15279,-97.7189,15.9518,0.0000
15280,-97.7689,15.9518,0.0000
15281,-97.8189,15.9518,0.0000
15282,-97.8689,15.9518,0.0000
15283,-97.9189,15.9518,0.0000
15284,-97.9689,15.9518,0.0000
15285,-98.0189,15.9518,0.0000
15286,-98.0689,15.9518,0.0000
15287,-98.1189,15.9518,0.0000
15288,-98.1689,15.9518,0.0000
15289,-98.2189,15.9518,0.0000
15290,-98.2689,15.9518,0.0000
15291,-98.3189,15.9518,0.0000
15292,-98.3689,15.9518,0.0000
15293,-98.4189,15.9518,0.0000
15294,-98.4689,15.9518,0.0000
15295,-98.5189,15.9518,0.0000
15296,-98.5689,15.9518,0.0000
15297,-98.6189,15.9518,0.0000
15298,-98.6689,15.9518,0.0000
15299,-98.7189,15.9518,0.0000
15300,-98.7689,15.9518,0.0000
15301,-98.8189,15.9518,0.0000
15302,-98.8689,15.9518,0.0000
15303,-98.9189,15.9518,0.0000
15304,-98.9689,15.9518,0.0000
15305,-99.0189,15.9518,0.0000
15306,-99.0689,15.9518,0.0000
15307,-99.1189,15.9518,0.0000
15308,-99.1689,15.9518,0.0000
15309,-99.2189,15.9518,0.0000
15310,-99.2689,15.9518,0.0000
15311,-99.3189,15.9518,0.0000
15312,-99.3689,15.9518,0.0000
15313,-99.4189,15.9518,0.0000
15314,-99.4689,15.9518,0.0000
15315,-99.5189,15.9518,0.0000
15316,-99.5689,15.9518,0.0000
15317,-99.6189,15.9518,0.0000
15318,-99.6689,15.9518,0.0000
15319,-99.7189,15.9518,0.0000
15320,-99.7689,15.9518,0.0000
15321,-99.8189,15.9518,0.0000
15322,-99.8689,15.9518,0.0000
15323,-99.9189,15.9518,0.0000
15324,-99.9689,15.9518,0.0000
15325,-100.0189,15.9518,0.0000
15326,-100.0689,15.9518,0.0000
15327,-100.1189,15.9518,0.0000
15328,-100.1689,15.9518,0.0000
15329,-100.2189,15.9518,0.0000
15330,-100.2689,15.9518,0.0000
15331,-100.3189,15.9518,0.0000
15332,-100.3689,15.9518,0.0000
15333,-100.4189,15.9518,0.0000
15334,-100.4689,15.9518,0.0000
15335,-100.5189,15.9518,0.0000
15336,-100.5689,15.9518,0.0000
15337,-100.6189,15.9518,0.0000
15338,-100.6689,15.9518,0.0000
15339,-100.7189,15.9518,0.0000
15340,-100.7689,15.9518,0.0000
15341,-100.8189,15.9518,0.0000
15342,-100.8689,15.9518,0.0000
15343,-100.9189,15.9518,0.0000
15344,-100.9689,15.9518,0.0000
15345,-101.0189,15.9518,0.0000
15346,-101.0689,15.9518,0.0000
15347,-101.1189,15.9518,0.0000
15348,-101.1689,15.9518,0.0000
15349,-101.2189,15.9518,0.0000
15350,-101.2689,15.9518,0.0000
15351,-101.3189,15.9518,0.0000
15352,-101.3689,15.9518,0.0000
15353,-101.4189,15.9518,0.0000
15354,-101.4689,15.9518,0.0000
15355,-101.5189,15.9518,0.0000
15356,-101.5689,15.9518,0.0000
15357,-101.6189,15.9518,0.0000
15358,-101.6689,15.9518,0.0000
15359,-101.7189,15.9518,0.0000
15360,-101.7689,15.9518,0.0000
15361,-101.8189,15.9518,0.0000
15362,-101.8689,15.9518,0.0000
15363,-101.9189,15.9518,0.0000
15364,-101.9689,15.9518,0.0000
15365,-102.0189,15.9518,0.0000
15366,-102.0689,15.9518,0.0000
15367,-102.1189,15.9518,0.0000
15368,-102.1689,15.9518,0.0000
15369,-102.2189,15.9518,0.0000
15370,-102.2689,15.9518,0.0000
15371,-102.3189,15.9518,0.0000
15372,-102.3689,15.9518,0.0000
15373,-102.4189,15.9518,0.0000
15374,-102.4689,15.9518,0.0000
15375,-102.5189,15.9518,0.0000
15376,-102.5689,15.9518,0.0000
15377,-102.6189,15.9518,0.0000
15378,-102.6689,15.9518,0.0000
15379,-102.7189,15.9518,0.0000
15380,-102.7689,15.9518,0.0000
15381,-102.8189,15.9518,0.0000
15382,-102.8689,15.9518,0.0000
15383,-102.9189,15.9518,0.0000
15384,-102.9689,15.9518,0.0000
15385,-103.0189,15.9518,0.0000
15386,-103.0689,15.9518,0.0000
15387,-103.1189,15.9518,0.0000
15388,-103.1689,15.9518,0.0000
15389,-103.2189,15.9518,0.0000
15390,-103.2689,15.9518,0.0000
15391,-103.3189,15.9518,0.0000
15392,-103.3689,15.9518,0.0000
15393,-103.4189,15.9518,0.0000
15394,-103.4689,15.9518,0.0000
15395,-103.5189,15.9518,0.0000
15396,-103.5689,15.9518,0.0000
15397,-103.6189,15.9518,0.0000
15398,-103.6689,15.9518,0.0000
15399,-103.7189,15.9518,0.0000
15400,-103.7689,15.9518,0.0000
15401,-103.8189,15.9518,0.0000
15402,-103.8689,15.9518,0.0000
15403,-103.9189,15.9518,0.0000
15404,-103.9689,15.9518,0.0000
15405,-104.0189,15.9518,0.0000
15406,-104.0689,15.9518,0.0000
15407,-104.1189,15.9518,0.0000
15408,-104.1689,15.9518,0.0000
15409,-104.2189,15.9518,0.0000
15410,-104.2689,15.9518,0.0000
15411,-104.3189,15.9518,0.0000
15412,-104.3689,15.9518,0.0000
15413,-104.4189,15.9518,0.0000
15414,-104.4689,15.9518,0.0000
15415,-104.5189,15.9518,0.0000
15416,-104.5689,15.9518,0.0000
15417,-104.6189,15.9518,0.0000
15418,-104.6689,15.9518,0.0000
15419,-104.7189,15.9518,0.0000
15420,-104.7689,15.9518,0.0000
15421,-104.8189,15.9518,0.0000
15422,-104.8689,15.9518,0.0000
15423,-104.9189,15.9518,0.0000
15424,-104.9689,15.9518,0.0000
15425,-105.0189,15.9518,0.0000
15426,-105.0689,15.9518,0.0000
15427,-105.1189,15.9518,0.0000
15428,-105.1689,15.9518,0.0000
15429,-105.2189,15.9518,0.0000
15430,-105.2689,15.9518,0.0000
15431,-105.3189,15.9518,0.0000
15432,-105.3689,15.9518,0.0000
15433,-105.4189,15.9518,0.0000
15434,-105.4689,15.9518,0.0000
15435,-105.5189,15.9518,0.0000
15436,-105.5689,15.9518,0.0000
15437,-105.6189,15.9518,0.0000
15438,-105.6689,15.9518,0.0000
15439,-105.7189,15.9518,0.0000
15440,-105.7689,15.9518,0.0000
15441,-105.8189,15.9518,0.0000
15442,-105.8689,15.9518,0.0000
15443,-105.9189,15.9518,0.0000
15444,-105.9689,15.9518,0.0000
15445,-106.0189,15.9518,0.0000
15446,-106.0689,15.9518,0.0000
15447,-106.1189,15.9518,0.0000
15448,-106.1689,15.9518,0.0000
15449,-106.2189,15.9518,0.0000
15450,-106.2689,15.9518,0.0000
15451,-106.3189,15.9518,0.0000
15452,-106.3689,15.9518,0.0000
15453,-106.4189,15.9518,0.0000
15454,-106.4689,15.9518,0.0000
15455,-106.5189,15.9518,0.0000
15456,-106.5689,15.9518,0.0000
15457,-106.6189,15.9518,0.0000
15458,-106.6689,15.9518,0.0000
15459,-106.7189,15.9518,0.0000
15460,-106.7689,15.9518,0.0000
15461,-106.8189,15.9518,0.0000
15462,-106.8689,15.9518,0.0000
15463,-106.9189,15.9518,0.0000
15464,-106.9689,15.9518,0.0000
15465,-107.0189,15.9518,0.0000
15466,-107.0689,15.9518,0.0000
15467,-107.1189,15.9518,0.0000
15468,-107.1689,15.9518,0.0000
15469,-107.2189,15.9518,0.0000
15470,-107.2689,15.9518,0.0000
15471,-107.3189,15.9518,0.0000
15472,-107.3689,15.9518,0.0000
15473,-107.4189,15.9518,0.0000
15474,-107.4689,15.9518,0.0000
15475,-107.5189,15.9518,0.0000
15476,-107.5689,15.9518,0.0000
15477,-107.6189,15.9518,0.0000
15478,-107.6689,15.9518,0.0000
15479,-107.7189,15.9518,0.0000
15480,-107.7689,15.9518,0.0000
15481,-107.8189,15.9518,0.0000
15482,-107.8689,15.9518,0.0000
15483,-107.9189,15.9518,0.0000
15484,-107.9689,15.9518,0.0000
15485,-108.0189,15.9518,0.0000
15486,-108.0689,15.9518,0.0000
15487,-108.1189,15.9518,0.0000
15488,-108.1689,15.9518,0.0000
15489,-108.2189,15.9518,0.0000
15490,-108.2689,15.9518,0.0000
15491,-108.3189,15.9518,0.0000
15492,-108.3689,15.9518,0.0000
15493,-108.4189,15.9518,0.0000
15494,-108.4689,15.9518,0.0000
15495,-108.5189,15.9518,0.0000
15496,-108.5689,15.9518,0.0000
15497,-108.6189,15.9518,0.0000
15498,-108.6689,15.9518,0.0000
15499,-108.7189,15.9518,0.0000
15500,-108.7689,15.9518,0.0000
15501,-108.8189,15.9518,0.0000
15502,-108.8689,15.9518,0.0000
15503,-108.9189,15.9518,0.0000
15504,-108.9689,15.9518,0.0000
15505,-109.0189,15.9518,0.0000
15506,-109.0689,15.9518,0.0000
15507,-109.1189,15.9518,0.0000
15508,-109.1689,15.9518,0.0000
15509,-109.2189,15.9518,0.0000
15510,-109.2689,15.9518,0.0000
15511,-109.3189,15.9518,0.0000
15512,-109.3689,15.9518,0.0000
15513,-109.4189,15.9518,0.0000
15514,-109.4689,15.9518,0.0000
15515,-109.5189,15.9518,0.0000
15516,-109.5689,15.9518,0.0000
15517,-109.6189,15.9518,0.0000
15518,-109.6689,15.9518,0.0000
15519,-109.7189,15.9518,0.0000
15520,-109.7689,15.9518,0.0000
15521,-109.8189,15.9518,0.0000
15522,-109.8689,15.9518,0.0000
15523,-109.9189,15.9518,0.0000
15524,-109.9689,15.9518,0.0000
15525,-110.0189,15.9518,0.0000
15526,-110.0689,15.9518,0.0000
15527,-110.1189,15.9518,0.0000
15528,-110.1689,15.9518,0.0000
15529,-110.2189,15.9518,0.0000
15530,-110.2689,15.9518,0.0000
15531,-110.3189,15.9518,0.0000
15532,-110.3689,15.9518,0.0000
15533,-110.4189,15.9518,0.0000
15534,-110.4689,15.9518,0.0000
15535,-110.5189,15.9518,0.0000
15536,-110.5689,15.9518,0.0000
15537,-110.6189,15.9518,0.0000
15538,-110.6689,15.9518,0.0000
15539,-110.7189,15.9518,0.0000
15540,-110.7689,15.9518,0.0000
15541,-110.8189,15.9518,0.0000
15542,-110.8689,15.9518,0.0000
15543,-110.9189,15.9518,0.0000
15544,-110.9689,15.9518,0.0000
15545,-111.0189,15.9518,0.0000
15546,-111.0689,15.9518,0.0000
15547,-111.1189,15.9518,0.0000
15548,-111.1689,15.9518,0.0000
15549,-111.2189,15.9518,0.0000
15550,-111.2689,15.9518,0.0000
15551,-111.3189,15.9518,0.0000
15552,-111.3689,15.9518,0.0000
15553,-111.4189,15.9518,0.0000
15554,-111.4689,15.9518,0.0000
15555,-111.5189,15.9518,0.0000
15556,-111.5689,15.9518,0.0000
15557,-111.6189,15.9518,0.0000
15558,-111.6689,15.9518,0.0000
15559,-111.7189,15.9518,0.0000
15560,-111.7689,15.9518,0.0000
15561,-111.8189,15.9518,0.0000
15562,-111.8689,15.9518,0.0000
15563,-111.9189,15.9518,0.0000
15564,-111.9689,15.9518,0.0000
15565,-112.0189,15.9518,0.0000
15566,-112.0689,15.9518,0.0000
15567,-112.1189,15.9518,0.0000
15568,-112.1689,15.9518,0.0000
15569,-112.2189,15.9518,0.0000
15570,-112.2689,15.9518,0.0000
15571,-112.3189,15.9518,0.0000
15572,-112.3689,15.9518,0.0000
15573,-112.4189,15.9518,0.0000
15574,-112.4689,15.9518,0.0000
15575,-112.5189,15.9518,0.0000
15576,-112.5689,15.9518,0.0000
15577,-112.6189,15.9518,0.0000
15578,-112.6689,15.9518,0.0000
15579,-112.7189,15.9518,0.0000
15580,-112.7689,15.9518,0.0000
15581,-112.8189,15.9518,0.0000
15582,-112.8689,15.9518,0.0000
15583,-112.9189,15.9518,0.0000
15584,-112.9689,15.9518,0.0000
15585,-113.0189,15.9518,0.0000
15586,-113.0689,15.9518,0.0000
15587,-113.1189,15.9518,0.0000
15588,-113.1689,15.9518,0.0000
15589,-113.2189,15.9518,0.0000
15590,-113.2689,15.9518,0.0000
15591,-113.3189,15.9518,0.0000
15592,-113.3689,15.9518,0.0000
15593,-113.4189,15.9518,0.0000
15594,-113.4689,15.9518,0.0000
15595,-113.5189,15.9518,0.0000
15596,-113.5689,15.9518,0.0000
15597,-113.6189,15.9518,0.0000
15598,-113.6689,15.9518,0.0000
15599,-113.7189,15.9518,0.0000
15600,-113.7689,15.9518,0.0000
15601,-113.8189,15.9518,0.0000
15602,-113.8689,15.9518,0.0000
15603,-113.9189,15.9518,0.0000
15604,-113.9689,15.9518,0.0000
15605,-114.0189,15.9518,0.0000
15606,-114.0689,15.9518,0.0000
15607,-114.1189,15.9518,0.0000
15608,-114.1689,15.9518,0.0000
15609,-114.2189,15.9518,0.0000
15610,-114.2689,15.9518,0.0000
15611,-114.3189,15.9518,0.0000
15612,-114.3689,15.9518,0.0000
15613,-114.4189,15.9518,0.0000
15614,-114.4689,15.9518,0.0000
15615,-114.5189,15.9518,0.0000
15616,-114.5689,15.9518,0.0000
15617,-114.6189,15.9518,0.0000
15618,-114.6689,15.9518,0.0000
15619,-114.7189,15.9518,0.0000
15620,-114.7689,15.9518,0.0000
15621,-114.8189,15.9518,0.0000
15622,-114.8689,15.9518,0.0000
15623,-114.9189,15.9518,0.0000
15624,-114.9689,15.9518,0.0000
15625,-115.0189,15.9518,0.0000
15626,-115.0689,15.9518,0.0000
15627,-115.1189,15.9518,0.0000
15628,-115.1689,15.9518,0.0000
15629,-115.2189,15.9518,0.0000
15630,-115.2689,15.9518,0.0000
15631,-115.3189,15.9518,0.0000
15632,-115.3689,15.9518,0.0000
15633,-115.4189,15.9518,0.0000
15634,-115.4689,15.9518,0.0000
15635,-115.5189,15.9518,0.0000
15636,-115.5689,15.9518,0.0000
15637,-115.6189,15.9518,0.0000
15638,-115.6689,15.9518,0.0000
15639,-115.7189,15.9518,0.0000
15640,-115.7689,15.9518,0.0000
15641,-115.8189,15.9518,0.0000
15642,-115.8689,15.9518,0.0000
15643,-115.9189,15.9518,0.0000
15644,-115.9689,15.9518,0.0000
15645,-116.0189,15.9518,0.0000
15646,-116.0689,15.9518,0.0000
15647,-116.1189,15.9518,0.0000
15648,-116.1689,15.9518,0.0000
15649,-116.2189,15.9518,0.0000
15650,-116.2689,15.9518,0.0000
15651,-116.3189,15.9518,0.0000
15652,-116.3689,15.9518,0.0000
15653,-116.4189,15.9518,0.0000
15654,-116.4689,15.9518,0.0000
15655,-116.5189,15.9518,0.0000
15656,-116.5689,15.9518,0.0000
15657,-116.6189,15.9518,0.0000
15658,-116.6689,15.9518,0.0000
15659,-116.7189,15.9518,0.0000
15660,-116.7689,15.9518,0.0000
15661,-116.8189,15.9518,0.0000
15662,-116.8689,15.9518,0.0000
15663,-116.9189,15.9518,0.0000
15664,-116.9689,15.9518,0.0000
15665,-117.0189,15.9518,0.0000
15666,-117.0689,15.9518,0.0000
15667,-117.1189,15.9518,0.0000
15668,-117.1689,15.9518,0.0000
15669,-117.2189,15.9518,0.0000
15670,-117.2689,15.9518,0.0000
15671,-117.3189,15.9518,0.0000
15672,-117.3689,15.9518,0.0000
15673,-117.4189,15.9518,0.0000
15674,-117.4689,15.9518,0.0000
15675,-117.5189,15.9518,0.0000
15676,-117.5689,15.9518,0.0000
15677,-117.6189,15.9518,0.0000
15678,-117.6689,15.9518,0.0000
15679,-117.7189,15.9518,0.0000
15680,-117.7689,15.9518,0.0000
15681,-117.8189,15.9518,0.0000
15682,-117.8689,15.9518,0.0000
15683,-117.9189,15.9518,0.0000
15684,-117.9689,15.9518,0.0000
15685,-118.0189,15.9518,0.0000
15686,-118.0689,15.9518,0.0000
15687,-118.1189,15.9518,0.0000
15688,-118.1689,15.9518,0.0000
15689,-118.2189,15.9518,0.0000
15690,-118.2689,15.9518,0.0000
15691,-118.3189,15.9518,0.0000
15692,-118.3689,15.9518,0.0000
15693,-118.4189,15.9518,0.0000
15694,-118.4689,15.9518,0.0000
15695,-118.5189,15.9518,0.0000
15696,-118.5689,15.9518,0.0000
15697,-118.6189,15.9518,0.0000
15698,-118.6689,15.9518,0.0000
15699,-118.7189,15.9518,0.0000
15700,-118.7689,15.9518,0.0000
15701,-118.8189,15.9518,0.0000
15702,-118.8689,15.9518,0.0000
15703,-118.9189,15.9518,0.0000
15704,-118.9689,15.9518,0.0000
15705,-119.0189,15.9518,0.0000
15706,-119.0689,15.9518,0.0000
15707,-119.1189,15.9518,0.0000
15708,-119.1689,15.9518,0.0000
15709,-119.2189,15.9518,0.0000
15710,-119.2689,15.9518,0.0000
15711,-119.3189,15.9518,0.0000
15712,-119.3689,15.9518,0.0000
15713,-119.4189,15.9518,0.0000
15714,-119.4689,15.9518,0.0000
15715,-119.5189,15.9518,0.0000
15716,-119.5689,15.9518,0.0000
15717,-119.6189,15.9518,0.0000
15718,-119.6689,15.9518,0.0000
15719,-119.7189,15.9518,0.0000
15720,-119.7689,15.9518,0.0000
15721,-119.8189,15.9518,0.0000
15722,-119.8689,15.9518,0.0000
15723,-119.9189,15.9518,0.0000
15724,-119.9689,15.9518,0.0000
15725,-120.0189,15.9518,0.0000
15726,-120.0689,15.9518,0.0000
15727,-120.1189,15.9518,0.0000
15728,-120.1689,15.9518,0.0000
15729,-120.2189,15.9518,0.0000
15730,-120.2689,15.9518,0.0000
15731,-120.3189,15.9518,0.0000
15732,-120.3689,15.9518,0.0000
15733,-120.4189,15.9518,0.0000
15734,-120.4689,15.9518,0.0000
15735,-120.5189,15.9518,0.0000
15736,-120.5689,15.9518,0.0000
15737,-120.6189,15.9518,0.0000
15738,-120.6689,15.9518,0.0000
15739,-120.7189,15.9518,0.0000
15740,-120.7689,15.9518,0.0000
15741,-120.8189,15.9518,0.0000
15742,-120.8689,15.9518,0.0000
15743,-120.9189,15.9518,0.0000
15744,-120.9689,15.9518,0.0000
15745,-121.0189,15.9518,0.0000
15746,-121.0689,15.9518,0.0000
15747,-121.1189,15.9518,0.0000
15748,-121.1689,15.9518,0.0000
15749,-121.2189,15.9518,0.0000
15750,-121.2689,15.9518,0.0000
15751,-121.3189,15.9518,0.0000
15752,-121.3689,15.9518,0.0000
15753,-121.4189,15.9518,0.0000
15754,-121.4689,15.9518,0.0000
15755,-121.5189,15.9518,0.0000
15756,-121.5689,15.9518,0.0000
15757,-121.6189,15.9518,0.0000
15758,-121.6689,15.9518,0.0000
15759,-121.7189,15.9518,0.0000
15760,-121.7689,15.9518,0.0000
15761,-121.8189,15.9518,0.0000
15762,-121.8689,15.9518,0.0000
15763,-121.9189,15.9518,0.0000
15764,-121.9689,15.9518,0.0000
15765,-122.0189,15.9518,0.0000
15766,-122.0689,15.9518,0.0000
15767,-122.1189,15.9518,0.0000
15768,-122.1689,15.9518,0.0000
15769,-122.2189,15.9518,0.0000
15770,-122.2689,15.9518,0.0000
15771,-122.3189,15.9518,0.0000
15772,-122.3689,15.9518,0.0000
15773,-122.4189,15.9518,0.0000
15774,-122.4689,15.9518,0.0000
15775,-122.5189,15.9518,0.0000
15776,-122.5689,15.9518,0.0000
15777,-122.6189,15.9518,0.0000
15778,-122.6689,15.9518,0.0000
15779,-122.7189,15.9518,0.0000
15780,-122.7689,15.9518,0.0000
15781,-122.8189,15.9518,0.0000
15782,-122.8689,15.9518,0.0000
15783,-122.9189,15.9518,0.0000
15784,-122.9689,15.9518,0.0000
15785,-123.0189,15.9518,0.0000
15786,-123.0689,15.9518,0.0000
15787,-123.1189,15.9518,0.0000
15788,-123.1689,15.9518,0.0000
15789,-123.2189,15.9518,0.0000
15790,-123.2689,15.9518,0.0000
15791,-123.3189,15.9518,0.0000
15792,-123.3689,15.9518,0.0000
15793,-123.4189,15.9518,0.0000
15794,-123.4689,15.9518,0.0000
15795,-123.5189,15.9518,0.0000
15796,-123.5689,15.9518,0.0000
15797,-123.6189,15.9518,0.0000
15798,-123.6689,15.9518,0.0000
15799,-123.7189,15.9518,0.0000
15800,-123.7689,15.9518,0.0000
15801,-123.8189,15.9518,0.0000
15802,-123.8689,15.9518,0.0000
15803,-123.9189,15.9518,0.0000
15804,-123.9689,15.9518,0.0000
15805,-124.0189,15.9518,0.0000
15806,-124.0689,15.9518,0.0000
15807,-124.1189,15.9518,0.0000
15808,-124.1689,15.9518,0.0000
15809,-124.2189,15.9518,0.0000
15810,-124.2689,15.9518,0.0000
15811,-124.3189,15.9518,0.0000
15812,-124.3689,15.9518,0.0000
15813,-124.4189,15.9518,0.0000
15814,-124.4689,15.9518,0.0000
15815,-124.5189,15.9518,0.0000
15816,-124.5689,15.9518,0.0000
15817,-124.6189,15.9518,0.0000
15818,-124.6689,15.9518,0.0000
15819,-124.7189,15.9518,0.0000
15820,-124.7689,15.9518,0.0000
15821,-124.8189,15.9518,0.0000
15822,-124.8689,15.9518,0.0000
15823,-124.9189,15.9518,0.0000
15824,-124.9689,15.9518,0.0000
15825,-125.0189,15.9518,0.0000
15826,-125.0689,15.9518,0.0000
15827,-125.1189,15.9518,0.0000
15828,-125.1689,15.9518,0.0000
15829,-125.2189,15.9518,0.0000
15830,-125.2689,15.9518,0.0000
15831,-125.3189,15.9518,0.0000
15832,-125.3689,15.9518,0.0000
15833,-125.4189,15.9518,0.0000
15834,-125.4689,15.9518,0.0000
15835,-125.5189,15.9518,0.0000
15836,-125.5689,15.9518,0.0000
15837,-125.6189,15.9518,0.0000
15838,-125.6689,15.9518,0.0000
15839,-125.7189,15.9518,0.0000
15840,-125.7689,15.9518,0.0000
15841,-125.8189,15.9518,0.0000
15842,-125.8689,15.9518,0.0000
15843,-125.9189,15.9518,0.0000
15844,-125.9689,15.9518,0.0000
15845,-126.0189,15.9518,0.0000
15846,-126.0689,15.9518,0.0000
15847,-126.1189,15.9518,0.0000
15848,-126.1689,15.9518,0.0000
15849,-126.2189,15.9518,0.0000
15850,-126.2689,15.9518,0.0000
15851,-126.3189,15.9518,0.0000
15852,-126.3689,15.9518,0.0000
15853,-126.4189,15.9518,0.0000
15854,-126.4689,15.9518,0.0000
15855,-126.5189,15.9518,0.0000
15856,-126.5689,15.9518,0.0000
15857,-126.6189,15.9518,0.0000
15858,-126.6689,15.9518,0.0000
15859,-126.7189,15.9518,0.0000
15860,-126.7689,15.9518,0.0000
15861,-126.8189,15.9518,0.0000
15862,-126.8689,15.9518,0.0000
15863,-126.9189,15.9518,0.0000
15864,-126.9689,15.9518,0.0000
15865,-127.0189,15.9518,0.0000
15866,-127.0689,15.9518,0.0000
15867,-127.1189,15.9518,0.0000
15868,-127.1689,15.9518,0.0000
15869,-127.2189,15.9518,0.0000
15870,-127.2689,15.9518,0.0000
15871,-127.3189,15.9518,0.0000
15872,-127.3689,15.9518,0.0000
15873,-127.4189,15.9518,0.0000
15874,-127.4689,15.9518,0.0000
15875,-127.5189,15.9518,0.0000
15876,-127.5689,15.9518,0.0000
15877,-127.6189,15.9518,0.0000
15878,-127.6689,15.9518,0.0000
15879,-127.7189,15.9518,0.0000
15880,-127.7689,15.9518,0.0000
15881,-127.8189,15.9518,0.0000
15882,-127.8689,15.9518,0.0000
15883,-127.9189,15.9518,0.0000
15884,-127.9689,15.9518,0.0000
15885,-128.0189,15.9518,0.0000
15886,-128.0689,15.9518,0.0000
15887,-128.1189,15.9518,0.0000
15888,-128.1689,15.9518,0.0000
15889,-128.2189,15.9518,0.0000
15890,-128.2689,15.9518,0.0000
15891,-128.3189,15.9518,0.0000
15892,-128.3689,15.9518,0.0000
15893,-128.4189,15.9518,0.0000
15894,-128.4689,15.9518,0.0000
15895,-128.5189,15.9518,0.0000
15896,-128.5689,15.9518,0.0000
15897,-128.6189,15.9518,0.0000
15898,-128.6689,15.9518,0.0000
15899,-128.7189,15.9518,0.0000
15900,-128.7689,15.9518,0.0000
15901,-128.8189,15.9518,0.0000
15902,-128.8689,15.9518,0.0000
15903,-128.9189,15.9518,0.0000
15904,-128.9689,15.9518,0.0000
15905,-129.0189,15.9518,0.0000
15906,-129.0689,15.9518,0.0000
15907,-129.1189,15.9518,0.0000
15908,-129.1689,15.9518,0.0000
15909,-129.2189,15.9518,0.0000
15910,-129.2689,15.9518,0.0000
15911,-129.3189,15.9518,0.0000
15912,-129.3689,15.9518,0.0000
15913,-129.4189,15.9518,0.0000
15914,-129.4689,15.9518,0.0000
15915,-129.5189,15.9518,0.0000
15916,-129.5689,15.9518,0.0000
15917,-129.6189,15.9518,0.0000
15918,-129.6689,15.9518,0.0000
15919,-129.7189,15.9518,0.0000
15920,-129.7689,15.9518,0.0000
15921,-129.8189,15.9518,0.0000
15922,-129.8689,15.9518,0.0000
15923,-129.9189,15.9518,0.0000
15924,-129.9689,15.9518,0.0000
15925,-130.0189,15.9518,0.0000
15926,-130.0689,15.9518,0.0000
15927,-130.1189,15.9518,0.0000
15928,-130.1689,15.9518,0.0000
15929,-130.2189,15.9518,0.0000
15930,-130.2689,15.9518,0.0000
15931,-130.3189,15.9518,0.0000
15932,-130.3689,15.9518,0.0000
15933,-130.4189,15.9518,0.0000
15934,-130.4689,15.9518,0.0000
15935,-130.5189,15.9518,0.0000
15936,-130.5689,15.9518,0.0000
15937,-130.6189,15.9518,0.0000
15938,-130.6689,15.9518,0.0000
15939,-130.7503,15.9518,0.0000
15940,-130.7298,15.9062,0.0000
15941,-130.7093,15.8607,0.0000
15942,-130.6887,15.8151,0.0000
15943,-130.6682,15.7695,0.0000
15944,-130.6477,15.7239,0.0000
15945,-130.6271,15.6783,0.0000
15946,-130.6066,15.6327,0.0000
15947,-130.5861,15.5871,0.0000
15948,-130.5655,15.5415,0.0000
15949,-130.5450,15.4959,0.0000
15950,-130.5245,15.4503,0.0000
15951,-130.5040,15.4047,0.0000
15952,-130.4834,15.3592,0.0000
15953,-130.4629,15.3136,0.0000
15954,-130.4424,15.2680,0.0000
15955,-130.4218,15.2224,0.0000
15956,-130.4013,15.1768,0.0000
15957,-130.3808,15.1312,0.0000
15958,-130.3602,15.0856,0.0000
15959,-130.3397,15.0400,0.0000
15960,-130.3192,14.9944,0.0000
15961,-130.2986,14.9488,0.0000
15962,-130.2781,14.9033,0.0000
15963,-130.2576,14.8577,0.0000
15964,-130.2370,14.8121,0.0000
15965,-130.2165,14.7665,0.0000
15966,-130.1960,14.7209,0.0000
15967,-130.1755,14.6753,0.0000
15968,-130.1549,14.6297,0.0000
15969,-130.1344,14.5841,0.0000
15970,-130.1139,14.5385,0.0000
15971,-130.0933,14.4929,0.0000
15972,-130.0728,14.4474,0.0000
15973,-130.0523,14.4018,0.0000
15974,-130.0317,14.3562,0.0000
15975,-130.0112,14.3106,0.0000
15976,-129.9907,14.2650,0.0000
15977,-129.9701,14.2194,0.0000
15978,-129.9496,14.1738,0.0000
15979,-129.9291,14.1282,0.0000
15980,-129.9085,14.0826,0.0000
15981,-129.8880,14.0370,0.0000
15982,-129.8675,13.9915,0.0000
15983,-129.8470,13.9459,0.0000
15984,-129.8264,13.9003,0.0000
15985,-129.8059,13.8547,0.0000
15986,-129.7854,13.8091,0.0000
15987,-129.7648,13.7635,0.0000
15988,-129.7443,13.7179,0.0000
15989,-129.7238,13.6723,0.0000
15990,-129.7032,13.6267,0.0000
15991,-129.6827,13.5811,0.0000
15992,-129.6622,13.5356,0.0000
15993,-129.6416,13.4900,0.0000
15994,-129.6211,13.4444,0.0000
15995,-129.6006,13.3988,0.0000
15996,-129.5800,13.3532,0.0000
15997,-129.5595,13.3076,0.0000
15998,-129.5390,13.2620,0.0000
15999,-129.5185,13.2164,0.0000
16000,-129.4979,13.1708,0.0000
16001,-129.4774,13.1252,0.0000
16002,-129.4569,13.0796,0.0000
16003,-129.4363,13.0341,0.0000
16004,-129.4158,12.9885,0.0000
16005,-129.3953,12.9429,0.0000
16006,-129.3747,12.8973,0.0000
16007,-129.3542,12.8517,0.0000
16008,-129.3337,12.8061,0.0000
16009,-129.3131,12.7605,0.0000
16010,-129.2926,12.7149,0.0000
16011,-129.2721,12.6693,0.0000
16012,-129.2515,12.6237,0.0000
16013,-129.2310,12.5782,0.0000
16014,-129.2105,12.5326,0.0000
16015,-129.1900,12.4870,0.0000
16016,-129.1694,12.4414,0.0000
16017,-129.1489,12.3958,0.0000
16018,-129.1284,12.3502,0.0000
16019,-129.1078,12.3046,0.0000
16020,-129.0873,12.2590,0.0000
16021,-129.0668,12.2134,0.0000
16022,-129.0462,12.1678,0.0000
16023,-129.0257,12.1223,0.0000
16024,-129.0052,12.0767,0.0000
16025,-128.9846,12.0311,0.0000
16026,-128.9641,11.9855,0.0000
16027,-128.9436,11.9399,0.0000
16028,-128.9230,11.8943,0.0000
16029,-128.9025,11.8487,0.0000
16030,-128.8820,11.8031,0.0000
16031,-128.8615,11.7575,0.0000
16032,-128.8409,11.7119,0.0000
16033,-128.8204,11.6664,0.0000
16034,-128.7999,11.6208,0.0000
16035,-128.7793,11.5752,0.0000
16036,-128.7588,11.5296,0.0000
16037,-128.7383,11.4840,0.0000
16038,-128.7177,11.4384,0.0000
16039,-128.6972,11.3928,0.0000
16040,-128.6767,11.3472,0.0000
16041,-128.6561,11.3016,0.0000
16042,-128.6356,11.2560,0.0000
16043,-128.6151,11.2104,0.0000
16044,-128.5945,11.1649,0.0000
16045,-128.5740,11.1193,0.0000
16046,-128.5535,11.0737,0.0000
16047,-128.5330,11.0281,0.0000
16048,-128.5124,10.9825,0.0000
16049,-128.4919,10.9369,0.0000
16050,-128.4714,10.8913,0.0000
16051,-128.4508,10.8457,0.0000
16052,-128.4303,10.8001,0.0000
16053,-128.4098,10.7545,0.0000
16054,-128.3892,10.7090,0.0000
16055,-128.3687,10.6634,0.0000
16056,-128.3482,10.6178,0.0000
16057,-128.3276,10.5722,0.0000
16058,-128.3071,10.5266,0.0000
16059,-128.2866,10.4810,0.0000
16060,-128.2660,10.4354,0.0000
16061,-128.2455,10.3898,0.0000
16062,-128.2250,10.3442,0.0000
16063,-128.2045,10.2986,0.0000
16064,-128.1839,10.2531,0.0000
16065,-128.1634,10.2075,0.0000
16066,-128.1429,10.1619,0.0000
16067,-128.1223,10.1163,0.0000
16068,-128.1018,10.0707,0.0000
16069,-128.0813,10.0251,0.0000
16070,-128.0607,9.9795,0.0000
16071,-128.0402,9.9339,0.0000
16072,-128.0197,9.8883,0.0000
16073,-127.9991,9.8427,0.0000
16074,-127.9786,9.7972,0.0000
16075,-127.9581,9.7516,0.0000
16076,-127.9375,9.7060,0.0000
16077,-127.9170,9.6604,0.0000
16078,-127.8965,9.6148,0.0000
16079,-127.8760,9.5692,0.0000
16080,-127.8554,9.5236,0.0000
16081,-127.8349,9.4780,0.0000
16082,-127.8144,9.4324,0.0000
16083,-127.7938,9.3868,0.0000
16084,-127.7733,9.3412,0.0000
16085,-127.7528,9.2957,0.0000
16086,-127.7322,9.2501,0.0000
16087,-127.7117,9.2045,0.0000
16088,-127.6912,9.1589,0.0000
16089,-127.6706,9.1133,0.0000
16090,-127.6501,9.0677,0.0000
16091,-127.6296,9.0221,0.0000
16092,-127.6090,8.9765,0.0000
16093,-127.5885,8.9309,0.0000
16094,-127.5680,8.8853,0.0000
16095,-127.5475,8.8398,0.0000
16096,-127.5269,8.7942,0.0000
16097,-127.5064,8.7486,0.0000
16098,-127.4859,8.7030,0.0000
16099,-127.4653,8.6574,0.0000
16100,-127.4448,8.6118,0.0000
16101,-127.4243,8.5662,0.0000
16102,-127.4037,8.5206,0.0000
16103,-127.3832,8.4750,0.0000
16104,-127.3627,8.4294,0.0000
16105,-127.3421,8.3839,0.0000
16106,-127.3216,8.3383,0.0000
16107,-127.3011,8.2927,0.0000
16108,-127.2805,8.2471,0.0000
16109,-127.2600,8.2015,0.0000
16110,-127.2395,8.1559,0.0000
16111,-127.2190,8.1103,0.0000
16112,-127.1984,8.0647,0.0000
16113,-127.1779,8.0191,0.0000
16114,-127.1574,7.9735,0.0000
16115,-127.1368,7.9280,0.0000
16116,-127.1163,7.8824,0.0000
16117,-127.0958,7.8368,0.0000
16118,-127.0752,7.7912,0.0000
16119,-127.0547,7.7456,0.0000
16120,-127.0342,7.7000,0.0000
16121,-127.0136,7.6544,0.0000
16122,-126.9931,7.6088,0.0000
16123,-126.9726,7.5632,0.0000
16124,-126.9521,7.5176,0.0000
16125,-126.9315,7.4720,0.0000
16126,-126.9110,7.4265,0.0000
16127,-126.8905,7.3809,0.0000
16128,-126.8699,7.3353,0.0000
16129,-126.8494,7.2897,0.0000
16130,-126.8289,7.2441,0.0000
16131,-126.8083,7.1985,0.0000
16132,-126.7878,7.1529,0.0000
16133,-126.7673,7.1073,0.0000
16134,-126.7467,7.0617,0.0000
16135,-126.7262,7.0161,0.0000
16136,-126.7057,6.9706,0.0000
16137,-126.6851,6.9250,0.0000
16138,-126.6646,6.8794,0.0000
16139,-126.6441,6.8338,0.0000
16140,-126.6236,6.7882,0.0000
16141,-126.6030,6.7426,0.0000
16142,-126.5825,6.6970,0.0000
16143,-126.5620,6.6514,0.0000
16144,-126.5414,6.6058,0.0000
16145,-126.5209,6.5602,0.0000
16146,-126.5004,6.5147,0.0000
16147,-126.4798,6.4691,0.0000
16148,-126.4593,6.4235,0.0000
16149,-126.4388,6.3779,0.0000
16150,-126.4182,6.3323,0.0000
16151,-126.3977,6.2867,0.0000
16152,-126.3772,6.2411,0.0000
16153,-126.3566,6.1955,0.0000
16154,-126.3361,6.1499,0.0000
16155,-126.3156,6.1043,0.0000
16156,-126.2951,6.0588,0.0000
16157,-126.2745,6.0132,0.0000
16158,-126.2540,5.9676,0.0000
16159,-126.2335,5.9220,0.0000
16160,-126.2129,5.8764,0.0000
16161,-126.1924,5.8308,0.0000
16162,-126.1719,5.7852,0.0000
16163,-126.1513,5.7396,0.0000
16164,-126.1308,5.6940,0.0000
16165,-126.1103,5.6484,0.0000
16166,-126.0897,5.6028,0.0000
16167,-126.0692,5.5573,0.0000
16168,-126.0487,5.5117,0.0000
16169,-126.0281,5.4661,0.0000
16170,-126.0076,5.4205,0.0000
16171,-125.9871,5.3749,0.0000
16172,-125.9666,5.3293,0.0000
16173,-125.9460,5.2837,0.0000
16174,-125.9255,5.2381,0.0000
16175,-125.9050,5.1925,0.0000
16176,-125.8844,5.1469,0.0000
16177,-125.8639,5.1014,0.0000
16178,-125.8434,5.0558,0.0000
16179,-125.8228,5.0102,0.0000
16180,-125.8023,4.9646,0.0000
16181,-125.7818,4.9190,0.0000
16182,-125.7612,4.8734,0.0000
16183,-125.7407,4.8278,0.0000
16184,-125.7202,4.7822,0.0000
16185,-125.6996,4.7366,0.0000
16186,-125.6791,4.6910,0.0000
16187,-125.6586,4.6455,0.0000
16188,-125.6381,4.5999,0.0000
16189,-125.6175,4.5543,0.0000
16190,-125.5970,4.5087,0.0000
16191,-125.5765,4.4631,0.0000
16192,-125.5559,4.4175,0.0000
16193,-125.5354,4.3719,0.0000
16194,-125.5149,4.3263,0.0000
16195,-125.4943,4.2807,0.0000
16196,-125.4738,4.2351,0.0000
16197,-125.4533,4.1896,0.0000
16198,-125.4327,4.1440,0.0000
16199,-125.4122,4.0984,0.0000
16200,-125.3917,4.0528,0.0000
16201,-125.3711,4.0072,0.0000
16202,-125.3506,3.9616,0.0000
16203,-125.3301,3.9160,0.0000
16204,-125.3096,3.8704,0.0000
16205,-125.2890,3.8248,0.0000
16206,-125.2685,3.7792,0.0000
16207,-125.2480,3.7337,0.0000
16208,-125.2274,3.6881,0.0000
16209,-125.2069,3.6425,0.0000
16210,-125.1864,3.5969,0.0000
16211,-125.1658,3.5513,0.0000
16212,-125.1453,3.5057,0.0000
16213,-125.1248,3.4601,0.0000
16214,-125.1042,3.4145,0.0000
16215,-125.0837,3.3689,0.0000
16216,-125.0632,3.3233,0.0000
16217,-125.0426,3.2777,0.0000
16218,-125.0221,3.2322,0.0000
16219,-125.0016,3.1866,0.0000
16220,-124.9811,3.1410,0.0000
16221,-124.9605,3.0954,0.0000
16222,-124.9400,3.0498,0.0000
16223,-124.9195,3.0042,0.0000
16224,-124.8989,2.9586,0.0000
16225,-124.8784,2.9130,0.0000
16226,-124.8579,2.8674,0.0000
16227,-124.8373,2.8218,0.0000
16228,-124.8168,2.7763,0.0000
16229,-124.7963,2.7307,0.0000
16230,-124.7757,2.6851,0.0000
16231,-124.7552,2.6395,0.0000
16232,-124.7347,2.5939,0.0000
16233,-124.7141,2.5483,0.0000
16234,-124.6936,2.5027,0.0000
16235,-124.6731,2.4571,0.0000
16236,-124.6526,2.4115,0.0000
16237,-124.6320,2.3659,0.0000
16238,-124.6115,2.3204,0.0000
16239,-124.5910,2.2748,0.0000
16240,-124.5704,2.2292,0.0000
16241,-124.5499,2.1836,0.0000
16242,-124.5294,2.1380,0.0000
16243,-124.5088,2.0924,0.0000
16244,-124.4883,2.0468,0.0000
16245,-124.4678,2.0012,0.0000
16246,-124.4472,1.9556,0.0000
16247,-124.4267,1.9100,0.0000
16248,-124.4062,1.8645,0.0000
16249,-124.3856,1.8189,0.0000
16250,-124.3651,1.7733,0.0000
16251,-124.3446,1.7277,0.0000
16252,-124.3241,1.6821,0.0000
16253,-124.3035,1.6365,0.0000
16254,-124.2830,1.5909,0.0000
16255,-124.2625,1.5453,0.0000
16256,-124.2419,1.4997,0.0000
16257,-124.2214,1.4541,0.0000
16258,-124.2009,1.4085,0.0000
16259,-124.1803,1.3630,0.0000
16260,-124.1598,1.3174,0.0000
16261,-124.1393,1.2718,0.0000
16262,-124.1187,1.2262,0.0000
16263,-124.0982,1.1806,0.0000
16264,-124.0777,1.1350,0.0000
16265,-124.0571,1.0894,0.0000
16266,-124.0366,1.0438,0.0000
16267,-124.0161,0.9982,0.0000
16268,-123.9956,0.9526,0.0000
16269,-123.9750,0.9071,0.0000
16270,-123.9545,0.8615,0.0000
16271,-123.9340,0.8159,0.0000
16272,-123.9134,0.7703,0.0000
16273,-123.8929,0.7247,0.0000
16274,-123.8724,0.6791,0.0000
16275,-123.8518,0.6335,0.0000
16276,-123.8313,0.5879,0.0000
16277,-123.8108,0.5423,0.0000
16278,-123.7902,0.4967,0.0000
16279,-123.7697,0.4512,0.0000
16280,-123.7492,0.4056,0.0000
16281,-123.7286,0.3600,0.0000
16282,-123.7081,0.3144,0.0000
16283,-123.6876,0.2688,0.0000
16284,-123.6671,0.2232,0.0000
16285,-123.6465,0.1776,0.0000
16286,-123.6260,0.1320,0.0000
16287,-123.6055,0.0864,0.0000
16288,-123.5849,0.0408,0.0000
16289,-123.5644,-0.0047,0.0000
16290,-123.5439,-0.0503,0.0000
16291,-123.5233,-0.0959,0.0000
16292,-123.5028,-0.1415,0.0000
16293,-123.4823,-0.1871,0.0000
16294,-123.4617,-0.2327,0.0000
16295,-123.4412,-0.2783,0.0000
16296,-123.4207,-0.3239,0.0000
16297,-123.4001,-0.3695,0.0000
16298,-123.3796,-0.4151,0.0000
16299,-123.3591,-0.4607,0.0000
16300,-123.3386,-0.5062,0.0000
16301,-123.3180,-0.5518,0.0000
16302,-123.2975,-0.5974,0.0000
16303,-123.2770,-0.6430,0.0000
16304,-123.2564,-0.6886,0.0000
16305,-123.2359,-0.7342,0.0000
16306,-123.2154,-0.7798,0.0000
16307,-123.1948,-0.8254,0.0000
16308,-123.1743,-0.8710,0.0000
16309,-123.1538,-0.9166,0.0000
16310,-123.1332,-0.9621,0.0000
16311,-123.1127,-1.0077,0.0000
16312,-123.0922,-1.0533,0.0000
16313,-123.0717,-1.0989,0.0000
16314,-123.0511,-1.1445,0.0000
16315,-123.0306,-1.1901,0.0000
16316,-123.0101,-1.2357,0.0000
16317,-122.9895,-1.2813,0.0000
16318,-122.9690,-1.3269,0.0000
16319,-122.9485,-1.3725,0.0000
16320,-122.9279,-1.4180,0.0000
16321,-122.9074,-1.4636,0.0000
16322,-122.8869,-1.5092,0.0000
16323,-122.8663,-1.5548,0.0000
16324,-122.8458,-1.6004,0.0000
16325,-122.8253,-1.6460,0.0000
16326,-122.8047,-1.6916,0.0000
16327,-122.7842,-1.7372,0.0000
16328,-122.7637,-1.7828,0.0000
16329,-122.7432,-1.8284,0.0000
16330,-122.7226,-1.8739,0.0000
16331,-122.7021,-1.9195,0.0000
16332,-122.6816,-1.9651,0.0000
16333,-122.6610,-2.0107,0.0000
16334,-122.6405,-2.0563,0.0000
16335,-122.6200,-2.1019,0.0000
16336,-122.5994,-2.1475,0.0000
16337,-122.5789,-2.1931,0.0000
16338,-122.5584,-2.2387,0.0000
16339,-122.5378,-2.2843,0.0000
16340,-122.5173,-2.3299,0.0000
16341,-122.4968,-2.3754,0.0000
16342,-122.4762,-2.4210,0.0000
16343,-122.4557,-2.4666,0.0000
16344,-122.4352,-2.5122,0.0000
16345,-122.4147,-2.5578,0.0000
16346,-122.3941,-2.6034,0.0000
16347,-122.3736,-2.6490,0.0000
16348,-122.3531,-2.6946,0.0000
16349,-122.3325,-2.7402,0.0000
16350,-122.3120,-2.7858,0.0000
16351,-122.2915,-2.8313,0.0000
16352,-122.2709,-2.8769,0.0000
16353,-122.2504,-2.9225,0.0000
16354,-122.2299,-2.9681,0.0000
16355,-122.2093,-3.0137,0.0000
16356,-122.1888,-3.0593,0.0000
16357,-122.1683,-3.1049,0.0000
16358,-122.1477,-3.1505,0.0000
16359,-122.1272,-3.1961,0.0000
16360,-122.1067,-3.2417,0.0000
16361,-122.0862,-3.2872,0.0000
16362,-122.0656,-3.3328,0.0000
16363,-122.0451,-3.3784,0.0000
16364,-122.0246,-3.4240,0.0000
16365,-122.0040,-3.4696,0.0000
16366,-121.9835,-3.5152,0.0000
16367,-121.9630,-3.5608,0.0000
16368,-121.9424,-3.6064,0.0000
16369,-121.9219,-3.6520,0.0000
16370,-121.9014,-3.6976,0.0000
16371,-121.8808,-3.7431,0.0000
16372,-121.8603,-3.7887,0.0000
16373,-121.8398,-3.8343,0.0000
16374,-121.8192,-3.8799,0.0000
16375,-121.7987,-3.9255,0.0000
16376,-121.7782,-3.9711,0.0000
16377,-121.7577,-4.0167,0.0000
16378,-121.7371,-4.0623,0.0000
16379,-121.7166,-4.1079,0.0000
16380,-121.6961,-4.1535,0.0000
16381,-121.6755,-4.1990,0.0000
16382,-121.6550,-4.2446,0.0000
16383,-121.6345,-4.2902,0.0000
16384,-121.6139,-4.3358,0.0000
16385,-121.5934,-4.3814,0.0000
16386,-121.5729,-4.4270,0.0000
16387,-121.5523,-4.4726,0.0000
16388,-121.5318,-4.5182,0.0000
16389,-121.5113,-4.5638,0.0000
16390,-121.4907,-4.6094,0.0000
16391,-121.4702,-4.6550,0.0000
16392,-121.4497,-4.7005,0.0000
16393,-121.4292,-4.7461,0.0000
16394,-121.4086,-4.7917,0.0000
16395,-121.3881,-4.8373,0.0000
16396,-121.3676,-4.8829,0.0000
16397,-121.3470,-4.9285,0.0000
16398,-121.3265,-4.9741,0.0000
16399,-121.3060,-5.0197,0.0000
16400,-121.2854,-5.0653,0.0000
16401,-121.2649,-5.1109,0.0000
16402,-121.2444,-5.1564,0.0000
16403,-121.2238,-5.2020,0.0000
16404,-121.2033,-5.2476,0.0000
16405,-121.1828,-5.2932,0.0000
16406,-121.1622,-5.3388,0.0000
16407,-121.1417,-5.3844,0.0000
16408,-121.1212,-5.4300,0.0000
16409,-121.1007,-5.4756,0.0000
16410,-121.0801,-5.5212,0.0000
16411,-121.0596,-5.5668,0.0000
16412,-121.0391,-5.6123,0.0000
16413,-121.0185,-5.6579,0.0000
16414,-120.9980,-5.7035,0.0000
16415,-120.9775,-5.7491,0.0000
16416,-120.9569,-5.7947,0.0000
16417,-120.9364,-5.8403,0.0000
16418,-120.9159,-5.8859,0.0000
16419,-120.8953,-5.9315,0.0000
16420,-120.8748,-5.9771,0.0000
16421,-120.8543,-6.0227,0.0000
16422,-120.8337,-6.0682,0.0000
16423,-120.8132,-6.1138,0.0000
16424,-120.7927,-6.1594,0.0000
16425,-120.7722,-6.2050,0.0000
16426,-120.7516,-6.2506,0.0000
16427,-120.7311,-6.2962,0.0000
16428,-120.7106,-6.3418,0.0000
16429,-120.6900,-6.3874,0.0000
16430,-120.6695,-6.4330,0.0000
16431,-120.6490,-6.4786,0.0000
16432,-120.6284,-6.5242,0.0000
16433,-120.6079,-6.5697,0.0000
16434,-120.5874,-6.6153,0.0000
16435,-120.5668,-6.6609,0.0000
16436,-120.5463,-6.7065,0.0000
16437,-120.5258,-6.7521,0.0000
16438,-120.5052,-6.7977,0.0000
16439,-120.4847,-6.8433,0.0000
16440,-120.4642,-6.8889,0.0000
16441,-120.4437,-6.9345,0.0000
16442,-120.4231,-6.9801,0.0000
16443,-120.4026,-7.0256,0.0000
16444,-120.3821,-7.0712,0.0000
16445,-120.3615,-7.1168,0.0000
16446,-120.3410,-7.1624,0.0000
16447,-120.3205,-7.2080,0.0000
16448,-120.2999,-7.2536,0.0000
16449,-120.2794,-7.2992,0.0000
16450,-120.2589,-7.3448,0.0000
16451,-120.2383,-7.3904,0.0000
16452,-120.2178,-7.4360,0.0000
16453,-120.1973,-7.4815,0.0000
16454,-120.1767,-7.5271,0.0000
16455,-120.1562,-7.5727,0.0000
16456,-120.1357,-7.6183,0.0000
16457,-120.1152,-7.6639,0.0000
16458,-120.0946,-7.7095,0.0000
16459,-120.0741,-7.7551,0.0000
16460,-120.0536,-7.8007,0.0000
16461,-120.0330,-7.8463,0.0000
16462,-120.0125,-7.8919,0.0000
16463,-119.9920,-7.9374,0.0000
16464,-119.9714,-7.9830,0.0000
16465,-119.9509,-8.0286,0.0000
16466,-119.9304,-8.0742,0.0000
16467,-119.9098,-8.1198,0.0000
16468,-119.8893,-8.1654,0.0000
16469,-119.8688,-8.2110,0.0000
16470,-119.8482,-8.2566,0.0000
16471,-119.8277,-8.3022,0.0000
16472,-119.8072,-8.3478,0.0000
16473,-119.7867,-8.3934,0.0000
16474,-119.7661,-8.4389,0.0000
16475,-119.7456,-8.4845,0.0000
16476,-119.7251,-8.5301,0.0000
16477,-119.7045,-8.5757,0.0000
16478,-119.6840,-8.6213,0.0000
16479,-119.6635,-8.6669,0.0000
16480,-119.6429,-8.7125,0.0000
16481,-119.6224,-8.7581,0.0000
16482,-119.6019,-8.8037,0.0000
16483,-119.5813,-8.8493,0.0000
16484,-119.5608,-8.8948,0.0000
16485,-119.5403,-8.9404,0.0000
16486,-119.5197,-8.9860,0.0000
16487,-119.4992,-9.0316,0.0000
16488,-119.4787,-9.0772,0.0000
16489,-119.4582,-9.1228,0.0000
16490,-119.4376,-9.1684,0.0000
16491,-119.4171,-9.2140,0.0000
16492,-119.3966,-9.2596,0.0000
16493,-119.3760,-9.3052,0.0000
16494,-119.3555,-9.3507,0.0000
16495,-119.3350,-9.3963,0.0000
16496,-119.3144,-9.4419,0.0000
16497,-119.2939,-9.4875,0.0000
16498,-119.2734,-9.5331,0.0000
16499,-119.2528,-9.5787,0.0000
16500,-119.2323,-9.6243,0.0000
16501,-119.2118,-9.6699,0.0000
16502,-119.1913,-9.7155,0.0000
16503,-119.1707,-9.7611,0.0000
16504,-119.1502,-9.8066,0.0000
16505,-119.1297,-9.8522,0.0000
16506,-119.1091,-9.8978,0.0000
16507,-119.0886,-9.9434,0.0000
16508,-119.0681,-9.9890,0.0000
16509,-119.0475,-10.0346,0.0000
16510,-119.0270,-10.0802,0.0000
16511,-119.0065,-10.1258,0.0000
16512,-118.9859,-10.1714,0.0000
16513,-118.9654,-10.2170,0.0000
16514,-118.9449,-10.2626,0.0000
16515,-118.9243,-10.3081,0.0000
16516,-118.9038,-10.3537,0.0000
16517,-118.8833,-10.3993,0.0000
16518,-118.8628,-10.4449,0.0000
16519,-118.8422,-10.4905,0.0000
16520,-118.8217,-10.5361,0.0000
16521,-118.8012,-10.5817,0.0000
16522,-118.7806,-10.6273,0.0000
16523,-118.7601,-10.6729,0.0000
16524,-118.7396,-10.7185,0.0000
16525,-118.7190,-10.7640,0.0000
16526,-118.6985,-10.8096,0.0000
16527,-118.6780,-10.8552,0.0000
16528,-118.6574,-10.9008,0.0000
16529,-118.6369,-10.9464,0.0000
16530,-118.6164,-10.9920,0.0000
16531,-118.5958,-11.0376,0.0000
16532,-118.5753,-11.0832,0.0000
16533,-118.5548,-11.1288,0.0000
16534,-118.5343,-11.1744,0.0000
16535,-118.5137,-11.2199,0.0000
16536,-118.4932,-11.2655,0.0000
16537,-118.4727,-11.3111,0.0000
16538,-118.4521,-11.3567,0.0000
16539,-118.4316,-11.4023,0.0000
16540,-118.4111,-11.4479,0.0000
16541,-118.3905,-11.4935,0.0000
16542,-118.3700,-11.5391,0.0000
16543,-118.3495,-11.5847,0.0000
16544,-118.3289,-11.6303,0.0000
16545,-118.3084,-11.6758,0.0000
16546,-118.2879,-11.7214,0.0000
16547,-118.2673,-11.7670,0.0000
16548,-118.2468,-11.8126,0.0000
16549,-118.2263,-11.8582,0.0000
16550,-118.2058,-11.9038,0.0000
16551,-118.1852,-11.9494,0.0000
16552,-118.1647,-11.9950,0.0000
16553,-118.1442,-12.0406,0.0000
16554,-118.1236,-12.0862,0.0000
16555,-118.1031,-12.1317,0.0000
16556,-118.0826,-12.1773,0.0000
16557,-118.0620,-12.2229,0.0000
16558,-118.0415,-12.2685,0.0000
16559,-118.0210,-12.3141,0.0000
16560,-118.0004,-12.3597,0.0000
16561,-117.9799,-12.4053,0.0000
16562,-117.9594,-12.4509,0.0000
16563,-117.9388,-12.4965,0.0000
16564,-117.9183,-12.5421,0.0000
16565,-117.8978,-12.5877,0.0000
16566,-117.8773,-12.6332,0.0000
16567,-117.8567,-12.6788,0.0000
16568,-117.8362,-12.7244,0.0000
16569,-117.8157,-12.7700,0.0000
16570,-117.7951,-12.8156,0.0000
16571,-117.7746,-12.8612,0.0000
16572,-117.7541,-12.9068,0.0000
16573,-117.7335,-12.9524,0.0000
16574,-117.7130,-12.9980,0.0000
16575,-117.6925,-13.0436,0.0000
16576,-117.6719,-13.0891,0.0000
16577,-117.6514,-13.1347,0.0000
16578,-117.6309,-13.1803,0.0000
16579,-117.6103,-13.2259,0.0000
16580,-117.5898,-13.2715,0.0000
16581,-117.5693,-13.3171,0.0000
16582,-117.5488,-13.3627,0.0000
16583,-117.5282,-13.4083,0.0000
16584,-117.5077,-13.4539,0.0000
16585,-117.4872,-13.4995,0.0000
16586,-117.4666,-13.5450,0.0000
16587,-117.4461,-13.5906,0.0000
16588,-117.4256,-13.6362,0.0000
16589,-117.4050,-13.6818,0.0000
16590,-117.3845,-13.7274,0.0000
16591,-117.3640,-13.7730,0.0000
16592,-117.3434,-13.8186,0.0000
16593,-117.3229,-13.8642,0.0000
16594,-117.3024,-13.9098,0.0000
16595,-117.2818,-13.9554,0.0000
16596,-117.2613,-14.0009,0.0000
16597,-117.2408,-14.0465,0.0000
16598,-117.2203,-14.0921,0.0000
16599,-117.1997,-14.1377,0.0000
16600,-117.1792,-14.1833,0.0000
16601,-117.1587,-14.2289,0.0000
16602,-117.1381,-14.2745,0.0000
16603,-117.1176,-14.3201,0.0000
16604,-117.0971,-14.3657,0.0000
16605,-117.0765,-14.4113,0.0000
16606,-117.0560,-14.4569,0.0000
16607,-117.0355,-14.5024,0.0000
16608,-117.0149,-14.5480,0.0000
16609,-116.9944,-14.5936,0.0000
16610,-116.9739,-14.6392,0.0000
16611,-116.9533,-14.6848,0.0000
16612,-116.9328,-14.7304,0.0000
16613,-116.9123,-14.7760,0.0000
16614,-116.8918,-14.8216,0.0000
16615,-116.8712,-14.8672,0.0000
16616,-116.8507,-14.9128,0.0000
16617,-116.8302,-14.9583,0.0000
16618,-116.8096,-15.0039,0.0000
16619,-116.7891,-15.0495,0.0000
16620,-116.7686,-15.0951,0.0000
16621,-116.7480,-15.1407,0.0000
16622,-116.7275,-15.1863,0.0000
16623,-116.7070,-15.2319,0.0000
16624,-116.6864,-15.2775,0.0000
16625,-116.6659,-15.3231,0.0000
16626,-116.6454,-15.3687,0.0000
16627,-116.6248,-15.4142,0.0000
16628,-116.6043,-15.4598,0.0000
16629,-116.5838,-15.5054,0.0000
16630,-116.5633,-15.5510,0.0000
16631,-116.5427,-15.5966,0.0000
16632,-116.5222,-15.6422,0.0000
16633,-116.5017,-15.6878,0.0000
16634,-116.4811,-15.7334,0.0000
16635,-116.4606,-15.7790,0.0000
16636,-116.4401,-15.8246,0.0000
16637,-116.4195,-15.8701,0.0000
16638,-116.3990,-15.9157,0.0000
16639,-116.3785,-15.9613,0.0000
16640,-116.3579,-16.0069,0.0000
16641,-116.3374,-16.0525,0.0000
16642,-116.3169,-16.0981,0.0000
16643,-116.2963,-16.1437,0.0000
16644,-116.2758,-16.1893,0.0000
16645,-116.2553,-16.2349,0.0000
16646,-116.2348,-16.2805,0.0000
16647,-116.2142,-16.3261,0.0000
16648,-116.1937,-16.3716,0.0000
16649,-116.1732,-16.4172,0.0000
16650,-116.1526,-16.4628,0.0000
16651,-116.1321,-16.5084,0.0000
16652,-116.1116,-16.5540,0.0000
16653,-116.0910,-16.5996,0.0000
16654,-116.0705,-16.6452,0.0000
16655,-116.0500,-16.6908,0.0000
16656,-116.0294,-16.7364,0.0000
16657,-116.0089,-16.7820,0.0000
16658,-115.9884,-16.8275,0.0000
16659,-115.9678,-16.8731,0.0000
16660,-115.9473,-16.9187,0.0000
16661,-115.9268,-16.9643,0.0000
16662,-115.9063,-17.0099,0.0000
16663,-115.8857,-17.0555,0.0000
16664,-115.8652,-17.1011,0.0000
16665,-115.8447,-17.1467,0.0000
16666,-115.8241,-17.1923,0.0000
16667,-115.8036,-17.2379,0.0000
16668,-115.7831,-17.2834,0.0000
16669,-115.7625,-17.3290,0.0000
16670,-115.7420,-17.3746,0.0000
16671,-115.7215,-17.4202,0.0000
16672,-115.7009,-17.4658,0.0000
16673,-115.6804,-17.5114,0.0000
16674,-115.6599,-17.5570,0.0000
16675,-115.6393,-17.6026,0.0000
16676,-115.6188,-17.6482,0.0000
16677,-115.5983,-17.6938,0.0000
16678,-115.5778,-17.7393,0.0000
16679,-115.5572,-17.7849,0.0000
16680,-115.5367,-17.8305,0.0000
16681,-115.5162,-17.8761,0.0000
16682,-115.4956,-17.9217,0.0000
16683,-115.4751,-17.9673,0.0000
16684,-115.4546,-18.0129,0.0000
16685,-115.4340,-18.0585,0.0000
16686,-115.4135,-18.1041,0.0000
16687,-115.3930,-18.1497,0.0000
16688,-115.3724,-18.1953,0.0000
16689,-115.3519,-18.2408,0.0000
16690,-115.3314,-18.2864,0.0000
16691,-115.3109,-18.3320,0.0000
16692,-115.2903,-18.3776,0.0000
16693,-115.2698,-18.4232,0.0000
16694,-115.2493,-18.4688,0.0000
16695,-115.2287,-18.5144,0.0000
16696,-115.2082,-18.5600,0.0000
16697,-115.1877,-18.6056,0.0000
16698,-115.1671,-18.6512,0.0000
16699,-115.1466,-18.6967,0.0000
16700,-115.1261,-18.7423,0.0000
16701,-115.1055,-18.7879,0.0000
16702,-115.0850,-18.8335,0.0000
16703,-115.0645,-18.8791,0.0000
16704,-115.0439,-18.9247,0.0000
16705,-115.0234,-18.9703,0.0000
16706,-115.0029,-19.0159,0.0000
16707,-114.9824,-19.0615,0.0000
16708,-114.9618,-19.1071,0.0000
16709,-114.9413,-19.1526,0.0000
16710,-114.9208,-19.1982,0.0000
16711,-114.9002,-19.2438,0.0000
16712,-114.8797,-19.2894,0.0000
16713,-114.8592,-19.3350,0.0000
16714,-114.8386,-19.3806,0.0000
16715,-114.8181,-19.4262,0.0000
16716,-114.7976,-19.4718,0.0000
16717,-114.7770,-19.5174,0.0000
16718,-114.7565,-19.5630,0.0000
16719,-114.7360,-19.6085,0.0000
16720,-114.7154,-19.6541,0.0000
16721,-114.6949,-19.6997,0.0000
16722,-114.6744,-19.7453,0.0000
16723,-114.6539,-19.7909,0.0000
16724,-114.6333,-19.8365,0.0000
16725,-114.6128,-19.8821,0.0000
16726,-114.5923,-19.9277,0.0000
16727,-114.5717,-19.9733,0.0000
16728,-114.5512,-20.0189,0.0000
16729,-114.5307,-20.0644,0.0000
16730,-114.5101,-20.1100,0.0000
16731,-114.4896,-20.1556,0.0000
16732,-114.4691,-20.2012,0.0000
16733,-114.4485,-20.2468,0.0000
16734,-114.4280,-20.2924,0.0000
16735,-114.4075,-20.3380,0.0000
16736,-114.3869,-20.3836,0.0000
16737,-114.3664,-20.4292,0.0000
16738,-114.3459,-20.4748,0.0000
16739,-114.3254,-20.5204,0.0000
16740,-114.3048,-20.5659,0.0000
16741,-114.2843,-20.6115,0.0000
16742,-114.2638,-20.6571,0.0000
16743,-114.2432,-20.7027,0.0000
16744,-114.2227,-20.7483,0.0000
16745,-114.2022,-20.7939,0.0000
16746,-114.1816,-20.8395,0.0000
16747,-114.1611,-20.8851,0.0000
16748,-114.1406,-20.9307,0.0000
16749,-114.1200,-20.9763,0.0000
16750,-114.0995,-21.0218,0.0000
16751,-114.0790,-21.0674,0.0000
16752,-114.0584,-21.1130,0.0000
16753,-114.0379,-21.1586,0.0000
16754,-114.0174,-21.2042,0.0000
16755,-113.9969,-21.2498,0.0000
16756,-113.9763,-21.2954,0.0000
16757,-113.9558,-21.3410,0.0000
16758,-113.9353,-21.3866,0.0000
16759,-113.9147,-21.4322,0.0000
16760,-113.8942,-21.4777,0.0000
16761,-113.8737,-21.5233,0.0000
16762,-113.8531,-21.5689,0.0000
16763,-113.8326,-21.6145,0.0000
16764,-113.8121,-21.6601,0.0000
16765,-113.7915,-21.7057,0.0000
16766,-113.7710,-21.7513,0.0000
16767,-113.7505,-21.7969,0.0000
16768,-113.7299,-21.8425,0.0000
16769,-113.7094,-21.8881,0.0000
16770,-113.6889,-21.9336,0.0000
16771,-113.6684,-21.9792,0.0000
16772,-113.6478,-22.0248,0.0000
16773,-113.6273,-22.0704,0.0000
16774,-113.6068,-22.1160,0.0000
16775,-113.5862,-22.1616,0.0000
16776,-113.5657,-22.2072,0.0000
16777,-113.5452,-22.2528,0.0000
16778,-113.5246,-22.2984,0.0000
16779,-113.5041,-22.3440,0.0000
16780,-113.4836,-22.3896,0.0000
16781,-113.4630,-22.4351,0.0000
16782,-113.4425,-22.4807,0.0000
16783,-113.4220,-22.5263,0.0000
16784,-113.4014,-22.5719,0.0000
16785,-113.3809,-22.6175,0.0000
16786,-113.3604,-22.6631,0.0000
16787,-113.3399,-22.7087,0.0000
16788,-113.3193,-22.7543,0.0000
16789,-113.2988,-22.7999,0.0000
16790,-113.2783,-22.8455,0.0000
16791,-113.2577,-22.8910,0.0000
16792,-113.2372,-22.9366,0.0000
16793,-113.2167,-22.9822,0.0000
16794,-113.1961,-23.0278,0.0000
16795,-113.1756,-23.0734,0.0000
16796,-113.1551,-23.1190,0.0000
16797,-113.1345,-23.1646,0.0000
16798,-113.1140,-23.2102,0.0000
16799,-113.0935,-23.2558,0.0000
16800,-113.0729,-23.3014,0.0000
16801,-113.0524,-23.3469,0.0000
16802,-113.0319,-23.3925,0.0000
16803,-113.0114,-23.4381,0.0000
16804,-112.9908,-23.4837,0.0000
16805,-112.9703,-23.5293,0.0000
16806,-112.9498,-23.5749,0.0000
16807,-112.9292,-23.6205,0.0000
16808,-112.9087,-23.6661,0.0000
16809,-112.8882,-23.7117,0.0000
16810,-112.8676,-23.7573,0.0000
16811,-112.8471,-23.8028,0.0000
16812,-112.8266,-23.8484,0.0000
16813,-112.8060,-23.8940,0.0000
16814,-112.7855,-23.9396,0.0000
16815,-112.7650,-23.9852,0.0000
16816,-112.7444,-24.0308,0.0000
16817,-112.7239,-24.0764,0.0000
16818,-112.7034,-24.1220,0.0000
16819,-112.6829,-24.1676,0.0000
16820,-112.6623,-24.2132,0.0000
16821,-112.6418,-24.2588,0.0000
16822,-112.6213,-24.3043,0.0000
16823,-112.6007,-24.3499,0.0000
16824,-112.5802,-24.3955,0.0000
16825,-112.5597,-24.4411,0.0000
16826,-112.5391,-24.4867,0.0000
16827,-112.5186,-24.5323,0.0000
16828,-112.4981,-24.5779,0.0000
16829,-112.4775,-24.6235,0.0000
16830,-112.4570,-24.6691,0.0000
16831,-112.4365,-24.7147,0.0000
16832,-112.4159,-24.7602,0.0000
16833,-112.3954,-24.8058,0.0000
16834,-112.3749,-24.8514,0.0000
16835,-112.3544,-24.8970,0.0000
16836,-112.3338,-24.9426,0.0000
16837,-112.3133,-24.9882,0.0000
16838,-112.2928,-25.0338,0.0000
16839,-112.2722,-25.0794,0.0000
16840,-112.2517,-25.1250,0.0000
16841,-112.2312,-25.1706,0.0000
16842,-112.2106,-25.2161,0.0000
16843,-112.1901,-25.2617,0.0000
16844,-112.1696,-25.3073,0.0000
16845,-112.1490,-25.3529,0.0000
16846,-112.1285,-25.3985,0.0000
16847,-112.1080,-25.4441,0.0000
16848,-112.0874,-25.4897,0.0000
16849,-112.0669,-25.5353,0.0000
16850,-112.0464,-25.5809,0.0000
16851,-112.0259,-25.6265,0.0000
16852,-112.0053,-25.6720,0.0000
16853,-111.9848,-25.7176,0.0000
16854,-111.9643,-25.7632,0.0000
16855,-111.9437,-25.8088,0.0000
16856,-111.9232,-25.8544,0.0000
16857,-111.9027,-25.9000,0.0000
16858,-111.8821,-25.9456,0.0000
16859,-111.8616,-25.9912,0.0000
16860,-111.8411,-26.0368,0.0000
16861,-111.8205,-26.0824,0.0000
16862,-111.8000,-26.1280,0.0000
16863,-111.7795,-26.1735,0.0000
16864,-111.7589,-26.2191,0.0000
16865,-111.7384,-26.2647,0.0000
16866,-111.7179,-26.3103,0.0000
16867,-111.6974,-26.3559,0.0000
16868,-111.6768,-26.4015,0.0000
16869,-111.6563,-26.4471,0.0000
16870,-111.6358,-26.4927,0.0000
16871,-111.6152,-26.5383,0.0000
16872,-111.5947,-26.5839,0.0000
16873,-111.5742,-26.6294,0.0000
16874,-111.5536,-26.6750,0.0000
16875,-111.5331,-26.7206,0.0000
16876,-111.5126,-26.7662,0.0000
16877,-111.4920,-26.8118,0.0000
16878,-111.4715,-26.8574,0.0000
16879,-111.4510,-26.9030,0.0000
16880,-111.4304,-26.9486,0.0000
16881,-111.4099,-26.9942,0.0000
16882,-111.3894,-27.0398,0.0000
16883,-111.3689,-27.0853,0.0000
16884,-111.3483,-27.1309,0.0000
16885,-111.3278,-27.1765,0.0000
16886,-111.3073,-27.2221,0.0000
16887,-111.2867,-27.2677,0.0000
16888,-111.2662,-27.3133,0.0000
16889,-111.2457,-27.3589,0.0000
16890,-111.2251,-27.4045,0.0000
16891,-111.2046,-27.4501,0.0000
16892,-111.1841,-27.4957,0.0000
16893,-111.1635,-27.5412,0.0000
16894,-111.1430,-27.5868,0.0000
16895,-111.1225,-27.6324,0.0000
16896,-111.1020,-27.6780,0.0000
16897,-111.0814,-27.7236,0.0000
16898,-111.0609,-27.7692,0.0000
16899,-111.0404,-27.8148,0.0000
16900,-111.0198,-27.8604,0.0000
16901,-110.9993,-27.9060,0.0000
16902,-110.9788,-27.9516,0.0000
16903,-110.9582,-27.9971,0.0000
16904,-110.9377,-28.0427,0.0000
16905,-110.9172,-28.0883,0.0000
16906,-110.8966,-28.1339,0.0000
16907,-110.8761,-28.1795,0.0000
16908,-110.8556,-28.2251,0.0000
16909,-110.8350,-28.2707,0.0000
16910,-110.8145,-28.3163,0.0000
16911,-110.7940,-28.3619,0.0000
16912,-110.7735,-28.4075,0.0000
16913,-110.7529,-28.4531,0.0000
16914,-110.7324,-28.4986,0.0000
16915,-110.7119,-28.5442,0.0000
16916,-110.6913,-28.5898,0.0000
16917,-110.6708,-28.6354,0.0000
16918,-110.6503,-28.6810,0.0000
16919,-110.6297,-28.7266,0.0000
16920,-110.6092,-28.7722,0.0000
16921,-110.5887,-28.8178,0.0000
16922,-110.5681,-28.8634,0.0000
16923,-110.5476,-28.9090,0.0000
16924,-110.5271,-28.9545,0.0000
16925,-110.5065,-29.0001,0.0000
16926,-110.4860,-29.0457,0.0000
16927,-110.4655,-29.0913,0.0000
16928,-110.4450,-29.1369,0.0000
16929,-110.4244,-29.1825,0.0000
16930,-110.4039,-29.2281,0.0000
16931,-110.3834,-29.2737,0.0000
16932,-110.3628,-29.3193,0.0000
16933,-110.3423,-29.3649,0.0000
16934,-110.3218,-29.4104,0.0000
16935,-110.3012,-29.4560,0.0000
16936,-110.2807,-29.5016,0.0000
16937,-110.2602,-29.5472,0.0000
16938,-110.2396,-29.5928,0.0000
16939,-110.2191,-29.6384,0.0000
16940,-110.1986,-29.6840,0.0000
16941,-110.1780,-29.7296,0.0000
16942,-110.1575,-29.7752,0.0000
16943,-110.1370,-29.8208,0.0000
16944,-110.1165,-29.8663,0.0000
16945,-110.0959,-29.9119,0.0000
16946,-110.0754,-29.9575,0.0000
16947,-110.0549,-30.0031,0.0000
16948,-110.0343,-30.0487,0.0000
16949,-110.0138,-30.0943,0.0000
16950,-109.9933,-30.1399,0.0000
16951,-109.9727,-30.1855,0.0000
16952,-109.9522,-30.2311,0.0000
16953,-109.9317,-30.2767,0.0000
16954,-109.9111,-30.3223,0.0000
16955,-109.8906,-30.3678,0.0000
16956,-109.8701,-30.4134,0.0000
16957,-109.8495,-30.4590,0.0000
16958,-109.8290,-30.5046,0.0000
16959,-109.8085,-30.5502,0.0000
16960,-109.7880,-30.5958,0.0000
16961,-109.7674,-30.6414,0.0000
16962,-109.7469,-30.6870,0.0000
16963,-109.7264,-30.7326,0.0000
16964,-109.7058,-30.7782,0.0000
16965,-109.6853,-30.8237,0.0000
16966,-109.6648,-30.8693,0.0000
16967,-109.6442,-30.9149,0.0000
16968,-109.6237,-30.9605,0.0000
16969,-109.6032,-31.0061,0.0000
16970,-109.5826,-31.0517,0.0000
16971,-109.5621,-31.0973,0.0000
16972,-109.5416,-31.1429,0.0000
16973,-109.5210,-31.1885,0.0000
16974,-109.5005,-31.2341,0.0000
16975,-109.4800,-31.2796,0.0000
16976,-109.4595,-31.3252,0.0000
16977,-109.4389,-31.3708,0.0000
16978,-109.4184,-31.4164,0.0000
16979,-109.3979,-31.4620,0.0000
16980,-109.3773,-31.5076,0.0000
16981,-109.3568,-31.5532,0.0000
16982,-109.3363,-31.5988,0.0000
16983,-109.3157,-31.6444,0.0000
16984,-109.2952,-31.6900,0.0000
16985,-109.2747,-31.7355,0.0000
16986,-109.2541,-31.7811,0.0000
16987,-109.2336,-31.8267,0.0000
16988,-109.2131,-31.8723,0.0000
16989,-109.1925,-31.9179,0.0000
16990,-109.1720,-31.9635,0.0000
16991,-109.1515,-32.0091,0.0000
16992,-109.1310,-32.0547,0.0000
16993,-109.1104,-32.1003,0.0000
16994,-109.0899,-32.1459,0.0000
16995,-109.0694,-32.1915,0.0000
16996,-109.0488,-32.2370,0.0000
16997,-109.0283,-32.2826,0.0000
16998,-109.0078,-32.3282,0.0000
16999,-108.9872,-32.3738,0.0000
17000,-108.9667,-32.4194,0.0000
17001,-108.9462,-32.4650,0.0000
17002,-108.9256,-32.5106,0.0000
17003,-108.9051,-32.5562,0.0000
17004,-108.8846,-32.6018,0.0000
17005,-108.8640,-32.6474,0.0000
17006,-108.8435,-32.6929,0.0000
17007,-108.8230,-32.7385,0.0000
17008,-108.8025,-32.7841,0.0000
17009,-108.7819,-32.8297,0.0000
17010,-108.7614,-32.8753,0.0000
17011,-108.7409,-32.9209,0.0000
17012,-108.7203,-32.9665,0.0000
17013,-108.6998,-33.0121,0.0000
17014,-108.6793,-33.0577,0.0000
17015,-108.6587,-33.1033,0.0000
17016,-108.6382,-33.1488,0.0000
17017,-108.6177,-33.1944,0.0000
17018,-108.5971,-33.2400,0.0000
17019,-108.5766,-33.2856,0.0000
17020,-108.5561,-33.3312,0.0000
17021,-108.5355,-33.3768,0.0000
17022,-108.5150,-33.4224,0.0000
17023,-108.4945,-33.4680,0.0000
17024,-108.4740,-33.5136,0.0000
17025,-108.4534,-33.5592,0.0000
17026,-108.4329,-33.6047,0.0000
17027,-108.4124,-33.6503,0.0000
17028,-108.3918,-33.6959,0.0000
17029,-108.3713,-33.7415,0.0000
17030,-108.3508,-33.7871,0.0000
17031,-108.3302,-33.8327,0.0000
17032,-108.3097,-33.8783,0.0000
17033,-108.2892,-33.9239,0.0000
17034,-108.2686,-33.9695,0.0000
17035,-108.2481,-34.0151,0.0000
17036,-108.2276,-34.0607,0.0000
17037,-108.2070,-34.1062,0.0000
17038,-108.1865,-34.1518,0.0000
17039,-108.1660,-34.1974,0.0000
17040,-108.1455,-34.2430,0.0000
17041,-108.1249,-34.2886,0.0000
17042,-108.1044,-34.3342,0.0000
17043,-108.0839,-34.3798,0.0000
17044,-108.0633,-34.4254,0.0000
17045,-108.0428,-34.4710,0.0000
17046,-108.0223,-34.5166,0.0000
17047,-108.0017,-34.5621,0.0000
17048,-107.9812,-34.6077,0.0000
17049,-107.9607,-34.6533,0.0000
17050,-107.9401,-34.6989,0.0000
17051,-107.9196,-34.7445,0.0000
17052,-107.8991,-34.7901,0.0000
17053,-107.8785,-34.8357,0.0000
17054,-107.8580,-34.8813,0.0000
17055,-107.8375,-34.9269,0.0000
17056,-107.8170,-34.9725,0.0000
17057,-107.7964,-35.0180,0.0000
17058,-107.7759,-35.0636,0.0000
17059,-107.7554,-35.1092,0.0000
17060,-107.7348,-35.1548,0.0000
17061,-107.7143,-35.2004,0.0000
17062,-107.6938,-35.2460,0.0000
17063,-107.6732,-35.2916,0.0000
17064,-107.6527,-35.3372,0.0000
17065,-107.6322,-35.3828,0.0000
17066,-107.6116,-35.4284,0.0000
17067,-107.5911,-35.4739,0.0000
17068,-107.5706,-35.5195,0.0000
17069,-107.5500,-35.5651,0.0000
17070,-107.5295,-35.6107,0.0000
17071,-107.5090,-35.6563,0.0000
17072,-107.4885,-35.7019,0.0000
17073,-107.4679,-35.7475,0.0000
17074,-107.4474,-35.7931,0.0000
17075,-107.4269,-35.8387,0.0000
17076,-107.4063,-35.8843,0.0000
17077,-107.3858,-35.9299,0.0000
17078,-107.3653,-35.9754,0.0000
17079,-107.3447,-36.0210,0.0000
17080,-107.3242,-36.0666,0.0000
17081,-107.3037,-36.1122,0.0000
17082,-107.2831,-36.1578,0.0000
17083,-107.2626,-36.2034,0.0000
17084,-107.2421,-36.2490,0.0000
17085,-107.2216,-36.2946,0.0000
17086,-107.2010,-36.3402,0.0000
17087,-107.1805,-36.3858,0.0000
17088,-107.1600,-36.4313,0.0000
17089,-107.1394,-36.4769,0.0000
17090,-107.1189,-36.5225,0.0000
17091,-107.0984,-36.5681,0.0000
17092,-107.0778,-36.6137,0.0000
17093,-107.0573,-36.6593,0.0000
17094,-107.0368,-36.7049,0.0000
17095,-107.0162,-36.7505,0.0000
17096,-106.9957,-36.7961,0.0000
17097,-106.9752,-36.8417,0.0000
17098,-106.9546,-36.8872,0.0000
17099,-106.9341,-36.9328,0.0000
17100,-106.9136,-36.9784,0.0000
17101,-106.8931,-37.0240,0.0000
17102,-106.8725,-37.0696,0.0000
17103,-106.8520,-37.1152,0.0000
17104,-106.8315,-37.1608,0.0000
17105,-106.8109,-37.2064,0.0000
17106,-106.7904,-37.2520,0.0000
17107,-106.7699,-37.2976,0.0000
17108,-106.7493,-37.3431,0.0000
17109,-106.7288,-37.3887,0.0000
17110,-106.7083,-37.4343,0.0000
17111,-106.6877,-37.4799,0.0000
17112,-106.6672,-37.5255,0.0000
17113,-106.6467,-37.5711,0.0000
17114,-106.6261,-37.6167,0.0000
17115,-106.6056,-37.6623,0.0000
17116,-106.5851,-37.7079,0.0000
17117,-106.5646,-37.7535,0.0000
17118,-106.5440,-37.7990,0.0000
17119,-106.5235,-37.8446,0.0000
17120,-106.5030,-37.8902,0.0000
17121,-106.4824,-37.9358,0.0000
17122,-106.4619,-37.9814,0.0000
17123,-106.4414,-38.0270,0.0000
17124,-106.4208,-38.0726,0.0000
17125,-106.4003,-38.1182,0.0000
17126,-106.3798,-38.1638,0.0000
17127,-106.3592,-38.2094,0.0000
17128,-106.3387,-38.2550,0.0000
17129,-106.3182,-38.3005,0.0000
17130,-106.2976,-38.3461,0.0000
17131,-106.2771,-38.3917,0.0000
17132,-106.2566,-38.4373,0.0000
17133,-106.2361,-38.4829,0.0000
17134,-106.2155,-38.5285,0.0000
17135,-106.1950,-38.5741,0.0000
17136,-106.1745,-38.6197,0.0000
17137,-106.1539,-38.6653,0.0000
17138,-106.1334,-38.7109,0.0000
17139,-106.1129,-38.7564,0.0000
17140,-106.0923,-38.8020,0.0000
17141,-106.0718,-38.8476,0.0000
17142,-106.0513,-38.8932,0.0000
17143,-106.0307,-38.9388,0.0000
17144,-106.0102,-38.9844,0.0000
17145,-105.9897,-39.0300,0.0000
17146,-105.9691,-39.0756,0.0000
17147,-105.9486,-39.1212,0.0000
17148,-105.9281,-39.1668,0.0000
17149,-105.9076,-39.2123,0.0000
17150,-105.8870,-39.2579,0.0000
17151,-105.8665,-39.3035,0.0000
17152,-105.8460,-39.3491,0.0000
17153,-105.8254,-39.3947,0.0000
17154,-105.8049,-39.4403,0.0000
17155,-105.7844,-39.4859,0.0000
17156,-105.7638,-39.5315,0.0000
17157,-105.7433,-39.5771,0.0000
17158,-105.7228,-39.6227,0.0000
17159,-105.7022,-39.6682,0.0000
17160,-105.6817,-39.7138,0.0000
17161,-105.6612,-39.7594,0.0000
17162,-105.6406,-39.8050,0.0000
17163,-105.6201,-39.8506,0.0000
17164,-105.5996,-39.8962,0.0000
17165,-105.5791,-39.9418,0.0000
17166,-105.5585,-39.9874,0.0000
17167,-105.5380,-40.0330,0.0000
17168,-105.5175,-40.0786,0.0000
17169,-105.4969,-40.1242,0.0000
17170,-105.4764,-40.1697,0.0000
17171,-105.4559,-40.2153,0.0000
17172,-105.4353,-40.2609,0.0000
17173,-105.4148,-40.3065,0.0000
17174,-105.3943,-40.3521,0.0000
17175,-105.3737,-40.3977,0.0000
17176,-105.3532,-40.4433,0.0000
17177,-105.3327,-40.4889,0.0000
17178,-105.3121,-40.5345,0.0000
17179,-105.2916,-40.5801,0.0000
17180,-105.2711,-40.6256,0.0000
17181,-105.2506,-40.6712,0.0000
17182,-105.2300,-40.7168,0.0000
17183,-105.2095,-40.7624,0.0000
17184,-105.1890,-40.8080,0.0000
17185,-105.1684,-40.8536,0.0000
17186,-105.1479,-40.8992,0.0000
17187,-105.1274,-40.9448,0.0000
17188,-105.1068,-40.9904,0.0000
17189,-105.0863,-41.0360,0.0000
17190,-105.0658,-41.0815,0.0000
17191,-105.0452,-41.1271,0.0000
17192,-105.0247,-41.1727,0.0000
17193,-105.0042,-41.2183,0.0000
17194,-104.9836,-41.2639,0.0000
17195,-104.9631,-41.3095,0.0000
17196,-104.9426,-41.3551,0.0000
17197,-104.9221,-41.4007,0.0000
17198,-104.9015,-41.4463,0.0000
17199,-104.8810,-41.4919,0.0000
17200,-104.8605,-41.5374,0.0000
17201,-104.8399,-41.5830,0.0000
17202,-104.8194,-41.6286,0.0000
17203,-104.7989,-41.6742,0.0000
17204,-104.7783,-41.7198,0.0000
17205,-104.7578,-41.7654,0.0000
17206,-104.7373,-41.8110,0.0000
17207,-104.7167,-41.8566,0.0000
17208,-104.6962,-41.9022,0.0000
17209,-104.6757,-41.9478,0.0000
17210,-104.6551,-41.9934,0.0000
17211,-104.6346,-42.0389,0.0000
17212,-104.6141,-42.0845,0.0000
17213,-104.5936,-42.1301,0.0000
17214,-104.5730,-42.1757,0.0000
17215,-104.5525,-42.2213,0.0000
17216,-104.5320,-42.2669,0.0000
17217,-104.5114,-42.3125,0.0000
17218,-104.4909,-42.3581,0.0000
17219,-104.4704,-42.4037,0.0000
17220,-104.4498,-42.4493,0.0000
17221,-104.4293,-42.4948,0.0000
17222,-104.4088,-42.5404,0.0000
17223,-104.3882,-42.5860,0.0000
17224,-104.3677,-42.6316,0.0000
17225,-104.3472,-42.6772,0.0000
17226,-104.3266,-42.7228,0.0000
17227,-104.3061,-42.7684,0.0000
17228,-104.2856,-42.8140,0.0000
17229,-104.2651,-42.8596,0.0000
17230,-104.2445,-42.9052,0.0000
17231,-104.2240,-42.9507,0.0000
17232,-104.2035,-42.9963,0.0000
17233,-104.1829,-43.0419,0.0000
17234,-104.1624,-43.0875,0.0000
17235,-104.1419,-43.1331,0.0000
17236,-104.1213,-43.1787,0.0000
17237,-104.1008,-43.2243,0.0000
17238,-104.0803,-43.2699,0.0000
17239,-104.0597,-43.3155,0.0000
17240,-104.0392,-43.3611,0.0000
17241,-104.0187,-43.4066,0.0000
17242,-103.9981,-43.4522,0.0000
17243,-103.9776,-43.4978,0.0000
17244,-103.9571,-43.5434,0.0000
17245,-103.9366,-43.5890,0.0000
17246,-103.9160,-43.6346,0.0000
17247,-103.8955,-43.6802,0.0000
17248,-103.8750,-43.7258,0.0000
17249,-103.8544,-43.7714,0.0000
17250,-103.8339,-43.8170,0.0000
17251,-103.8134,-43.8626,0.0000
17252,-103.7928,-43.9081,0.0000
17253,-103.7723,-43.9537,0.0000
17254,-103.7518,-43.9993,0.0000
17255,-103.7312,-44.0449,0.0000
17256,-103.7107,-44.0905,0.0000
17257,-103.6902,-44.1361,0.0000
17258,-103.6696,-44.1817,0.0000
17259,-103.6491,-44.2273,0.0000
17260,-103.6286,-44.2729,0.0000
17261,-103.6081,-44.3185,0.0000
17262,-103.5875,-44.3640,0.0000
17263,-103.5670,-44.4096,0.0000
17264,-103.5465,-44.4552,0.0000
17265,-103.5259,-44.5008,0.0000
17266,-103.5054,-44.5464,0.0000
17267,-103.4849,-44.5920,0.0000
17268,-103.4643,-44.6376,0.0000
17269,-103.4438,-44.6832,0.0000
17270,-103.4233,-44.7288,0.0000
17271,-103.4027,-44.7744,0.0000
17272,-103.3822,-44.8199,0.0000
17273,-103.3617,-44.8655,0.0000
17274,-103.3412,-44.9111,0.0000
17275,-103.3206,-44.9567,0.0000
17276,-103.3001,-45.0023,0.0000
17277,-103.2796,-45.0479,0.0000
17278,-103.2590,-45.0935,0.0000
17279,-103.2385,-45.1391,0.0000
17280,-103.2180,-45.1847,0.0000
17281,-103.1974,-45.2303,0.0000
17282,-103.1769,-45.2758,0.0000
17283,-103.1564,-45.3214,0.0000
17284,-103.1358,-45.3670,0.0000
17285,-103.1153,-45.4126,0.0000
17286,-103.0948,-45.4582,0.0000
17287,-103.0742,-45.5038,0.0000
17288,-103.0537,-45.5494,0.0000
17289,-103.0332,-45.5950,0.0000
17290,-103.0127,-45.6406,0.0000
17291,-102.9921,-45.6862,0.0000
17292,-102.9716,-45.7317,0.0000
17293,-102.9511,-45.7773,0.0000
17294,-102.9305,-45.8229,0.0000
17295,-102.9100,-45.8685,0.0000
17296,-102.8895,-45.9141,0.0000
17297,-102.8689,-45.9597,0.0000
17298,-102.8484,-46.0053,0.0000
17299,-102.8279,-46.0509,0.0000
17300,-102.8073,-46.0965,0.0000
17301,-102.7868,-46.1421,0.0000
17302,-102.7663,-46.1877,0.0000
17303,-102.7457,-46.2332,0.0000
17304,-102.7252,-46.2788,0.0000
17305,-102.7047,-46.3244,0.0000
17306,-102.6842,-46.3700,0.0000
17307,-102.6636,-46.4156,0.0000
17308,-102.6431,-46.4612,0.0000
17309,-102.6226,-46.5068,0.0000
17310,-102.6020,-46.5524,0.0000
17311,-102.5815,-46.5980,0.0000
17312,-102.5610,-46.6436,0.0000
17313,-102.5404,-46.6891,0.0000
17314,-102.5199,-46.7347,0.0000
17315,-102.4994,-46.7803,0.0000
17316,-102.4788,-46.8259,0.0000
17317,-102.4583,-46.8715,0.0000
17318,-102.4378,-46.9171,0.0000
17319,-102.4172,-46.9627,0.0000
17320,-102.3967,-47.0083,0.0000
17321,-102.3762,-47.0539,0.0000
17322,-102.3557,-47.0995,0.0000
17323,-102.3351,-47.1450,0.0000
17324,-102.3146,-47.1906,0.0000
17325,-102.2941,-47.2362,0.0000
17326,-102.2735,-47.2818,0.0000
17327,-102.2530,-47.3274,0.0000
17328,-102.2325,-47.3730,0.0000
17329,-102.2119,-47.4186,0.0000
17330,-102.1914,-47.4642,0.0000
17331,-102.1709,-47.5098,0.0000
17332,-102.1503,-47.5554,0.0000
17333,-102.1298,-47.6009,0.0000
17334,-102.1093,-47.6465,0.0000
17335,-102.0887,-47.6921,0.0000
17336,-102.0682,-47.7377,0.0000
17337,-102.0477,-47.7833,0.0000
17338,-102.0272,-47.8289,0.0000
17339,-102.0066,-47.8745,0.0000
17340,-101.9861,-47.9201,0.0000
17341,-101.9656,-47.9657,0.0000
17342,-101.9450,-48.0113,0.0000
17343,-101.9245,-48.0569,0.0000
17344,-101.9040,-48.1024,0.0000
17345,-101.8834,-48.1480,0.0000
17346,-101.8629,-48.1936,0.0000
17347,-101.8424,-48.2392,0.0000
17348,-101.8218,-48.2848,0.0000
17349,-101.8013,-48.3304,0.0000
17350,-101.7808,-48.3760,0.0000
17351,-101.7602,-48.4216,0.0000
17352,-101.7397,-48.4672,0.0000
17353,-101.7192,-48.5128,0.0000
17354,-101.6987,-48.5583,0.0000
17355,-101.6781,-48.6039,0.0000
17356,-101.6576,-48.6495,0.0000
17357,-101.6371,-48.6951,0.0000
17358,-101.6165,-48.7407,0.0000
17359,-101.5960,-48.7863,0.0000
17360,-101.5755,-48.8319,0.0000
17361,-101.5549,-48.8775,0.0000
17362,-101.5344,-48.9231,0.0000
17363,-101.5139,-48.9687,0.0000
17364,-101.4933,-49.0142,0.0000
17365,-101.4728,-49.0598,0.0000
17366,-101.4523,-49.1054,0.0000
17367,-101.4317,-49.1510,0.0000
17368,-101.4112,-49.1966,0.0000
17369,-101.3907,-49.2422,0.0000
17370,-101.3702,-49.2878,0.0000
17371,-101.3496,-49.3334,0.0000
17372,-101.3291,-49.3790,0.0000
17373,-101.3086,-49.4246,0.0000
17374,-101.2880,-49.4701,0.0000
17375,-101.2675,-49.5157,0.0000
17376,-101.2470,-49.5613,0.0000
17377,-101.2264,-49.6069,0.0000
17378,-101.2059,-49.6525,0.0000
17379,-101.1854,-49.6981,0.0000
17380,-101.1648,-49.7437,0.0000
17381,-101.1443,-49.7893,0.0000
17382,-101.1238,-49.8349,0.0000
17383,-101.1032,-49.8805,0.0000
17384,-101.0827,-49.9261,0.0000
17385,-101.0622,-49.9716,0.0000
17386,-101.0417,-50.0172,0.0000
17387,-101.0211,-50.0628,0.0000
17388,-101.0006,-50.1084,0.0000
17389,-100.9801,-50.1540,0.0000
17390,-100.9595,-50.1996,0.0000
17391,-100.9390,-50.2452,0.0000
17392,-100.9185,-50.2908,0.0000
17393,-100.8979,-50.3364,0.0000
17394,-100.8774,-50.3820,0.0000
17395,-100.8569,-50.4275,0.0000
17396,-100.8363,-50.4731,0.0000
17397,-100.8158,-50.5187,0.0000
17398,-100.7953,-50.5643,0.0000
17399,-100.7747,-50.6099,0.0000
17400,-100.7542,-50.6555,0.0000
17401,-100.7337,-50.7011,0.0000
17402,-100.7132,-50.7467,0.0000
17403,-100.6926,-50.7923,0.0000
17404,-100.6721,-50.8379,0.0000
17405,-100.6516,-50.8834,0.0000
17406,-100.6310,-50.9290,0.0000
17407,-100.6105,-50.9746,0.0000
17408,-100.5900,-51.0202,0.0000
17409,-100.5694,-51.0658,0.0000
17410,-100.5489,-51.1114,0.0000
17411,-100.5284,-51.1570,0.0000
17412,-100.5078,-51.2026,0.0000
17413,-100.4873,-51.2482,0.0000
17414,-100.4668,-51.2938,0.0000
17415,-100.4462,-51.3393,0.0000
17416,-100.4257,-51.3849,0.0000
17417,-100.4052,-51.4305,0.0000
17418,-100.3847,-51.4761,0.0000
17419,-100.3641,-51.5217,0.0000
17420,-100.3436,-51.5673,0.0000
17421,-100.3231,-51.6129,0.0000
17422,-100.3025,-51.6585,0.0000
17423,-100.2820,-51.7041,0.0000
17424,-100.2615,-51.7497,0.0000
17425,-100.2409,-51.7953,0.0000
17426,-100.2204,-51.8408,0.0000
17427,-100.1999,-51.8864,0.0000
17428,-100.1793,-51.9320,0.0000
17429,-100.1588,-51.9776,0.0000
17430,-100.1383,-52.0232,0.0000
17431,-100.1177,-52.0688,0.0000
17432,-100.0972,-52.1144,0.0000
17433,-100.0767,-52.1600,0.0000
17434,-100.0562,-52.2056,0.0000
17435,-100.0356,-52.2512,0.0000
17436,-100.0151,-52.2967,0.0000
17437,-99.9946,-52.3423,0.0000
17438,-99.9740,-52.3879,0.0000
17439,-99.9535,-52.4335,0.0000
17440,-99.9330,-52.4791,0.0000
17441,-99.9124,-52.5247,0.0000
17442,-99.8919,-52.5703,0.0000
17443,-99.8714,-52.6159,0.0000
17444,-99.8508,-52.6615,0.0000
17445,-99.8303,-52.7071,0.0000
17446,-99.8098,-52.7526,0.0000
17447,-99.7892,-52.7982,0.0000
17448,-99.7687,-52.8438,0.0000
17449,-99.7482,-52.8894,0.0000
17450,-99.7277,-52.9350,0.0000
17451,-99.7071,-52.9806,0.0000
17452,-99.6866,-53.0262,0.0000
17453,-99.6661,-53.0718,0.0000
17454,-99.6455,-53.1174,0.0000
17455,-99.6250,-53.1630,0.0000
17456,-99.6045,-53.2085,0.0000
17457,-99.5839,-53.2541,0.0000
17458,-99.5634,-53.2997,0.0000
17459,-99.5429,-53.3453,0.0000
17460,-99.5223,-53.3909,0.0000
17461,-99.5018,-53.4365,0.0000
17462,-99.4813,-53.4821,0.0000
17463,-99.4608,-53.5277,0.0000
17464,-99.4402,-53.5733,0.0000
17465,-99.4197,-53.6189,0.0000
17466,-99.3992,-53.6644,0.0000
17467,-99.3786,-53.7100,0.0000
17468,-99.3581,-53.7556,0.0000
17469,-99.3376,-53.8012,0.0000
17470,-99.3170,-53.8468,0.0000
17471,-99.2965,-53.8924,0.0000
17472,-99.2760,-53.9380,0.0000
17473,-99.2554,-53.9836,0.0000
17474,-99.2349,-54.0292,0.0000
17475,-99.2144,-54.0748,0.0000
17476,-99.1938,-54.1204,0.0000
17477,-99.1733,-54.1659,0.0000
17478,-99.1528,-54.2115,0.0000
17479,-99.1323,-54.2571,0.0000
17480,-99.1117,-54.3027,0.0000
17481,-99.0912,-54.3483,0.0000
17482,-99.0707,-54.3939,0.0000
17483,-99.0501,-54.4395,0.0000
17484,-99.0296,-54.4851,0.0000
17485,-99.0091,-54.5307,0.0000
17486,-98.9885,-54.5763,0.0000
17487,-98.9680,-54.6218,0.0000
17488,-98.9475,-54.6674,0.0000
17489,-98.9269,-54.7130,0.0000
17490,-98.9064,-54.7586,0.0000
17491,-98.8859,-54.8042,0.0000
17492,-98.8653,-54.8498,0.0000
17493,-98.8448,-54.8954,0.0000
17494,-98.8243,-54.9410,0.0000
17495,-98.8038,-54.9866,0.0000
17496,-98.7832,-55.0322,0.0000
17497,-98.7627,-55.0777,0.0000
17498,-98.7422,-55.1233,0.0000
17499,-98.7216,-55.1689,0.0000
17500,-98.7011,-55.2145,0.0000
17501,-98.6806,-55.2601,0.0000
17502,-98.6600,-55.3057,0.0000
17503,-98.6395,-55.3513,0.0000
17504,-98.6190,-55.3969,0.0000
17505,-98.5984,-55.4425,0.0000
17506,-98.5779,-55.4881,0.0000
17507,-98.5574,-55.5336,0.0000
17508,-98.5368,-55.5792,0.0000
17509,-98.5163,-55.6248,0.0000
17510,-98.4958,-55.6704,0.0000
17511,-98.4753,-55.7160,0.0000
17512,-98.4547,-55.7616,0.0000
17513,-98.4342,-55.8072,0.0000
17514,-98.4137,-55.8528,0.0000
17515,-98.3931,-55.8984,0.0000
17516,-98.3726,-55.9440,0.0000
17517,-98.3521,-55.9896,0.0000
17518,-98.3315,-56.0351,0.0000
17519,-98.3110,-56.0807,0.0000
17520,-98.2905,-56.1263,0.0000
17521,-98.2699,-56.1719,0.0000
17522,-98.2494,-56.2175,0.0000
17523,-98.2289,-56.2631,0.0000
17524,-98.2083,-56.3087,0.0000
17525,-98.1878,-56.3543,0.0000
17526,-98.1673,-56.3999,0.0000
17527,-98.1468,-56.4455,0.0000
17528,-98.1262,-56.4910,0.0000
17529,-98.1057,-56.5366,0.0000
17530,-98.0852,-56.5822,0.0000
17531,-98.0646,-56.6278,0.0000
17532,-98.0441,-56.6734,0.0000
17533,-98.0236,-56.7190,0.0000
17534,-98.0030,-56.7646,0.0000
17535,-97.9825,-56.8102,0.0000
17536,-97.9620,-56.8558,0.0000
17537,-97.9414,-56.9014,0.0000
17538,-97.9209,-56.9469,0.0000
17539,-97.9004,-56.9925,0.0000
17540,-97.8798,-57.0381,0.0000
17541,-97.8593,-57.0837,0.0000
17542,-97.8388,-57.1293,0.0000
17543,-97.8183,-57.1749,0.0000
17544,-97.7977,-57.2205,0.0000
17545,-97.7772,-57.2661,0.0000
17546,-97.7567,-57.3117,0.0000
17547,-97.7361,-57.3573,0.0000
17548,-97.7156,-57.4028,0.0000
17549,-97.6951,-57.4484,0.0000
17550,-97.6745,-57.4940,0.0000
17551,-97.6540,-57.5396,0.0000
17552,-97.6335,-57.5852,0.0000
17553,-97.6129,-57.6308,0.0000
17554,-97.5924,-57.6764,0.0000
17555,-97.5719,-57.7220,0.0000
17556,-97.5513,-57.7676,0.0000
17557,-97.5308,-57.8132,0.0000
17558,-97.5103,-57.8588,0.0000
17559,-97.4898,-57.9043,0.0000
17560,-97.4692,-57.9499,0.0000
17561,-97.4487,-57.9955,0.0000
17562,-97.4282,-58.0411,0.0000
17563,-97.4076,-58.0867,0.0000
17564,-97.3871,-58.1323,0.0000
17565,-97.3666,-58.1779,0.0000
17566,-97.3460,-58.2235,0.0000
17567,-97.3255,-58.2691,0.0000
17568,-97.3050,-58.3147,0.0000
17569,-97.2844,-58.3602,0.0000
17570,-97.2639,-58.4058,0.0000
17571,-97.2434,-58.4514,0.0000
17572,-97.2228,-58.4970,0.0000
17573,-97.2023,-58.5426,0.0000
17574,-97.1818,-58.5882,0.0000
17575,-97.1613,-58.6338,0.0000
17576,-97.1407,-58.6794,0.0000
17577,-97.1202,-58.7250,0.0000
17578,-97.0997,-58.7706,0.0000
17579,-97.0791,-58.8161,0.0000
17580,-97.0586,-58.8617,0.0000
17581,-97.0381,-58.9073,0.0000
17582,-97.0175,-58.9529,0.0000
17583,-96.9970,-58.9985,0.0000
17584,-96.9765,-59.0441,0.0000
17585,-96.9559,-59.0897,0.0000
17586,-96.9354,-59.1353,0.0000
17587,-96.9149,-59.1809,0.0000
17588,-96.8943,-59.2265,0.0000
17589,-96.8738,-59.2720,0.0000
17590,-96.8533,-59.3176,0.0000
17591,-96.8328,-59.3632,0.0000
17592,-96.8122,-59.4088,0.0000
17593,-96.7917,-59.4544,0.0000
17594,-96.7712,-59.5000,0.0000
17595,-96.7506,-59.5456,0.0000
17596,-96.7301,-59.5912,0.0000
17597,-96.7096,-59.6368,0.0000
17598,-96.6890,-59.6824,0.0000
17599,-96.6685,-59.7280,0.0000
17600,-96.6480,-59.7735,0.0000
17601,-96.6274,-59.8191,0.0000
17602,-96.6069,-59.8647,0.0000
17603,-96.5864,-59.9103,0.0000
17604,-96.5658,-59.9559,0.0000
17605,-96.5453,-60.0015,0.0000
17606,-96.5248,-60.0471,0.0000
17607,-96.5043,-60.0927,0.0000
17608,-96.4837,-60.1383,0.0000
17609,-96.4632,-60.1839,0.0000
17610,-96.4427,-60.2294,0.0000
17611,-96.4221,-60.2750,0.0000
17612,-96.4016,-60.3206,0.0000
17613,-96.3811,-60.3662,0.0000
17614,-96.3605,-60.4118,0.0000
17615,-96.3400,-60.4574,0.0000
17616,-96.3195,-60.5030,0.0000
17617,-96.2989,-60.5486,0.0000
17618,-96.2784,-60.5942,0.0000
17619,-96.2579,-60.6398,0.0000
17620,-96.2373,-60.6853,0.0000
17621,-96.2168,-60.7309,0.0000
17622,-96.1963,-60.7765,0.0000
17623,-96.1758,-60.8221,0.0000
17624,-96.1552,-60.8677,0.0000
17625,-96.1347,-60.9133,0.0000
17626,-96.1142,-60.9589,0.0000
17627,-96.0936,-61.0045,0.0000
17628,-96.0731,-61.0501,0.0000
17629,-96.0526,-61.0957,0.0000
17630,-96.0320,-61.1412,0.0000
17631,-96.0115,-61.1868,0.0000
17632,-95.9910,-61.2324,0.0000
17633,-95.9704,-61.2780,0.0000
17634,-95.9499,-61.3236,0.0000
17635,-95.9294,-61.3692,0.0000
17636,-95.9088,-61.4148,0.0000
17637,-95.8883,-61.4604,0.0000
17638,-95.8678,-61.5060,0.0000
17639,-95.8473,-61.5516,0.0000
17640,-95.8267,-61.5971,0.0000
17641,-95.8062,-61.6427,0.0000
17642,-95.7857,-61.6883,0.0000
17643,-95.7651,-61.7339,0.0000
17644,-95.7446,-61.7795,0.0000
17645,-95.7241,-61.8251,0.0000
17646,-95.7035,-61.8707,0.0000
17647,-95.6830,-61.9163,0.0000
17648,-95.6625,-61.9619,0.0000
17649,-95.6419,-62.0075,0.0000
17650,-95.6214,-62.0531,0.0000
17651,-95.6009,-62.0986,0.0000
17652,-95.5804,-62.1442,0.0000
17653,-95.5598,-62.1898,0.0000
17654,-95.5393,-62.2354,0.0000
17655,-95.5188,-62.2810,0.0000
17656,-95.4982,-62.3266,0.0000
17657,-95.4777,-62.3722,0.0000
17658,-95.4572,-62.4178,0.0000
17659,-95.4366,-62.4634,0.0000
17660,-95.4161,-62.5090,0.0000
17661,-95.3956,-62.5545,0.0000
17662,-95.3750,-62.6001,0.0000
17663,-95.3545,-62.6457,0.0000
17664,-95.3340,-62.6913,0.0000
17665,-95.3134,-62.7369,0.0000
17666,-95.2929,-62.7825,0.0000
17667,-95.2724,-62.8281,0.0000
17668,-95.2519,-62.8737,0.0000
17669,-95.2313,-62.9193,0.0000
17670,-95.2108,-62.9649,0.0000
17671,-95.1903,-63.0104,0.0000
17672,-95.1697,-63.0560,0.0000
17673,-95.1492,-63.1016,0.0000
17674,-95.1287,-63.1472,0.0000
17675,-95.1081,-63.1928,0.0000
17676,-95.0876,-63.2384,0.0000
17677,-95.0671,-63.2840,0.0000
17678,-95.0465,-63.3296,0.0000
17679,-95.0260,-63.3752,0.0000
17680,-95.0055,-63.4208,0.0000
17681,-94.9849,-63.4663,0.0000
17682,-94.9644,-63.5119,0.0000
17683,-94.9439,-63.5575,0.0000
17684,-94.9234,-63.6031,0.0000
17685,-94.9028,-63.6487,0.0000
17686,-94.8823,-63.6943,0.0000
17687,-94.8618,-63.7399,0.0000
17688,-94.8412,-63.7855,0.0000
17689,-94.8207,-63.8311,0.0000
17690,-94.8002,-63.8767,0.0000
17691,-94.7796,-63.9223,0.0000
17692,-94.7591,-63.9678,0.0000
17693,-94.7386,-64.0134,0.0000
17694,-94.7180,-64.0590,0.0000
17695,-94.6975,-64.1046,0.0000
17696,-94.6770,-64.1502,0.0000
17697,-94.6564,-64.1958,0.0000
17698,-94.6359,-64.2414,0.0000
17699,-94.6154,-64.2870,0.0000
17700,-94.5949,-64.3326,0.0000
17701,-94.5743,-64.3782,0.0000
17702,-94.5538,-64.4237,0.0000
17703,-94.5333,-64.4693,0.0000
17704,-94.5127,-64.5149,0.0000
17705,-94.4922,-64.5605,0.0000
17706,-94.4717,-64.6061,0.0000
17707,-94.4511,-64.6517,0.0000
17708,-94.4306,-64.6973,0.0000
17709,-94.4101,-64.7429,0.0000
17710,-94.3895,-64.7885,0.0000
17711,-94.3690,-64.8341,0.0000
17712,-94.3485,-64.8796,0.0000
17713,-94.3279,-64.9252,0.0000
17714,-94.3074,-64.9708,0.0000
17715,-94.2869,-65.0164,0.0000
17716,-94.2664,-65.0620,0.0000
17717,-94.2458,-65.1076,0.0000
17718,-94.2253,-65.1532,0.0000
17719,-94.2048,-65.1988,0.0000
17720,-94.1842,-65.2444,0.0000
17721,-94.1637,-65.2900,0.0000
17722,-94.1432,-65.3355,0.0000
17723,-94.1226,-65.3811,0.0000
17724,-94.1021,-65.4267,0.0000
17725,-94.0816,-65.4723,0.0000
17726,-94.0610,-65.5179,0.0000
17727,-94.0405,-65.5635,0.0000
17728,-94.0200,-65.6091,0.0000
17729,-93.9994,-65.6547,0.0000
17730,-93.9789,-65.7003,0.0000
17731,-93.9584,-65.7459,0.0000
17732,-93.9379,-65.7915,0.0000
17733,-93.9173,-65.8370,0.0000
17734,-93.8968,-65.8826,0.0000
17735,-93.8763,-65.9282,0.0000
17736,-93.8557,-65.9738,0.0000
17737,-93.8352,-66.0194,0.0000
17738,-93.8147,-66.0650,0.0000
17739,-93.7941,-66.1106,0.0000
17740,-93.7736,-66.1562,0.0000
17741,-93.7531,-66.2018,0.0000
17742,-93.7325,-66.2474,0.0000
17743,-93.7120,-66.2929,0.0000
17744,-93.6915,-66.3385,0.0000
17745,-93.6709,-66.3841,0.0000
17746,-93.6504,-66.4297,0.0000
17747,-93.6299,-66.4753,0.0000
17748,-93.6094,-66.5209,0.0000
17749,-93.5888,-66.5665,0.0000
17750,-93.5683,-66.6121,0.0000
17751,-93.5478,-66.6577,0.0000
17752,-93.5272,-66.7033,0.0000
17753,-93.5067,-66.7488,0.0000
17754,-93.4862,-66.7944,0.0000
17755,-93.4656,-66.8400,0.0000
17756,-93.4451,-66.8856,0.0000
17757,-93.4246,-66.9312,0.0000
17758,-93.4040,-66.9768,0.0000
17759,-93.3835,-67.0224,0.0000
17760,-93.3630,-67.0680,0.0000
17761,-93.3424,-67.1136,0.0000
17762,-93.3219,-67.1592,0.0000
17763,-93.3014,-67.2047,0.0000
17764,-93.2809,-67.2503,0.0000
17765,-93.2603,-67.2959,0.0000
17766,-93.2398,-67.3415,0.0000
17767,-93.2193,-67.3871,0.0000
17768,-93.1987,-67.4327,0.0000
17769,-93.1782,-67.4783,0.0000
17770,-93.1577,-67.5239,0.0000
17771,-93.1371,-67.5695,0.0000
17772,-93.1166,-67.6151,0.0000
17773,-93.0961,-67.6607,0.0000
17774,-93.0755,-67.7062,0.0000
17775,-93.0550,-67.7518,0.0000
17776,-93.0345,-67.7974,0.0000
17777,-93.0139,-67.8430,0.0000
17778,-92.9934,-67.8886,0.0000
17779,-92.9729,-67.9342,0.0000
17780,-92.9524,-67.9798,0.0000
17781,-92.9318,-68.0254,0.0000
17782,-92.9113,-68.0710,0.0000
17783,-92.8908,-68.1166,0.0000
17784,-92.8702,-68.1621,0.0000
17785,-92.8497,-68.2077,0.0000
17786,-92.8292,-68.2533,0.0000
17787,-92.8086,-68.2989,0.0000
17788,-92.7881,-68.3445,0.0000
17789,-92.7676,-68.3901,0.0000
17790,-92.7470,-68.4357,0.0000
17791,-92.7265,-68.4813,0.0000
17792,-92.7060,-68.5269,0.0000
17793,-92.6854,-68.5725,0.0000
17794,-92.6649,-68.6180,0.0000
17795,-92.6444,-68.6636,0.0000
17796,-92.6239,-68.7092,0.0000
17797,-92.6033,-68.7548,0.0000
17798,-92.5828,-68.8004,0.0000
17799,-92.5623,-68.8460,0.0000
17800,-92.5417,-68.8916,0.0000
17801,-92.5212,-68.9372,0.0000
17802,-92.5007,-68.9828,0.0000
17803,-92.4801,-69.0284,0.0000
17804,-92.4596,-69.0739,0.0000
17805,-92.4391,-69.1195,0.0000
17806,-92.4185,-69.1651,0.0000
17807,-92.3980,-69.2107,0.0000
17808,-92.3775,-69.2563,0.0000
17809,-92.3569,-69.3019,0.0000
17810,-92.3364,-69.3475,0.0000
17811,-92.3159,-69.3931,0.0000
17812,-92.2954,-69.4387,0.0000
17813,-92.2748,-69.4843,0.0000
17814,-92.2543,-69.5298,0.0000
17815,-92.2338,-69.5754,0.0000
17816,-92.2132,-69.6210,0.0000
17817,-92.1927,-69.6666,0.0000
17818,-92.1722,-69.7122,0.0000
17819,-92.1516,-69.7578,0.0000
17820,-92.1311,-69.8034,0.0000
17821,-92.1106,-69.8490,0.0000
17822,-92.0900,-69.8946,0.0000
17823,-92.0695,-69.9402,0.0000
17824,-92.0490,-69.9858,0.0000
17825,-92.0284,-70.0313,0.0000
17826,-92.0079,-70.0769,0.0000
17827,-91.9874,-70.1225,0.0000
17828,-91.9669,-70.1681,0.0000
17829,-91.9463,-70.2137,0.0000
17830,-91.9258,-70.2593,0.0000
17831,-91.9053,-70.3049,0.0000
17832,-91.8847,-70.3505,0.0000
17833,-91.8642,-70.3961,0.0000
17834,-91.8437,-70.4417,0.0000
17835,-91.8231,-70.4872,0.0000
17836,-91.8026,-70.5328,0.0000
17837,-91.7821,-70.5784,0.0000
17838,-91.7615,-70.6240,0.0000
17839,-91.7410,-70.6696,0.0000
17840,-91.7205,-70.7152,0.0000
17841,-91.7000,-70.7608,0.0000
17842,-91.6794,-70.8064,0.0000
17843,-91.6589,-70.8520,0.0000
17844,-91.6384,-70.8976,0.0000
17845,-91.6178,-70.9431,0.0000
17846,-91.5973,-70.9887,0.0000
17847,-91.5768,-71.0343,0.0000
17848,-91.5562,-71.0799,0.0000
17849,-91.5357,-71.1255,0.0000
17850,-91.5152,-71.1711,0.0000
17851,-91.4946,-71.2167,0.0000
17852,-91.4741,-71.2623,0.0000
17853,-91.4536,-71.3079,0.0000
17854,-91.4330,-71.3535,0.0000
17855,-91.4125,-71.3990,0.0000
17856,-91.3920,-71.4446,0.0000
17857,-91.3715,-71.4902,0.0000
17858,-91.3509,-71.5358,0.0000
17859,-91.3304,-71.5814,0.0000
17860,-91.3099,-71.6270,0.0000
17861,-91.2893,-71.6726,0.0000
17862,-91.2688,-71.7182,0.0000
17863,-91.2483,-71.7638,0.0000
17864,-91.2277,-71.8094,0.0000
17865,-91.2072,-71.8550,0.0000
17866,-91.1867,-71.9005,0.0000
17867,-91.1661,-71.9461,0.0000
17868,-91.1456,-71.9917,0.0000
17869,-91.1251,-72.0373,0.0000
17870,-91.1045,-72.0829,0.0000
17871,-91.0840,-72.1285,0.0000
17872,-91.0635,-72.1741,0.0000
17873,-91.0430,-72.2197,0.0000
17874,-91.0224,-72.2653,0.0000
17875,-91.0019,-72.3109,0.0000
17876,-90.9814,-72.3564,0.0000
17877,-90.9608,-72.4020,0.0000
17878,-90.9403,-72.4476,0.0000
17879,-90.9198,-72.4932,0.0000
17880,-90.8992,-72.5388,0.0000
17881,-90.8787,-72.5844,0.0000
17882,-90.8582,-72.6300,0.0000
17883,-90.8376,-72.6756,0.0000
17884,-90.8171,-72.7212,0.0000
17885,-90.7966,-72.7668,0.0000
17886,-90.7760,-72.8123,0.0000
17887,-90.7555,-72.8579,0.0000
17888,-90.7350,-72.9035,0.0000
17889,-90.7145,-72.9491,0.0000
17890,-90.6939,-72.9947,0.0000
17891,-90.6734,-73.0403,0.0000
17892,-90.6529,-73.0859,0.0000
17893,-90.6323,-73.1315,0.0000
17894,-90.6118,-73.1771,0.0000
17895,-90.5913,-73.2227,0.0000
17896,-90.5707,-73.2682,0.0000
17897,-90.5502,-73.3138,0.0000
17898,-90.5297,-73.3594,0.0000
17899,-90.5091,-73.4050,0.0000
17900,-90.4886,-73.4506,0.0000
17901,-90.4681,-73.4962,0.0000
17902,-90.4475,-73.5418,0.0000
17903,-90.4270,-73.5874,0.0000
17904,-90.4065,-73.6330,0.0000
17905,-90.3860,-73.6786,0.0000
17906,-90.3654,-73.7242,0.0000
17907,-90.3449,-73.7697,0.0000
17908,-90.3244,-73.8153,0.0000
17909,-90.3038,-73.8609,0.0000
17910,-90.2833,-73.9065,0.0000
17911,-90.2628,-73.9521,0.0000
17912,-90.2422,-73.9977,0.0000
17913,-90.2217,-74.0433,0.0000
17914,-90.2012,-74.0889,0.0000
17915,-90.1806,-74.1345,0.0000
17916,-90.1601,-74.1801,0.0000
17917,-90.1396,-74.2256,0.0000
17918,-90.1190,-74.2712,0.0000
17919,-90.0985,-74.3168,0.0000
17920,-90.0780,-74.3624,0.0000
17921,-90.0575,-74.4080,0.0000
17922,-90.0369,-74.4536,0.0000
17923,-90.0164,-74.4992,0.0000
17924,-89.9959,-74.5448,0.0000
17925,-89.9753,-74.5904,0.0000
17926,-89.9548,-74.6360,0.0000
17927,-89.9343,-74.6815,0.0000
17928,-89.9137,-74.7271,0.0000
17929,-89.8932,-74.7727,0.0000
17930,-89.8727,-74.8183,0.0000
17931,-89.8521,-74.8639,0.0000
17932,-89.8316,-74.9095,0.0000
17933,-89.8111,-74.9551,0.0000
17934,-89.7905,-75.0007,0.0000
17935,-89.7700,-75.0463,0.0000
17936,-89.7495,-75.0919,0.0000
17937,-89.7290,-75.1374,0.0000
17938,-89.7084,-75.1830,0.0000
17939,-89.6879,-75.2286,0.0000
17940,-89.6674,-75.2742,0.0000
17941,-89.6468,-75.3198,0.0000
17942,-89.6263,-75.3654,0.0000
17943,-89.6058,-75.4110,0.0000
17944,-89.5852,-75.4566,0.0000
17945,-89.5647,-75.5022,0.0000
17946,-89.5442,-75.5478,0.0000
17947,-89.5236,-75.5934,0.0000
17948,-89.5031,-75.6389,0.0000
17949,-89.4826,-75.6845,0.0000
17950,-89.4620,-75.7301,0.0000
17951,-89.4415,-75.7757,0.0000
17952,-89.4210,-75.8213,0.0000
17953,-89.4005,-75.8669,0.0000
17954,-89.3799,-75.9125,0.0000
17955,-89.3594,-75.9581,0.0000
17956,-89.3389,-76.0037,0.0000
17957,-89.3183,-76.0493,0.0000
17958,-89.2978,-76.0948,0.0000
17959,-89.2773,-76.1404,0.0000
17960,-89.2567,-76.1860,0.0000
17961,-89.2362,-76.2316,0.0000
17962,-89.2157,-76.2772,0.0000
17963,-89.1951,-76.3228,0.0000
17964,-89.1746,-76.3684,0.0000
17965,-89.1541,-76.4140,0.0000
17966,-89.1335,-76.4596,0.0000
17967,-89.1130,-76.5052,0.0000
17968,-89.0925,-76.5507,0.0000
17969,-89.0720,-76.5963,0.0000
17970,-89.0514,-76.6419,0.0000
17971,-89.0309,-76.6875,0.0000
17972,-89.0104,-76.7331,0.0000
17973,-88.9898,-76.7787,0.0000
17974,-88.9693,-76.8243,0.0000
17975,-88.9488,-76.8699,0.0000
17976,-88.9282,-76.9155,0.0000
17977,-88.9077,-76.9611,0.0000
17978,-88.8872,-77.0066,0.0000
17979,-88.8666,-77.0522,0.0000
17980,-88.8461,-77.0978,0.0000
17981,-88.8256,-77.1434,0.0000
17982,-88.8050,-77.1890,0.0000
17983,-88.7845,-77.2346,0.0000
17984,-88.7640,-77.2802,0.0000
17985,-88.7435,-77.3258,0.0000
17986,-88.7229,-77.3714,0.0000
17987,-88.7024,-77.4170,0.0000
17988,-88.6819,-77.4626,0.0000
17989,-88.6613,-77.5081,0.0000
17990,-88.6408,-77.5537,0.0000
17991,-88.6203,-77.5993,0.0000
17992,-88.5997,-77.6449,0.0000
17993,-88.5792,-77.6905,0.0000
17994,-88.5587,-77.7361,0.0000
17995,-88.5381,-77.7817,0.0000
17996,-88.5176,-77.8273,0.0000
17997,-88.4971,-77.8729,0.0000
17998,-88.4765,-77.9185,0.0000
17999,-88.4560,-77.9640,0.0000
18000,-88.4355,-78.0096,0.0000
18001,-88.4150,-78.0552,0.0000
18002,-88.3944,-78.1008,0.0000
18003,-88.3739,-78.1464,0.0000
18004,-88.3534,-78.1920,0.0000
18005,-88.3328,-78.2376,0.0000
18006,-88.3123,-78.2832,0.0000
18007,-88.2918,-78.3288,0.0000
18008,-88.2712,-78.3744,0.0000
18009,-88.2507,-78.4199,0.0000
18010,-88.2302,-78.4655,0.0000
18011,-88.2096,-78.5111,0.0000
18012,-88.1891,-78.5567,0.0000
18013,-88.1686,-78.6023,0.0000
18014,-88.1480,-78.6479,0.0000
18015,-88.1275,-78.6935,0.0000
18016,-88.1070,-78.7391,0.0000
18017,-88.0865,-78.7847,0.0000
18018,-88.0659,-78.8303,0.0000
18019,-88.0454,-78.8758,0.0000
18020,-88.0249,-78.9214,0.0000
18021,-88.0043,-78.9670,0.0000
18022,-87.9838,-79.0126,0.0000
18023,-87.9633,-79.0582,0.0000
18024,-87.9427,-79.1038,0.0000
18025,-87.9222,-79.1494,0.0000
18026,-87.9017,-79.1950,0.0000
18027,-87.8811,-79.2406,0.0000
18028,-87.8606,-79.2862,0.0000
18029,-87.8401,-79.3317,0.0000
18030,-87.8196,-79.3773,0.0000
18031,-87.7990,-79.4229,0.0000
18032,-87.7785,-79.4685,0.0000
18033,-87.7580,-79.5141,0.0000
18034,-87.7374,-79.5597,0.0000
18035,-87.7169,-79.6053,0.0000
18036,-87.6964,-79.6509,0.0000
18037,-87.6758,-79.6965,0.0000
18038,-87.6553,-79.7421,0.0000
18039,-87.6348,-79.7877,0.0000
18040,-87.6142,-79.8332,0.0000
18041,-87.5937,-79.8788,0.0000
18042,-87.5732,-79.9244,0.0000
18043,-87.5526,-79.9700,0.0000
18044,-87.5321,-80.0156,0.0000
18045,-87.5116,-80.0612,0.0000
18046,-87.4911,-80.1068,0.0000
18047,-87.4705,-80.1524,0.0000
18048,-87.4500,-80.1980,0.0000
18049,-87.4295,-80.2436,0.0000
18050,-87.4089,-80.2891,0.0000
18051,-87.3884,-80.3347,0.0000
18052,-87.3679,-80.3803,0.0000
18053,-87.3473,-80.4259,0.0000
18054,-87.3268,-80.4715,0.0000
18055,-87.3063,-80.5171,0.0000
18056,-87.2857,-80.5627,0.0000
18057,-87.2652,-80.6083,0.0000
18058,-87.2447,-80.6539,0.0000
18059,-87.2241,-80.6995,0.0000
18060,-87.2036,-80.7450,0.0000
18061,-87.1831,-80.7906,0.0000
18062,-87.1626,-80.8362,0.0000
18063,-87.1420,-80.8818,0.0000
18064,-87.1215,-80.9274,0.0000
18065,-87.1010,-80.9730,0.0000
18066,-87.0804,-81.0186,0.0000
18067,-87.0599,-81.0642,0.0000
18068,-87.0394,-81.1098,0.0000
18069,-87.0188,-81.1554,0.0000
18070,-86.9983,-81.2009,0.0000
18071,-86.9778,-81.2465,0.0000
18072,-86.9572,-81.2921,0.0000
18073,-86.9367,-81.3377,0.0000
18074,-86.9162,-81.3833,0.0000
18075,-86.8956,-81.4289,0.0000
18076,-86.8751,-81.4745,0.0000
18077,-86.8546,-81.5201,0.0000
18078,-86.8341,-81.5657,0.0000
18079,-86.8135,-81.6113,0.0000
18080,-86.7930,-81.6569,0.0000
18081,-86.7725,-81.7024,0.0000
18082,-86.7519,-81.7480,0.0000
18083,-86.7314,-81.7936,0.0000
18084,-86.7109,-81.8392,0.0000
18085,-86.6903,-81.8848,0.0000
18086,-86.6698,-81.9304,0.0000
18087,-86.6493,-81.9760,0.0000
18088,-86.6287,-82.0216,0.0000
18089,-86.6082,-82.0672,0.0000
18090,-86.5877,-82.1128,0.0000
18091,-86.5671,-82.1583,0.0000
18092,-86.5466,-82.2039,0.0000
18093,-86.5261,-82.2495,0.0000
18094,-86.5056,-82.2951,0.0000
18095,-86.4850,-82.3407,0.0000
18096,-86.4645,-82.3863,0.0000
18097,-86.4440,-82.4319,0.0000
18098,-86.4234,-82.4775,0.0000
18099,-86.4029,-82.5231,0.0000
18100,-86.3824,-82.5687,0.0000
18101,-86.3618,-82.6142,0.0000
18102,-86.3413,-82.6598,0.0000
18103,-86.3208,-82.7054,0.0000
18104,-86.3002,-82.7510,0.0000
18105,-86.2797,-82.7966,0.0000
18106,-86.2592,-82.8422,0.0000
18107,-86.2386,-82.8878,0.0000
18108,-86.2181,-82.9334,0.0000
18109,-86.1976,-82.9790,0.0000
18110,-86.1771,-83.0246,0.0000
18111,-86.1565,-83.0701,0.0000
18112,-86.1360,-83.1157,0.0000
18113,-86.1155,-83.1613,0.0000
18114,-86.0949,-83.2069,0.0000
18115,-86.0744,-83.2525,0.0000
18116,-86.0539,-83.2981,0.0000
18117,-86.0333,-83.3437,0.0000
18118,-86.0128,-83.3893,0.0000
18119,-85.9923,-83.4349,0.0000
18120,-85.9717,-83.4805,0.0000
18121,-85.9512,-83.5261,0.0000
18122,-85.9307,-83.5716,0.0000
18123,-85.9101,-83.6172,0.0000
18124,-85.8896,-83.6628,0.0000
18125,-85.8691,-83.7084,0.0000
18126,-85.8486,-83.7540,0.0000
18127,-85.8280,-83.7996,0.0000
18128,-85.8075,-83.8452,0.0000
18129,-85.7870,-83.8908,0.0000
18130,-85.7664,-83.9364,0.0000
18131,-85.7459,-83.9820,0.0000
18132,-85.7254,-84.0275,0.0000
18133,-85.7048,-84.0731,0.0000
18134,-85.6843,-84.1187,0.0000
18135,-85.6638,-84.1643,0.0000
18136,-85.6432,-84.2099,0.0000
18137,-85.6227,-84.2555,0.0000
18138,-85.6022,-84.3011,0.0000
18139,-85.5816,-84.3467,0.0000
18140,-85.5611,-84.3923,0.0000
18141,-85.5406,-84.4379,0.0000
18142,-85.5201,-84.4834,0.0000
18143,-85.4995,-84.5290,0.0000
18144,-85.4790,-84.5746,0.0000
18145,-85.4585,-84.6202,0.0000
18146,-85.4379,-84.6658,0.0000
18147,-85.4174,-84.7114,0.0000
18148,-85.3969,-84.7570,0.0000
18149,-85.3763,-84.8026,0.0000
18150,-85.3558,-84.8482,0.0000
18151,-85.3353,-84.8938,0.0000
18152,-85.3147,-84.9393,0.0000
18153,-85.2942,-84.9849,0.0000
18154,-85.2737,-85.0305,0.0000
18155,-85.2531,-85.0761,0.0000
18156,-85.2326,-85.1217,0.0000
18157,-85.2121,-85.1673,0.0000
18158,-85.1916,-85.2129,0.0000
18159,-85.1710,-85.2585,0.0000
18160,-85.1505,-85.3041,0.0000
18161,-85.1300,-85.3497,0.0000
18162,-85.1094,-85.3953,0.0000
18163,-85.0889,-85.4408,0.0000
18164,-85.0684,-85.4864,0.0000
18165,-85.0478,-85.5320,0.0000
18166,-85.0273,-85.5776,0.0000
18167,-85.0068,-85.6232,0.0000
18168,-84.9862,-85.6688,0.0000
18169,-84.9657,-85.7144,0.0000
18170,-84.9452,-85.7600,0.0000
18171,-84.9246,-85.8056,0.0000
18172,-84.9041,-85.8512,0.0000
18173,-84.8836,-85.8967,0.0000
18174,-84.8631,-85.9423,0.0000
18175,-84.8425,-85.9879,0.0000
18176,-84.8220,-86.0335,0.0000
18177,-84.8015,-86.0791,0.0000
18178,-84.7809,-86.1247,0.0000
18179,-84.7604,-86.1703,0.0000
18180,-84.7399,-86.2159,0.0000
18181,-84.7193,-86.2615,0.0000
18182,-84.6988,-86.3071,0.0000
18183,-84.6783,-86.3526,0.0000
18184,-84.6577,-86.3982,0.0000
18185,-84.6372,-86.4438,0.0000
18186,-84.6167,-86.4894,0.0000
18187,-84.5961,-86.5350,0.0000
18188,-84.5756,-86.5806,0.0000
18189,-84.5551,-86.6262,0.0000
18190,-84.5346,-86.6718,0.0000
18191,-84.5140,-86.7174,0.0000
18192,-84.4935,-86.7630,0.0000
18193,-84.4730,-86.8085,0.0000
18194,-84.4524,-86.8541,0.0000
18195,-84.4319,-86.8997,0.0000
18196,-84.4114,-86.9453,0.0000
18197,-84.3908,-86.9909,0.0000
18198,-84.3703,-87.0365,0.0000
18199,-84.3498,-87.0821,0.0000
18200,-84.3292,-87.1277,0.0000
18201,-84.3087,-87.1733,0.0000
18202,-84.2882,-87.2189,0.0000
18203,-84.2676,-87.2644,0.0000
18204,-84.2471,-87.3100,0.0000
18205,-84.2266,-87.3556,0.0000
18206,-84.2061,-87.4012,0.0000
18207,-84.1855,-87.4468,0.0000
18208,-84.1650,-87.4924,0.0000
18209,-84.1445,-87.5380,0.0000
18210,-84.1239,-87.5836,0.0000
18211,-84.1034,-87.6292,0.0000
18212,-84.0829,-87.6748,0.0000
18213,-84.0623,-87.7204,0.0000
18214,-84.0418,-87.7659,0.0000
18215,-84.0213,-87.8115,0.0000
18216,-84.0007,-87.8571,0.0000
18217,-83.9802,-87.9027,0.0000
18218,-83.9597,-87.9483,0.0000
18219,-83.9391,-87.9939,0.0000
18220,-83.9186,-88.0395,0.0000
18221,-83.8981,-88.0851,0.0000
18222,-83.8776,-88.1307,0.0000
18223,-83.8570,-88.1763,0.0000
18224,-83.8365,-88.2218,0.0000
18225,-83.8160,-88.2674,0.0000
18226,-83.7954,-88.3130,0.0000
18227,-83.7749,-88.3586,0.0000
18228,-83.7544,-88.4042,0.0000
18229,-83.7338,-88.4498,0.0000
18230,-83.7133,-88.4954,0.0000
18231,-83.6928,-88.5410,0.0000
18232,-83.6722,-88.5866,0.0000
18233,-83.6517,-88.6322,0.0000
18234,-83.6312,-88.6777,0.0000
18235,-83.6107,-88.7233,0.0000
18236,-83.5901,-88.7689,0.0000
18237,-83.5696,-88.8145,0.0000
18238,-83.5491,-88.8601,0.0000
18239,-83.5285,-88.9057,0.0000
18240,-83.5080,-88.9513,0.0000
18241,-83.4875,-88.9969,0.0000
18242,-83.4669,-89.0425,0.0000
18243,-83.4464,-89.0881,0.0000
18244,-83.4259,-89.1336,0.0000
18245,-83.4053,-89.1792,0.0000
18246,-83.3848,-89.2248,0.0000
18247,-83.3643,-89.2704,0.0000
18248,-83.3437,-89.3160,0.0000
18249,-83.3232,-89.3616,0.0000
18250,-83.3027,-89.4072,0.0000
18251,-83.2822,-89.4528,0.0000
18252,-83.2616,-89.4984,0.0000
18253,-83.2411,-89.5440,0.0000
18254,-83.2206,-89.5896,0.0000
18255,-83.2000,-89.6351,0.0000
18256,-83.1795,-89.6807,0.0000
18257,-83.1590,-89.7263,0.0000
18258,-83.1384,-89.7719,0.0000
18259,-83.1179,-89.8175,0.0000
18260,-83.0974,-89.8631,0.0000
18261,-83.0768,-89.9087,0.0000
18262,-83.0563,-89.9543,0.0000
18263,-83.0358,-89.9999,0.0000
18264,-83.0152,-90.0455,0.0000
18265,-82.9947,-90.0910,0.0000
18266,-82.9742,-90.1366,0.0000
18267,-82.9537,-90.1822,0.0000
18268,-82.9331,-90.2278,0.0000
18269,-82.9126,-90.2734,0.0000
18270,-82.8921,-90.3190,0.0000
18271,-82.8715,-90.3646,0.0000
18272,-82.8510,-90.4102,0.0000
18273,-82.8305,-90.4558,0.0000
18274,-82.8099,-90.5014,0.0000
18275,-82.7894,-90.5469,0.0000
18276,-82.7689,-90.5925,0.0000
18277,-82.7483,-90.6381,0.0000
18278,-82.7278,-90.6837,0.0000
18279,-82.7073,-90.7293,0.0000
18280,-82.6867,-90.7749,0.0000
18281,-82.6662,-90.8205,0.0000
18282,-82.6457,-90.8661,0.0000
18283,-82.6252,-90.9117,0.0000
18284,-82.6046,-90.9573,0.0000
18285,-82.5841,-91.0028,0.0000
18286,-82.5636,-91.0484,0.0000
18287,-82.5430,-91.0940,0.0000
18288,-82.5225,-91.1396,0.0000
18289,-82.5020,-91.1852,0.0000
18290,-82.4814,-91.2308,0.0000
18291,-82.4609,-91.2764,0.0000
18292,-82.4404,-91.3220,0.0000
18293,-82.4198,-91.3676,0.0000
18294,-82.3993,-91.4132,0.0000
18295,-82.3788,-91.4588,0.0000
18296,-82.3582,-91.5043,0.0000
18297,-82.3377,-91.5499,0.0000
18298,-82.3172,-91.5955,0.0000
18299,-82.2967,-91.6411,0.0000
18300,-82.2761,-91.6867,0.0000
18301,-82.2556,-91.7323,0.0000
18302,-82.2351,-91.7779,0.0000
18303,-82.2145,-91.8235,0.0000
18304,-82.1940,-91.8691,0.0000
18305,-82.1735,-91.9147,0.0000
18306,-82.1529,-91.9602,0.0000
18307,-82.1324,-92.0058,0.0000
18308,-82.1119,-92.0514,0.0000
18309,-82.0913,-92.0970,0.0000
18310,-82.0708,-92.1426,0.0000
18311,-82.0503,-92.1882,0.0000
18312,-82.0297,-92.2338,0.0000
18313,-82.0092,-92.2794,0.0000
18314,-81.9887,-92.3250,0.0000
18315,-81.9682,-92.3706,0.0000
18316,-81.9476,-92.4161,0.0000
18317,-81.9271,-92.4617,0.0000
18318,-81.9066,-92.5073,0.0000
18319,-81.8860,-92.5529,0.0000
18320,-81.8655,-92.5985,0.0000
18321,-81.8450,-92.6441,0.0000
18322,-81.8244,-92.6897,0.0000
18323,-81.8039,-92.7353,0.0000
18324,-81.7834,-92.7809,0.0000
18325,-81.7628,-92.8265,0.0000
18326,-81.7423,-92.8720,0.0000
18327,-81.7218,-92.9176,0.0000
18328,-81.7012,-92.9632,0.0000
18329,-81.6807,-93.0088,0.0000
18330,-81.6602,-93.0544,0.0000
18331,-81.6397,-93.1000,0.0000
18332,-81.6191,-93.1456,0.0000
18333,-81.5986,-93.1912,0.0000
18334,-81.5781,-93.2368,0.0000
18335,-81.5575,-93.2824,0.0000
18336,-81.5370,-93.3280,0.0000
18337,-81.5165,-93.3735,0.0000
18338,-81.4959,-93.4191,0.0000
18339,-81.4754,-93.4647,0.0000
18340,-81.4549,-93.5103,0.0000
18341,-81.4343,-93.5559,0.0000
18342,-81.4138,-93.6015,0.0000
18343,-81.3933,-93.6471,0.0000
18344,-81.3727,-93.6927,0.0000
18345,-81.3522,-93.7383,0.0000
18346,-81.3317,-93.7839,0.0000
18347,-81.3112,-93.8294,0.0000
18348,-81.2906,-93.8750,0.0000
18349,-81.2701,-93.9206,0.0000
18350,-81.2496,-93.9662,0.0000
18351,-81.2290,-94.0118,0.0000
18352,-81.2085,-94.0574,0.0000
18353,-81.1880,-94.1030,0.0000
18354,-81.1674,-94.1486,0.0000
18355,-81.1469,-94.1942,0.0000
18356,-81.1264,-94.2398,0.0000
18357,-81.1058,-94.2853,0.0000
18358,-81.0853,-94.3309,0.0000
18359,-81.0648,-94.3765,0.0000
18360,-81.0442,-94.4221,0.0000
18361,-81.0237,-94.4677,0.0000
18362,-81.0032,-94.5133,0.0000
18363,-80.9827,-94.5589,0.0000
18364,-80.9621,-94.6045,0.0000
18365,-80.9416,-94.6501,0.0000
18366,-80.9211,-94.6957,0.0000
18367,-80.9005,-94.7412,0.0000
18368,-80.8800,-94.7868,0.0000
18369,-80.8595,-94.8324,0.0000
18370,-80.8389,-94.8780,0.0000
18371,-80.8184,-94.9236,0.0000
18372,-80.7979,-94.9692,0.0000
18373,-80.7773,-95.0148,0.0000
18374,-80.7568,-95.0604,0.0000
18375,-80.7363,-95.1060,0.0000
18376,-80.7157,-95.1516,0.0000
18377,-80.6952,-95.1971,0.0000
18378,-80.6747,-95.2427,0.0000
18379,-80.6542,-95.2883,0.0000
18380,-80.6336,-95.3339,0.0000
18381,-80.6131,-95.3795,0.0000
18382,-80.5926,-95.4251,0.0000
18383,-80.5720,-95.4707,0.0000
18384,-80.5515,-95.5163,0.0000
18385,-80.5310,-95.5619,0.0000
18386,-80.5104,-95.6075,0.0000
18387,-80.4899,-95.6531,0.0000
18388,-80.4694,-95.6986,0.0000
18389,-80.4488,-95.7442,0.0000
18390,-80.4283,-95.7898,0.0000
18391,-80.4078,-95.8354,0.0000
18392,-80.3872,-95.8810,0.0000
18393,-80.3667,-95.9266,0.0000
18394,-80.3462,-95.9722,0.0000
18395,-80.3257,-96.0178,0.0000
18396,-80.3051,-96.0634,0.0000
18397,-80.2846,-96.1090,0.0000
18398,-80.2641,-96.1545,0.0000
18399,-80.2435,-96.2001,0.0000
18400,-80.2230,-96.2457,0.0000
18401,-80.2025,-96.2913,0.0000
18402,-80.1819,-96.3369,0.0000
18403,-80.1614,-96.3825,0.0000
18404,-80.1409,-96.4281,0.0000
18405,-80.1203,-96.4737,0.0000
18406,-80.0998,-96.5193,0.0000
18407,-80.0793,-96.5649,0.0000
18408,-80.0587,-96.6104,0.0000
18409,-80.0382,-96.6560,0.0000
18410,-80.0177,-96.7016,0.0000
18411,-79.9972,-96.7472,0.0000
18412,-79.9766,-96.7928,0.0000
18413,-79.9561,-96.8384,0.0000
18414,-79.9356,-96.8840,0.0000
18415,-79.9150,-96.9296,0.0000
18416,-79.8945,-96.9752,0.0000
18417,-79.8740,-97.0208,0.0000
18418,-79.8534,-97.0663,0.0000
18419,-79.8329,-97.1119,0.0000
18420,-79.8124,-97.1575,0.0000
18421,-79.7918,-97.2031,0.0000
18422,-79.7713,-97.2487,0.0000
18423,-79.7508,-97.2943,0.0000
18424,-79.7303,-97.3399,0.0000
18425,-79.7097,-97.3855,0.0000
18426,-79.6892,-97.4311,0.0000
18427,-79.6687,-97.4767,0.0000
18428,-79.6481,-97.5223,0.0000
18429,-79.6276,-97.5678,0.0000
18430,-79.6071,-97.6134,0.0000
18431,-79.5865,-97.6590,0.0000
18432,-79.5660,-97.7046,0.0000
18433,-79.5455,-97.7502,0.0000
18434,-79.5249,-97.7958,0.0000
18435,-79.5044,-97.8414,0.0000
18436,-79.4839,-97.8870,0.0000
18437,-79.4633,-97.9326,0.0000
18438,-79.4428,-97.9782,0.0000
18439,-79.4223,-98.0237,0.0000
18440,-79.4018,-98.0693,0.0000
18441,-79.3812,-98.1149,0.0000
18442,-79.3607,-98.1605,0.0000
18443,-79.3402,-98.2061,0.0000
18444,-79.3196,-98.2517,0.0000
18445,-79.2991,-98.2973,0.0000
18446,-79.2786,-98.3429,0.0000
18447,-79.2580,-98.3885,0.0000
18448,-79.2375,-98.4341,0.0000
18449,-79.2170,-98.4796,0.0000
18450,-79.1964,-98.5252,0.0000
18451,-79.1759,-98.5708,0.0000
18452,-79.1554,-98.6164,0.0000
18453,-79.1348,-98.6620,0.0000
18454,-79.1143,-98.7076,0.0000
18455,-79.0938,-98.7532,0.0000
18456,-79.0733,-98.7988,0.0000
18457,-79.0527,-98.8444,0.0000
18458,-79.0322,-98.8900,0.0000
18459,-79.0117,-98.9355,0.0000
18460,-78.9911,-98.9811,0.0000
18461,-78.9706,-99.0267,0.0000
18462,-78.9501,-99.0723,0.0000
18463,-78.9295,-99.1179,0.0000
18464,-78.9090,-99.1635,0.0000
18465,-78.8885,-99.2091,0.0000
18466,-78.8679,-99.2547,0.0000
18467,-78.8474,-99.3003,0.0000
18468,-78.8269,-99.3459,0.0000
18469,-78.8063,-99.3915,0.0000
18470,-78.7858,-99.4370,0.0000
18471,-78.7653,-99.4826,0.0000
18472,-78.7448,-99.5282,0.0000
18473,-78.7242,-99.5738,0.0000
18474,-78.7037,-99.6194,0.0000
18475,-78.6832,-99.6650,0.0000
18476,-78.6626,-99.7106,0.0000
18477,-78.6421,-99.7562,0.0000
18478,-78.6216,-99.8018,0.0000
18479,-78.6010,-99.8474,0.0000
18480,-78.5805,-99.8929,0.0000
18481,-78.5600,-99.9385,0.0000
18482,-78.5394,-99.9841,0.0000
18483,-78.5189,-100.0297,0.0000
18484,-78.4984,-100.0753,0.0000
18485,-78.4778,-100.1209,0.0000
18486,-78.4573,-100.1665,0.0000
18487,-78.4368,-100.2121,0.0000
18488,-78.4163,-100.2577,0.0000
18489,-78.3957,-100.3033,0.0000
18490,-78.3752,-100.3488,0.0000
18491,-78.3547,-100.3944,0.0000
18492,-78.3341,-100.4400,0.0000
18493,-78.3136,-100.4856,0.0000
18494,-78.2931,-100.5312,0.0000
18495,-78.2725,-100.5768,0.0000
18496,-78.2520,-100.6224,0.0000
18497,-78.2315,-100.6680,0.0000
18498,-78.2109,-100.7136,0.0000
18499,-78.1904,-100.7592,0.0000
18500,-78.1699,-100.8047,0.0000
18501,-78.1493,-100.8503,0.0000
18502,-78.1288,-100.8959,0.0000
18503,-78.1083,-100.9415,0.0000
18504,-78.0878,-100.9871,0.0000
18505,-78.0672,-101.0327,0.0000
18506,-78.0467,-101.0783,0.0000
18507,-78.0262,-101.1239,0.0000
18508,-78.0056,-101.1695,0.0000
18509,-77.9851,-101.2151,0.0000
18510,-77.9646,-101.2607,0.0000
18511,-77.9440,-101.3062,0.0000
18512,-77.9235,-101.3518,0.0000
18513,-77.9030,-101.3974,0.0000
18514,-77.8824,-101.4430,0.0000
18515,-77.8619,-101.4886,0.0000
18516,-77.8414,-101.5342,0.0000
18517,-77.8208,-101.5798,0.0000
18518,-77.8003,-101.6254,0.0000
18519,-77.7798,-101.6710,0.0000
18520,-77.7593,-101.7166,0.0000
18521,-77.7387,-101.7621,0.0000
18522,-77.7182,-101.8077,0.0000
18523,-77.6977,-101.8533,0.0000
18524,-77.6771,-101.8989,0.0000
18525,-77.6566,-101.9445,0.0000
18526,-77.6361,-101.9901,0.0000
18527,-77.6155,-102.0357,0.0000
18528,-77.5950,-102.0813,0.0000
18529,-77.5745,-102.1269,0.0000
18530,-77.5539,-102.1725,0.0000
18531,-77.5334,-102.2180,0.0000
18532,-77.5129,-102.2636,0.0000
18533,-77.4923,-102.3092,0.0000
18534,-77.4718,-102.3548,0.0000
18535,-77.4513,-102.4004,0.0000
18536,-77.4308,-102.4460,0.0000
18537,-77.4102,-102.4916,0.0000
18538,-77.3897,-102.5372,0.0000
18539,-77.3692,-102.5828,0.0000
18540,-77.3486,-102.6284,0.0000
18541,-77.3281,-102.6739,0.0000
18542,-77.3076,-102.7195,0.0000
18543,-77.2870,-102.7651,0.0000
18544,-77.2665,-102.8107,0.0000
18545,-77.2460,-102.8563,0.0000
18546,-77.2254,-102.9019,0.0000
18547,-77.2049,-102.9475,0.0000
18548,-77.1844,-102.9931,0.0000
18549,-77.1638,-103.0387,0.0000
18550,-77.1433,-103.0843,0.0000
18551,-77.1228,-103.1298,0.0000
18552,-77.1023,-103.1754,0.0000
18553,-77.0817,-103.2210,0.0000
18554,-77.0612,-103.2666,0.0000
18555,-77.0407,-103.3122,0.0000
18556,-77.0201,-103.3578,0.0000
18557,-76.9996,-103.4034,0.0000
18558,-76.9791,-103.4490,0.0000
18559,-76.9585,-103.4946,0.0000
18560,-76.9380,-103.5402,0.0000
18561,-76.9175,-103.5858,0.0000
18562,-76.8969,-103.6313,0.0000
18563,-76.8764,-103.6769,0.0000
18564,-76.8559,-103.7225,0.0000
18565,-76.8353,-103.7681,0.0000
18566,-76.8148,-103.8137,0.0000
18567,-76.7943,-103.8593,0.0000
18568,-76.7738,-103.9049,0.0000
18569,-76.7532,-103.9505,0.0000
18570,-76.7327,-103.9961,0.0000
18571,-76.7122,-104.0417,0.0000
18572,-76.6916,-104.0872,0.0000
18573,-76.6711,-104.1328,0.0000
18574,-76.6506,-104.1784,0.0000
18575,-76.6300,-104.2240,0.0000
18576,-76.6095,-104.2696,0.0000
18577,-76.5890,-104.3152,0.0000
18578,-76.5684,-104.3608,0.0000
18579,-76.5479,-104.4064,0.0000
18580,-76.5274,-104.4520,0.0000
18581,-76.5068,-104.4976,0.0000
18582,-76.4863,-104.5431,0.0000
18583,-76.4658,-104.5887,0.0000
18584,-76.4453,-104.6343,0.0000
18585,-76.4247,-104.6799,0.0000
18586,-76.4042,-104.7255,0.0000
18587,-76.3837,-104.7711,0.0000
18588,-76.3631,-104.8167,0.0000
18589,-76.3426,-104.8623,0.0000
18590,-76.3221,-104.9079,0.0000
18591,-76.3015,-104.9535,0.0000
18592,-76.2810,-104.9990,0.0000
18593,-76.2605,-105.0446,0.0000
18594,-76.2399,-105.0902,0.0000
18595,-76.2194,-105.1358,0.0000
18596,-76.1989,-105.1814,0.0000
18597,-76.1783,-105.2270,0.0000
18598,-76.1578,-105.2726,0.0000
18599,-76.1373,-105.3182,0.0000
18600,-76.1168,-105.3638,0.0000
18601,-76.0962,-105.4094,0.0000
18602,-76.0757,-105.4550,0.0000
18603,-76.0552,-105.5005,0.0000
18604,-76.0346,-105.5461,0.0000
18605,-76.0141,-105.5917,0.0000
18606,-75.9936,-105.6373,0.0000
18607,-75.9730,-105.6829,0.0000
18608,-75.9525,-105.7285,0.0000
18609,-75.9320,-105.7741,0.0000
18610,-75.9114,-105.8197,0.0000
18611,-75.8909,-105.8653,0.0000
18612,-75.8704,-105.9109,0.0000
18613,-75.8499,-105.9564,0.0000
18614,-75.8293,-106.0020,0.0000
18615,-75.8088,-106.0476,0.0000
18616,-75.7883,-106.0932,0.0000
18617,-75.7677,-106.1388,0.0000
18618,-75.7472,-106.1844,0.0000
18619,-75.7267,-106.2300,0.0000
18620,-75.7061,-106.2756,0.0000
18621,-75.6856,-106.3212,0.0000
18622,-75.6651,-106.3668,0.0000
18623,-75.6445,-106.4123,0.0000
18624,-75.6240,-106.4579,0.0000
18625,-75.6035,-106.5035,0.0000
18626,-75.5829,-106.5491,0.0000
18627,-75.5624,-106.5947,0.0000
18628,-75.5419,-106.6403,0.0000
18629,-75.5214,-106.6859,0.0000
18630,-75.5008,-106.7315,0.0000
18631,-75.4803,-106.7771,0.0000
18632,-75.4598,-106.8227,0.0000
18633,-75.4392,-106.8682,0.0000
18634,-75.4187,-106.9138,0.0000
18635,-75.3982,-106.9594,0.0000
18636,-75.3776,-107.0050,0.0000
18637,-75.3571,-107.0506,0.0000
18638,-75.3366,-107.0962,0.0000
18639,-75.3160,-107.1418,0.0000
18640,-75.2955,-107.1874,0.0000
18641,-75.2750,-107.2330,0.0000
18642,-75.2544,-107.2786,0.0000
18643,-75.2339,-107.3242,0.0000
18644,-75.2134,-107.3697,0.0000
18645,-75.1929,-107.4153,0.0000
18646,-75.1723,-107.4609,0.0000
18647,-75.1518,-107.5065,0.0000
18648,-75.1313,-107.5521,0.0000
18649,-75.1107,-107.5977,0.0000
18650,-75.0902,-107.6433,0.0000
18651,-75.0697,-107.6889,0.0000
18652,-75.0491,-107.7345,0.0000
18653,-75.0286,-107.7801,0.0000
18654,-75.0081,-107.8256,0.0000
18655,-74.9875,-107.8712,0.0000
18656,-74.9670,-107.9168,0.0000
18657,-74.9465,-107.9624,0.0000
18658,-74.9259,-108.0080,0.0000
18659,-74.9054,-108.0536,0.0000
18660,-74.8849,-108.0992,0.0000
18661,-74.8644,-108.1448,0.0000
18662,-74.8438,-108.1904,0.0000
18663,-74.8233,-108.2360,0.0000
18664,-74.8028,-108.2815,0.0000
18665,-74.7822,-108.3271,0.0000
18666,-74.7617,-108.3727,0.0000
18667,-74.7412,-108.4183,0.0000
18668,-74.7206,-108.4639,0.0000
18669,-74.7001,-108.5095,0.0000
18670,-74.6796,-108.5551,0.0000
18671,-74.6590,-108.6007,0.0000
18672,-74.6385,-108.6463,0.0000
18673,-74.6180,-108.6919,0.0000
18674,-74.5974,-108.7374,0.0000
18675,-74.5769,-108.7830,0.0000
18676,-74.5564,-108.8286,0.0000
18677,-74.5359,-108.8742,0.0000
18678,-74.5153,-108.9198,0.0000
18679,-74.4948,-108.9654,0.0000
18680,-74.4743,-109.0110,0.0000
18681,-74.4537,-109.0566,0.0000
18682,-74.4332,-109.1022,0.0000
18683,-74.4127,-109.1478,0.0000
18684,-74.3921,-109.1934,0.0000
18685,-74.3716,-109.2389,0.0000
18686,-74.3511,-109.2845,0.0000
18687,-74.3305,-109.3301,0.0000
18688,-74.3100,-109.3757,0.0000
18689,-74.2895,-109.4213,0.0000
18690,-74.2689,-109.4669,0.0000
18691,-74.2484,-109.5125,0.0000
18692,-74.2279,-109.5581,0.0000
18693,-74.2074,-109.6037,0.0000
18694,-74.1868,-109.6493,0.0000
18695,-74.1663,-109.6948,0.0000
18696,-74.1458,-109.7404,0.0000
18697,-74.1252,-109.7860,0.0000
18698,-74.1047,-109.8316,0.0000
18699,-74.0842,-109.8772,0.0000
18700,-74.0636,-109.9228,0.0000
18701,-74.0431,-109.9684,0.0000
18702,-74.0226,-110.0140,0.0000
18703,-74.0020,-110.0596,0.0000
18704,-73.9815,-110.1052,0.0000
18705,-73.9610,-110.1507,0.0000
18706,-73.9404,-110.1963,0.0000
18707,-73.9199,-110.2419,0.0000
18708,-73.8994,-110.2875,0.0000
18709,-73.8789,-110.3331,0.0000
18710,-73.8583,-110.3787,0.0000
18711,-73.8378,-110.4243,0.0000
18712,-73.8173,-110.4699,0.0000
18713,-73.7967,-110.5155,0.0000
18714,-73.7762,-110.5611,0.0000
18715,-73.7557,-110.6066,0.0000
18716,-73.7351,-110.6522,0.0000
18717,-73.7146,-110.6978,0.0000
18718,-73.6941,-110.7434,0.0000
18719,-73.6735,-110.7890,0.0000
18720,-73.6530,-110.8346,0.0000
18721,-73.6325,-110.8802,0.0000
18722,-73.6119,-110.9258,0.0000
18723,-73.5914,-110.9714,0.0000
18724,-73.5709,-111.0170,0.0000
18725,-73.5504,-111.0625,0.0000
18726,-73.5298,-111.1081,0.0000
18727,-73.5093,-111.1537,0.0000
18728,-73.4888,-111.1993,0.0000
18729,-73.4682,-111.2449,0.0000
18730,-73.4477,-111.2905,0.0000
18731,-73.4272,-111.3361,0.0000
18732,-73.4066,-111.3817,0.0000
18733,-73.3861,-111.4273,0.0000
18734,-73.3656,-111.4729,0.0000
18735,-73.3450,-111.5185,0.0000
18736,-73.3245,-111.5640,0.0000
18737,-73.3040,-111.6096,0.0000
18738,-73.2834,-111.6552,0.0000
18739,-73.2629,-111.7008,0.0000
18740,-73.2424,-111.7464,0.0000
18741,-73.2219,-111.7920,0.0000
18742,-73.2013,-111.8376,0.0000
18743,-73.1808,-111.8832,0.0000
18744,-73.1603,-111.9288,0.0000
18745,-73.1397,-111.9744,0.0000
18746,-73.1192,-112.0199,0.0000
18747,-73.0987,-112.0655,0.0000
18748,-73.0781,-112.1111,0.0000
18749,-73.0576,-112.1567,0.0000
18750,-73.0371,-112.2023,0.0000
18751,-73.0165,-112.2479,0.0000
18752,-72.9960,-112.2935,0.0000
18753,-72.9755,-112.3391,0.0000
18754,-72.9549,-112.3847,0.0000
18755,-72.9344,-112.4303,0.0000
18756,-72.9139,-112.4758,0.0000
18757,-72.8934,-112.5214,0.0000
18758,-72.8728,-112.5670,0.0000
18759,-72.8523,-112.6126,0.0000
18760,-72.8318,-112.6582,0.0000
18761,-72.8112,-112.7038,0.0000
18762,-72.7907,-112.7494,0.0000
18763,-72.7702,-112.7950,0.0000
18764,-72.7496,-112.8406,0.0000
18765,-72.7291,-112.8862,0.0000
18766,-72.7086,-112.9317,0.0000
18767,-72.6880,-112.9773,0.0000
18768,-72.6675,-113.0229,0.0000
18769,-72.6470,-113.0685,0.0000
18770,-72.6264,-113.1141,0.0000
18771,-72.6059,-113.1597,0.0000
18772,-72.5854,-113.2053,0.0000
18773,-72.5649,-113.2509,0.0000
18774,-72.5443,-113.2965,0.0000
18775,-72.5238,-113.3421,0.0000
18776,-72.5033,-113.3877,0.0000
18777,-72.4827,-113.4332,0.0000
18778,-72.4622,-113.4788,0.0000
18779,-72.4417,-113.5244,0.0000
18780,-72.4211,-113.5700,0.0000
18781,-72.4006,-113.6156,0.0000
18782,-72.3801,-113.6612,0.0000
18783,-72.3595,-113.7068,0.0000
18784,-72.3390,-113.7524,0.0000
18785,-72.3185,-113.7980,0.0000
18786,-72.2979,-113.8436,0.0000
18787,-72.2774,-113.8891,0.0000
18788,-72.2569,-113.9347,0.0000
18789,-72.2364,-113.9803,0.0000
18790,-72.2158,-114.0259,0.0000
18791,-72.1953,-114.0715,0.0000
18792,-72.1748,-114.1171,0.0000
18793,-72.1542,-114.1627,0.0000
18794,-72.1337,-114.2083,0.0000
18795,-72.1132,-114.2539,0.0000
18796,-72.0926,-114.2995,0.0000
18797,-72.0721,-114.3450,0.0000
18798,-72.0516,-114.3906,0.0000
18799,-72.0310,-114.4362,0.0000
18800,-72.0105,-114.4818,0.0000
18801,-71.9900,-114.5274,0.0000
18802,-71.9695,-114.5730,0.0000
18803,-71.9489,-114.6186,0.0000
18804,-71.9284,-114.6642,0.0000
18805,-71.9079,-114.7098,0.0000
18806,-71.8873,-114.7554,0.0000
18807,-71.8668,-114.8009,0.0000
18808,-71.8463,-114.8465,0.0000
18809,-71.8257,-114.8921,0.0000
18810,-71.8052,-114.9377,0.0000
18811,-71.7847,-114.9833,0.0000
18812,-71.7641,-115.0289,0.0000
18813,-71.7436,-115.0745,0.0000
18814,-71.7231,-115.1201,0.0000
18815,-71.7025,-115.1657,0.0000
18816,-71.6820,-115.2113,0.0000
18817,-71.6615,-115.2569,0.0000
18818,-71.6410,-115.3024,0.0000
18819,-71.6204,-115.3480,0.0000
18820,-71.5999,-115.3936,0.0000
18821,-71.5794,-115.4392,0.0000
18822,-71.5588,-115.4848,0.0000
18823,-71.5383,-115.5304,0.0000
18824,-71.5178,-115.5760,0.0000
18825,-71.4972,-115.6216,0.0000
18826,-71.4767,-115.6672,0.0000
18827,-71.4562,-115.7128,0.0000
18828,-71.4356,-115.7583,0.0000
18829,-71.4151,-115.8039,0.0000
18830,-71.3946,-115.8495,0.0000
18831,-71.3740,-115.8951,0.0000
18832,-71.3535,-115.9407,0.0000
18833,-71.3330,-115.9863,0.0000
18834,-71.3125,-116.0319,0.0000
18835,-71.2919,-116.0775,0.0000
18836,-71.2714,-116.1231,0.0000
18837,-71.2509,-116.1687,0.0000
18838,-71.2303,-116.2142,0.0000
18839,-71.2098,-116.2598,0.0000
18840,-71.1893,-116.3054,0.0000
18841,-71.1687,-116.3510,0.0000
18842,-71.1482,-116.3966,0.0000
18843,-71.1277,-116.4422,0.0000
18844,-71.1071,-116.4878,0.0000
18845,-71.0866,-116.5334,0.0000
18846,-71.0661,-116.5790,0.0000
18847,-71.0455,-116.6246,0.0000
18848,-71.0250,-116.6701,0.0000
18849,-71.0045,-116.7157,0.0000
18850,-70.9840,-116.7613,0.0000
18851,-70.9634,-116.8069,0.0000
18852,-70.9429,-116.8525,0.0000
18853,-70.9224,-116.8981,0.0000
18854,-70.9018,-116.9437,0.0000
18855,-70.8813,-116.9893,0.0000
18856,-70.8608,-117.0349,0.0000
18857,-70.8402,-117.0805,0.0000
18858,-70.8197,-117.1261,0.0000
18859,-70.7992,-117.1716,0.0000
18860,-70.7786,-117.2172,0.0000
18861,-70.7581,-117.2628,0.0000
18862,-70.7376,-117.3084,0.0000
18863,-70.7170,-117.3540,0.0000
18864,-70.6965,-117.3996,0.0000
18865,-70.6760,-117.4452,0.0000
18866,-70.6555,-117.4908,0.0000
18867,-70.6349,-117.5364,0.0000
18868,-70.6144,-117.5820,0.0000
18869,-70.5939,-117.6275,0.0000
18870,-70.5733,-117.6731,0.0000
18871,-70.5528,-117.7187,0.0000
18872,-70.5323,-117.7643,0.0000
18873,-70.5117,-117.8099,0.0000
18874,-70.4912,-117.8555,0.0000
18875,-70.4707,-117.9011,0.0000
18876,-70.4501,-117.9467,0.0000
18877,-70.4296,-117.9923,0.0000
18878,-70.4091,-118.0379,0.0000
18879,-70.3885,-118.0834,0.0000
18880,-70.3680,-118.1290,0.0000
18881,-70.3475,-118.1746,0.0000
18882,-70.3270,-118.2202,0.0000
18883,-70.3064,-118.2658,0.0000
18884,-70.2859,-118.3114,0.0000
18885,-70.2654,-118.3570,0.0000
18886,-70.2448,-118.4026,0.0000
18887,-70.2243,-118.4482,0.0000
18888,-70.2038,-118.4938,0.0000
18889,-70.1832,-118.5393,0.0000
18890,-70.1627,-118.5849,0.0000
18891,-70.1422,-118.6305,0.0000
18892,-70.1216,-118.6761,0.0000
18893,-70.1011,-118.7217,0.0000
18894,-70.0806,-118.7673,0.0000
18895,-70.0600,-118.8129,0.0000
18896,-70.0395,-118.8585,0.0000
18897,-70.0190,-118.9041,0.0000
18898,-69.9985,-118.9497,0.0000
18899,-69.9779,-118.9953,0.0000
18900,-69.9574,-119.0408,0.0000
18901,-69.9369,-119.0864,0.0000
18902,-69.9163,-119.1320,0.0000
18903,-69.8958,-119.1776,0.0000
18904,-69.8753,-119.2232,0.0000
18905,-69.8547,-119.2688,0.0000
18906,-69.8342,-119.3144,0.0000
18907,-69.8137,-119.3600,0.0000
18908,-69.7931,-119.4056,0.0000
18909,-69.7726,-119.4512,0.0000
18910,-69.7521,-119.4967,0.0000
18911,-69.7315,-119.5423,0.0000
18912,-69.7110,-119.5879,0.0000
18913,-69.6905,-119.6335,0.0000
18914,-69.6700,-119.6791,0.0000
18915,-69.6494,-119.7247,0.0000
18916,-69.6289,-119.7703,0.0000
18917,-69.6084,-119.8159,0.0000
18918,-69.5878,-119.8615,0.0000
18919,-69.5673,-119.9071,0.0000
18920,-69.5468,-119.9526,0.0000
18921,-69.5262,-119.9982,0.0000
18922,-69.5057,-120.0438,0.0000
18923,-69.4852,-120.0894,0.0000
18924,-69.4646,-120.1350,0.0000
18925,-69.4441,-120.1806,0.0000
18926,-69.4236,-120.2262,0.0000
18927,-69.4030,-120.2718,0.0000
18928,-69.3825,-120.3174,0.0000
18929,-69.3620,-120.3630,0.0000
18930,-69.3415,-120.4085,0.0000
18931,-69.3209,-120.4541,0.0000
18932,-69.3004,-120.4997,0.0000
18933,-69.2799,-120.5453,0.0000
18934,-69.2593,-120.5909,0.0000
18935,-69.2388,-120.6365,0.0000
18936,-69.2183,-120.6821,0.0000
18937,-69.1977,-120.7277,0.0000
18938,-69.1772,-120.7733,0.0000
18939,-69.1567,-120.8189,0.0000
18940,-69.1361,-120.8644,0.0000
18941,-69.1156,-120.9100,0.0000
18942,-69.0951,-120.9556,0.0000
18943,-69.0745,-121.0012,0.0000
18944,-69.0540,-121.0468,0.0000
18945,-69.0335,-121.0924,0.0000
18946,-69.0130,-121.1380,0.0000
18947,-68.9924,-121.1836,0.0000
18948,-68.9719,-121.2292,0.0000
18949,-68.9514,-121.2748,0.0000
18950,-68.9308,-121.3204,0.0000
18951,-68.9103,-121.3659,0.0000
18952,-68.8898,-121.4115,0.0000
18953,-68.8692,-121.4571,0.0000
18954,-68.8487,-121.5027,0.0000
18955,-68.8282,-121.5483,0.0000
18956,-68.8076,-121.5939,0.0000
18957,-68.7871,-121.6395,0.0000
18958,-68.7666,-121.6851,0.0000
18959,-68.7460,-121.7307,0.0000
18960,-68.7255,-121.7763,0.0000
18961,-68.7050,-121.8218,0.0000
18962,-68.6845,-121.8674,0.0000
18963,-68.6639,-121.9130,0.0000
18964,-68.6434,-121.9586,0.0000
18965,-68.6229,-122.0042,0.0000
18966,-68.6023,-122.0498,0.0000
18967,-68.5818,-122.0954,0.0000
18968,-68.5613,-122.1410,0.0000
18969,-68.5407,-122.1866,0.0000
18970,-68.5202,-122.2322,0.0000
18971,-68.4997,-122.2777,0.0000
18972,-68.4791,-122.3233,0.0000
18973,-68.4586,-122.3689,0.0000
18974,-68.4381,-122.4145,0.0000
18975,-68.4175,-122.4601,0.0000
18976,-68.3970,-122.5057,0.0000
18977,-68.3765,-122.5513,0.0000
18978,-68.3560,-122.5969,0.0000
18979,-68.3354,-122.6425,0.0000
18980,-68.3149,-122.6881,0.0000
18981,-68.2944,-122.7336,0.0000
18982,-68.2738,-122.7792,0.0000
18983,-68.2533,-122.8248,0.0000
18984,-68.2328,-122.8704,0.0000
18985,-68.2122,-122.9160,0.0000
18986,-68.1917,-122.9616,0.0000
18987,-68.1712,-123.0072,0.0000
18988,-68.1506,-123.0528,0.0000
18989,-68.1301,-123.0984,0.0000
18990,-68.1096,-123.1440,0.0000
18991,-68.0891,-123.1896,0.0000
18992,-68.0685,-123.2351,0.0000
18993,-68.0480,-123.2807,0.0000
18994,-68.0275,-123.3263,0.0000
18995,-68.0069,-123.3719,0.0000
18996,-67.9864,-123.4175,0.0000
18997,-67.9659,-123.4631,0.0000
18998,-67.9453,-123.5087,0.0000
18999,-67.9248,-123.5543,0.0000
19000,-67.9043,-123.5999,0.0000
19001,-67.8837,-123.6455,0.0000
19002,-67.8632,-123.6910,0.0000
19003,-67.8427,-123.7366,0.0000
19004,-67.8221,-123.7822,0.0000
19005,-67.8016,-123.8278,0.0000
19006,-67.7811,-123.8734,0.0000
19007,-67.7606,-123.9190,0.0000
19008,-67.7400,-123.9646,0.0000
19009,-67.7195,-124.0102,0.0000
19010,-67.6990,-124.0558,0.0000
19011,-67.6784,-124.1014,0.0000
19012,-67.6579,-124.1469,0.0000
19013,-67.6374,-124.1925,0.0000
19014,-67.6168,-124.2381,0.0000
19015,-67.5963,-124.2837,0.0000
19016,-67.5758,-124.3293,0.0000
19017,-67.5552,-124.3749,0.0000
19018,-67.5347,-124.4205,0.0000
19019,-67.5142,-124.4661,0.0000
19020,-67.4936,-124.5117,0.0000
19021,-67.4731,-124.5573,0.0000
19022,-67.4526,-124.6028,0.0000
19023,-67.4321,-124.6484,0.0000
19024,-67.4115,-124.6940,0.0000
19025,-67.3910,-124.7396,0.0000
19026,-67.3705,-124.7852,0.0000
19027,-67.3499,-124.8308,0.0000
19028,-67.3294,-124.8764,0.0000
19029,-67.3089,-124.9220,0.0000
19030,-67.2883,-124.9676,0.0000
19031,-67.2678,-125.0132,0.0000
19032,-67.2473,-125.0588,0.0000
19033,-67.2267,-125.1043,0.0000
19034,-67.2062,-125.1499,0.0000
19035,-67.1857,-125.1955,0.0000
19036,-67.1651,-125.2411,0.0000
19037,-67.1446,-125.2867,0.0000
19038,-67.1241,-125.3323,0.0000
19039,-67.1036,-125.3779,0.0000
19040,-67.0830,-125.4235,0.0000
19041,-67.0625,-125.4691,0.0000
19042,-67.0420,-125.5147,0.0000
19043,-67.0214,-125.5602,0.0000
19044,-67.0009,-125.6058,0.0000
19045,-66.9804,-125.6514,0.0000
19046,-66.9598,-125.6970,0.0000
19047,-66.9393,-125.7426,0.0000
19048,-66.9188,-125.7882,0.0000
19049,-66.8982,-125.8338,0.0000
19050,-66.8777,-125.8794,0.0000
19051,-66.8572,-125.9250,0.0000
19052,-66.8366,-125.9706,0.0000
19053,-66.8161,-126.0161,0.0000
19054,-66.7956,-126.0617,0.0000
19055,-66.7751,-126.1073,0.0000
19056,-66.7545,-126.1529,0.0000
19057,-66.7340,-126.1985,0.0000
19058,-66.7135,-126.2441,0.0000
19059,-66.6929,-126.2897,0.0000
19060,-66.6724,-126.3353,0.0000
19061,-66.6519,-126.3809,0.0000
19062,-66.6313,-126.4265,0.0000
19063,-66.6108,-126.4720,0.0000
19064,-66.5903,-126.5176,0.0000
19065,-66.5697,-126.5632,0.0000
19066,-66.5492,-126.6088,0.0000
19067,-66.5287,-126.6544,0.0000
19068,-66.5081,-126.7000,0.0000
19069,-66.4876,-126.7456,0.0000
19070,-66.4671,-126.7912,0.0000
19071,-66.4466,-126.8368,0.0000
19072,-66.4260,-126.8824,0.0000
19073,-66.4055,-126.9280,0.0000
19074,-66.3850,-126.9735,0.0000
19075,-66.3644,-127.0191,0.0000
19076,-66.3439,-127.0647,0.0000
19077,-66.3234,-127.1103,0.0000
19078,-66.3028,-127.1559,0.0000
19079,-66.2823,-127.2015,0.0000
19080,-66.2618,-127.2471,0.0000
19081,-66.2412,-127.2927,0.0000
19082,-66.2207,-127.3383,0.0000
19083,-66.2002,-127.3839,0.0000
19084,-66.1796,-127.4294,0.0000
19085,-66.1591,-127.4750,0.0000
19086,-66.1386,-127.5206,0.0000
19087,-66.1181,-127.5662,0.0000
19088,-66.0975,-127.6118,0.0000
19089,-66.0770,-127.6574,0.0000
19090,-66.0565,-127.7030,0.0000
19091,-66.0359,-127.7486,0.0000
19092,-66.0154,-127.7942,0.0000
19093,-65.9949,-127.8398,0.0000
19094,-65.9743,-127.8853,0.0000
19095,-65.9538,-127.9309,0.0000
19096,-65.9333,-127.9765,0.0000
19097,-65.9127,-128.0221,0.0000
19098,-65.8922,-128.0677,0.0000
19099,-65.8717,-128.1133,0.0000
19100,-65.8511,-128.1589,0.0000
19101,-65.8306,-128.2045,0.0000
19102,-65.8101,-128.2501,0.0000
19103,-65.7896,-128.2957,0.0000
19104,-65.7690,-128.3412,0.0000
19105,-65.7485,-128.3868,0.0000
19106,-65.7280,-128.4324,0.0000
19107,-65.7074,-128.4780,0.0000
19108,-65.6869,-128.5236,0.0000
19109,-65.6664,-128.5692,0.0000
19110,-65.6458,-128.6148,0.0000
19111,-65.6253,-128.6604,0.0000
19112,-65.6048,-128.7060,0.0000
19113,-65.5842,-128.7516,0.0000
19114,-65.5637,-128.7971,0.0000
19115,-65.5432,-128.8427,0.0000
19116,-65.5226,-128.8883,0.0000
19117,-65.5021,-128.9339,0.0000
19118,-65.4816,-128.9795,0.0000
19119,-65.4611,-129.0251,0.0000
19120,-65.4405,-129.0707,0.0000
19121,-65.4200,-129.1163,0.0000
19122,-65.3995,-129.1619,0.0000
19123,-65.3789,-129.2075,0.0000
19124,-65.3584,-129.2531,0.0000
19125,-65.3379,-129.2986,0.0000
19126,-65.3173,-129.3442,0.0000
19127,-65.2968,-129.3898,0.0000
19128,-65.2763,-129.4354,0.0000
19129,-65.2557,-129.4810,0.0000
19130,-65.2352,-129.5266,0.0000
19131,-65.2147,-129.5722,0.0000
19132,-65.1941,-129.6178,0.0000
19133,-65.1736,-129.6634,0.0000
19134,-65.1531,-129.7090,0.0000
19135,-65.1326,-129.7545,0.0000
19136,-65.1120,-129.8001,0.0000
19137,-65.0915,-129.8457,0.0000
19138,-65.0710,-129.8913,0.0000
19139,-65.0504,-129.9369,0.0000
19140,-65.0299,-129.9825,0.0000
19141,-65.0094,-130.0281,0.0000
19142,-64.9888,-130.0737,0.0000
19143,-64.9683,-130.1193,0.0000
19144,-64.9478,-130.1649,0.0000
19145,-64.9272,-130.2104,0.0000
19146,-64.9067,-130.2560,0.0000
19147,-64.8862,-130.3016,0.0000
19148,-64.8656,-130.3472,0.0000
19149,-64.8451,-130.3928,0.0000
19150,-64.8246,-130.4384,0.0000
19151,-64.8041,-130.4840,0.0000
19152,-64.7835,-130.5296,0.0000
19153,-64.7630,-130.5752,0.0000
19154,-64.7425,-130.6208,0.0000
19155,-64.7219,-130.6663,0.0000
19156,-64.7014,-130.7119,0.0000
19157,-64.6809,-130.7575,0.0000
19158,-64.6603,-130.8031,0.0000
19159,-64.6398,-130.8487,0.0000
19160,-64.6193,-130.8943,0.0000
19161,-64.5987,-130.9399,0.0000
19162,-64.5782,-130.9855,0.0000
19163,-64.5577,-131.0311,0.0000
19164,-64.5371,-131.0767,0.0000
19165,-64.5166,-131.1223,0.0000
19166,-64.4961,-131.1678,0.0000
19167,-64.4756,-131.2134,0.0000
19168,-64.4550,-131.2590,0.0000
19169,-64.4345,-131.3046,0.0000
19170,-64.4140,-131.3502,0.0000
19171,-64.3934,-131.3958,0.0000
19172,-64.3729,-131.4414,0.0000
19173,-64.3524,-131.4870,0.0000
19174,-64.3318,-131.5326,0.0000
19175,-64.3113,-131.5782,0.0000
19176,-64.2908,-131.6237,0.0000
19177,-64.2702,-131.6693,0.0000
19178,-64.2497,-131.7149,0.0000
19179,-64.2292,-131.7605,0.0000
19180,-64.2087,-131.8061,0.0000
19181,-64.1881,-131.8517,0.0000
19182,-64.1676,-131.8973,0.0000
19183,-64.1471,-131.9429,0.0000
19184,-64.1265,-131.9885,0.0000
19185,-64.1060,-132.0341,0.0000
19186,-64.0855,-132.0796,0.0000
19187,-64.0649,-132.1252,0.0000
19188,-64.0444,-132.1708,0.0000
19189,-64.0239,-132.2164,0.0000
19190,-64.0033,-132.2620,0.0000
19191,-63.9828,-132.3076,0.0000
19192,-63.9623,-132.3532,0.0000
19193,-63.9417,-132.3988,0.0000
19194,-63.9212,-132.4444,0.0000
19195,-63.9007,-132.4900,0.0000
19196,-63.8802,-132.5355,0.0000
19197,-63.8596,-132.5811,0.0000
19198,-63.8391,-132.6267,0.0000
19199,-63.8186,-132.6723,0.0000
19200,-63.7980,-132.7179,0.0000
19201,-63.7775,-132.7635,0.0000
19202,-63.7570,-132.8091,0.0000
19203,-63.7364,-132.8547,0.0000
19204,-63.7159,-132.9003,0.0000
19205,-63.6954,-132.9459,0.0000
19206,-63.6748,-132.9915,0.0000
19207,-63.6543,-133.0370,0.0000
19208,-63.6338,-133.0826,0.0000
19209,-63.6132,-133.1282,0.0000
19210,-63.5927,-133.1738,0.0000
19211,-63.5722,-133.2194,0.0000
19212,-63.5517,-133.2650,0.0000
19213,-63.5311,-133.3106,0.0000
19214,-63.5106,-133.3562,0.0000
19215,-63.4901,-133.4018,0.0000
19216,-63.4695,-133.4474,0.0000
19217,-63.4490,-133.4929,0.0000
19218,-63.4285,-133.5385,0.0000
19219,-63.4079,-133.5841,0.0000
19220,-63.3874,-133.6297,0.0000
19221,-63.3669,-133.6753,0.0000
19222,-63.3463,-133.7209,0.0000
19223,-63.3258,-133.7665,0.0000
19224,-63.3053,-133.8121,0.0000
19225,-63.2847,-133.8577,0.0000
19226,-63.2642,-133.9033,0.0000
19227,-63.2437,-133.9488,0.0000
19228,-63.2232,-133.9944,0.0000
19229,-63.2026,-134.0400,0.0000
19230,-63.1821,-134.0856,0.0000
19231,-63.1616,-134.1312,0.0000
19232,-63.1410,-134.1768,0.0000
19233,-63.1205,-134.2224,0.0000
19234,-63.1000,-134.2680,0.0000
19235,-63.0794,-134.3136,0.0000
19236,-63.0589,-134.3592,0.0000
19237,-63.0384,-134.4047,0.0000
19238,-63.0178,-134.4503,0.0000
19239,-62.9973,-134.4959,0.0000
19240,-62.9768,-134.5415,0.0000
19241,-62.9562,-134.5871,0.0000
19242,-62.9357,-134.6327,0.0000
19243,-62.9152,-134.6783,0.0000
19244,-62.8947,-134.7239,0.0000
19245,-62.8741,-134.7695,0.0000
19246,-62.8536,-134.8151,0.0000
19247,-62.8331,-134.8607,0.0000
19248,-62.8125,-134.9062,0.0000
19249,-62.7920,-134.9518,0.0000
19250,-62.7715,-134.9974,0.0000
19251,-62.7509,-135.0430,0.0000
19252,-62.7304,-135.0886,0.0000
19253,-62.7099,-135.1342,0.0000
19254,-62.6893,-135.1798,0.0000
19255,-62.6688,-135.2254,0.0000
19256,-62.6483,-135.2710,0.0000
19257,-62.6277,-135.3166,0.0000
19258,-62.6072,-135.3621,0.0000
19259,-62.5867,-135.4077,0.0000
19260,-62.5662,-135.4533,0.0000
19261,-62.5456,-135.4989,0.0000
19262,-62.5251,-135.5445,0.0000
19263,-62.5046,-135.5901,0.0000
19264,-62.4840,-135.6357,0.0000
19265,-62.4635,-135.6813,0.0000
19266,-62.4430,-135.7269,0.0000
19267,-62.4224,-135.7725,0.0000
19268,-62.4019,-135.8180,0.0000
19269,-62.3814,-135.8636,0.0000
19270,-62.3608,-135.9092,0.0000
19271,-62.3403,-135.9548,0.0000
19272,-62.3198,-136.0004,0.0000
19273,-62.2992,-136.0460,0.0000
19274,-62.2787,-136.0916,0.0000
19275,-62.2494,-136.1568,0.0000
19276,-62.1994,-136.1568,0.0000
19277,-62.1494,-136.1568,0.0000
19278,-62.0994,-136.1568,0.0000
19279,-62.0494,-136.1568,0.0000
19280,-61.9994,-136.1568,0.0000
19281,-61.9494,-136.1568,0.0000
19282,-61.8994,-136.1568,0.0000
19283,-61.8494,-136.1568,0.0000
19284,-61.7994,-136.1568,0.0000
19285,-61.7494,-136.1568,0.0000
19286,-61.6994,-136.1568,0.0000
19287,-61.6494,-136.1568,0.0000
19288,-61.5994,-136.1568,0.0000
19289,-61.5494,-136.1568,0.0000
19290,-61.4994,-136.1568,0.0000
19291,-61.4494,-136.1568,0.0000
19292,-61.3994,-136.1568,0.0000
19293,-61.3494,-136.1568,0.0000
19294,-61.2994,-136.1568,0.0000
19295,-61.2494,-136.1568,0.0000
19296,-61.1994,-136.1568,0.0000
19297,-61.1494,-136.1568,0.0000
19298,-61.0994,-136.1568,0.0000
19299,-61.0494,-136.1568,0.0000
19300,-60.9994,-136.1568,0.0000
19301,-60.9494,-136.1568,0.0000
19302,-60.8994,-136.1568,0.0000
19303,-60.8494,-136.1568,0.0000
19304,-60.7994,-136.1568,0.0000
19305,-60.7494,-136.1568,0.0000
19306,-60.6994,-136.1568,0.0000
19307,-60.6494,-136.1568,0.0000
19308,-60.5994,-136.1568,0.0000
19309,-60.5494,-136.1568,0.0000
19310,-60.4994,-136.1568,0.0000
19311,-60.4494,-136.1568,0.0000
19312,-60.3994,-136.1568,0.0000
19313,-60.3494,-136.1568,0.0000
19314,-60.2994,-136.1568,0.0000
19315,-60.2494,-136.1568,0.0000
19316,-60.1994,-136.1568,0.0000
19317,-60.1494,-136.1568,0.0000
19318,-60.0994,-136.1568,0.0000
19319,-60.0494,-136.1568,0.0000
19320,-59.9994,-136.1568,0.0000
19321,-59.9494,-136.1568,0.0000
19322,-59.8994,-136.1568,0.0000
19323,-59.8494,-136.1568,0.0000
19324,-59.7994,-136.1568,0.0000
19325,-59.7494,-136.1568,0.0000
19326,-59.6994,-136.1568,0.0000
19327,-59.6494,-136.1568,0.0000
19328,-59.5994,-136.1568,0.0000
19329,-59.5494,-136.1568,0.0000
19330,-59.4994,-136.1568,0.0000
19331,-59.4494,-136.1568,0.0000
19332,-59.3994,-136.1568,0.0000
19333,-59.3494,-136.1568,0.0000
19334,-59.2994,-136.1568,0.0000
19335,-59.2494,-136.1568,0.0000
19336,-59.1994,-136.1568,0.0000
19337,-59.1494,-136.1568,0.0000
19338,-59.0994,-136.1568,0.0000
19339,-59.0494,-136.1568,0.0000
19340,-58.9994,-136.1568,0.0000
19341,-58.9494,-136.1568,0.0000
19342,-58.8994,-136.1568,0.0000
19343,-58.8494,-136.1568,0.0000
19344,-58.7994,-136.1568,0.0000
19345,-58.7494,-136.1568,0.0000
19346,-58.6994,-136.1568,0.0000
19347,-58.6494,-136.1568,0.0000
19348,-58.5994,-136.1568,0.0000
19349,-58.5494,-136.1568,0.0000
19350,-58.4994,-136.1568,0.0000
19351,-58.4494,-136.1568,0.0000
19352,-58.3994,-136.1568,0.0000
19353,-58.3494,-136.1568,0.0000
19354,-58.2994,-136.1568,0.0000
19355,-58.2494,-136.1568,0.0000
19356,-58.1994,-136.1568,0.0000
19357,-58.1494,-136.1568,0.0000
19358,-58.0994,-136.1568,0.0000
19359,-58.0494,-136.1568,0.0000
19360,-57.9994,-136.1568,0.0000
19361,-57.9494,-136.1568,0.0000
19362,-57.8994,-136.1568,0.0000
19363,-57.8494,-136.1568,0.0000
19364,-57.7994,-136.1568,0.0000
19365,-57.7494,-136.1568,0.0000
19366,-57.6994,-136.1568,0.0000
19367,-57.6494,-136.1568,0.0000
19368,-57.5994,-136.1568,0.0000
19369,-57.5494,-136.1568,0.0000
19370,-57.4994,-136.1568,0.0000
19371,-57.4494,-136.1568,0.0000
19372,-57.3994,-136.1568,0.0000
19373,-57.3494,-136.1568,0.0000
19374,-57.2994,-136.1568,0.0000
19375,-57.2494,-136.1568,0.0000
19376,-57.1994,-136.1568,0.0000
19377,-57.1494,-136.1568,0.0000
19378,-57.0994,-136.1568,0.0000
19379,-57.0494,-136.1568,0.0000
19380,-56.9994,-136.1568,0.0000
19381,-56.9494,-136.1568,0.0000
19382,-56.8994,-136.1568,0.0000
19383,-56.8494,-136.1568,0.0000
19384,-56.7994,-136.1568,0.0000
19385,-56.7494,-136.1568,0.0000
19386,-56.6994,-136.1568,0.0000
19387,-56.6494,-136.1568,0.0000
19388,-56.5994,-136.1568,0.0000
19389,-56.5494,-136.1568,0.0000
19390,-56.4994,-136.1568,0.0000
19391,-56.4494,-136.1568,0.0000
19392,-56.3994,-136.1568,0.0000
19393,-56.3494,-136.1568,0.0000
19394,-56.2994,-136.1568,0.0000
19395,-56.2494,-136.1568,0.0000
19396,-56.1994,-136.1568,0.0000
19397,-56.1494,-136.1568,0.0000
19398,-56.0994,-136.1568,0.0000
19399,-56.0494,-136.1568,0.0000
19400,-55.9994,-136.1568,0.0000
19401,-55.9494,-136.1568,0.0000
19402,-55.8994,-136.1568,0.0000
19403,-55.8494,-136.1568,0.0000
19404,-55.7994,-136.1568,0.0000
19405,-55.7494,-136.1568,0.0000
19406,-55.6994,-136.1568,0.0000
19407,-55.6494,-136.1568,0.0000
19408,-55.5994,-136.1568,0.0000
19409,-55.5494,-136.1568,0.0000
19410,-55.4994,-136.1568,0.0000
19411,-55.4494,-136.1568,0.0000
19412,-55.3994,-136.1568,0.0000
19413,-55.3494,-136.1568,0.0000
19414,-55.2994,-136.1568,0.0000
19415,-55.2494,-136.1568,0.0000
19416,-55.1994,-136.1568,0.0000
19417,-55.1494,-136.1568,0.0000
19418,-55.0994,-136.1568,0.0000
19419,-55.0494,-136.1568,0.0000
19420,-54.9994,-136.1568,0.0000
19421,-54.9494,-136.1568,0.0000
19422,-54.8994,-136.1568,0.0000
19423,-54.8494,-136.1568,0.0000
19424,-54.7994,-136.1568,0.0000
19425,-54.7494,-136.1568,0.0000
19426,-54.6994,-136.1568,0.0000
19427,-54.6494,-136.1568,0.0000
19428,-54.5994,-136.1568,0.0000
19429,-54.5494,-136.1568,0.0000
19430,-54.4994,-136.1568,0.0000
19431,-54.4494,-136.1568,0.0000
19432,-54.3994,-136.1568,0.0000
19433,-54.3494,-136.1568,0.0000
19434,-54.2994,-136.1568,0.0000
19435,-54.2494,-136.1568,0.0000
19436,-54.1994,-136.1568,0.0000
19437,-54.1494,-136.1568,0.0000
19438,-54.0994,-136.1568,0.0000
19439,-54.0494,-136.1568,0.0000
19440,-53.9994,-136.1568,0.0000
19441,-53.9494,-136.1568,0.0000
19442,-53.8994,-136.1568,0.0000
19443,-53.8494,-136.1568,0.0000
19444,-53.7994,-136.1568,0.0000
19445,-53.7494,-136.1568,0.0000
19446,-53.6994,-136.1568,0.0000
19447,-53.6494,-136.1568,0.0000
19448,-53.5994,-136.1568,0.0000
19449,-53.5494,-136.1568,0.0000
19450,-53.4994,-136.1568,0.0000
19451,-53.4494,-136.1568,0.0000
19452,-53.3994,-136.1568,0.0000
19453,-53.3494,-136.1568,0.0000
19454,-53.2994,-136.1568,0.0000
19455,-53.2494,-136.1568,0.0000
19456,-53.1994,-136.1568,0.0000
19457,-53.1494,-136.1568,0.0000
19458,-53.0994,-136.1568,0.0000
19459,-53.0494,-136.1568,0.0000
19460,-52.9994,-136.1568,0.0000
19461,-52.9494,-136.1568,0.0000
19462,-52.8994,-136.1568,0.0000
19463,-52.8494,-136.1568,0.0000
19464,-52.7994,-136.1568,0.0000
19465,-52.7494,-136.1568,0.0000
19466,-52.6994,-136.1568,0.0000
19467,-52.6494,-136.1568,0.0000
19468,-52.5994,-136.1568,0.0000
19469,-52.5494,-136.1568,0.0000
19470,-52.4994,-136.1568,0.0000
19471,-52.4494,-136.1568,0.0000
19472,-52.3994,-136.1568,0.0000
19473,-52.3494,-136.1568,0.0000
19474,-52.2994,-136.1568,0.0000
19475,-52.2494,-136.1568,0.0000
19476,-52.1994,-136.1568,0.0000
19477,-52.1494,-136.1568,0.0000
19478,-52.0994,-136.1568,0.0000
19479,-52.0494,-136.1568,0.0000
19480,-51.9994,-136.1568,0.0000
19481,-51.9494,-136.1568,0.0000
19482,-51.8994,-136.1568,0.0000
19483,-51.8494,-136.1568,0.0000
19484,-51.7994,-136.1568,0.0000
19485,-51.7494,-136.1568,0.0000
19486,-51.6994,-136.1568,0.0000
19487,-51.6494,-136.1568,0.0000
19488,-51.5994,-136.1568,0.0000
19489,-51.5494,-136.1568,0.0000
19490,-51.4994,-136.1568,0.0000
19491,-51.4494,-136.1568,0.0000
19492,-51.3994,-136.1568,0.0000
19493,-51.3494,-136.1568,0.0000
19494,-51.2994,-136.1568,0.0000
19495,-51.2494,-136.1568,0.0000
19496,-51.1994,-136.1568,0.0000
19497,-51.1494,-136.1568,0.0000
19498,-51.0994,-136.1568,0.0000
19499,-51.0494,-136.1568,0.0000
19500,-50.9994,-136.1568,0.0000
19501,-50.9494,-136.1568,0.0000
19502,-50.8994,-136.1568,0.0000
19503,-50.8494,-136.1568,0.0000
19504,-50.7994,-136.1568,0.0000
19505,-50.7494,-136.1568,0.0000
19506,-50.6994,-136.1568,0.0000
19507,-50.6494,-136.1568,0.0000
19508,-50.5994,-136.1568,0.0000
19509,-50.5494,-136.1568,0.0000
19510,-50.4994,-136.1568,0.0000
19511,-50.4494,-136.1568,0.0000
19512,-50.3994,-136.1568,0.0000
19513,-50.3494,-136.1568,0.0000
19514,-50.2994,-136.1568,0.0000
19515,-50.2494,-136.1568,0.0000
19516,-50.1994,-136.1568,0.0000
19517,-50.1494,-136.1568,0.0000
19518,-50.0994,-136.1568,0.0000
19519,-50.0494,-136.1568,0.0000
19520,-49.9994,-136.1568,0.0000
19521,-49.9494,-136.1568,0.0000
19522,-49.8994,-136.1568,0.0000
19523,-49.8494,-136.1568,0.0000
19524,-49.7994,-136.1568,0.0000
19525,-49.7494,-136.1568,0.0000
19526,-49.6994,-136.1568,0.0000
19527,-49.6494,-136.1568,0.0000
19528,-49.5994,-136.1568,0.0000
19529,-49.5494,-136.1568,0.0000
19530,-49.4994,-136.1568,0.0000
19531,-49.4494,-136.1568,0.0000
19532,-49.3994,-136.1568,0.0000
19533,-49.3494,-136.1568,0.0000
19534,-49.2994,-136.1568,0.0000
19535,-49.2494,-136.1568,0.0000
19536,-49.1994,-136.1568,0.0000
19537,-49.1494,-136.1568,0.0000
19538,-49.0994,-136.1568,0.0000
19539,-49.0494,-136.1568,0.0000
19540,-48.9994,-136.1568,0.0000
19541,-48.9494,-136.1568,0.0000
19542,-48.8994,-136.1568,0.0000
19543,-48.8494,-136.1568,0.0000
19544,-48.7994,-136.1568,0.0000
19545,-48.7494,-136.1568,0.0000
19546,-48.6994,-136.1568,0.0000
19547,-48.6494,-136.1568,0.0000
19548,-48.5994,-136.1568,0.0000
19549,-48.5494,-136.1568,0.0000
19550,-48.4994,-136.1568,0.0000
19551,-48.4494,-136.1568,0.0000
19552,-48.3994,-136.1568,0.0000
19553,-48.3494,-136.1568,0.0000
19554,-48.2994,-136.1568,0.0000
19555,-48.2494,-136.1568,0.0000
19556,-48.1994,-136.1568,0.0000
19557,-48.1494,-136.1568,0.0000
19558,-48.0994,-136.1568,0.0000
19559,-48.0494,-136.1568,0.0000
19560,-47.9994,-136.1568,0.0000
19561,-47.9494,-136.1568,0.0000
19562,-47.8994,-136.1568,0.0000
19563,-47.8494,-136.1568,0.0000
19564,-47.7994,-136.1568,0.0000
19565,-47.7494,-136.1568,0.0000
19566,-47.6994,-136.1568,0.0000
19567,-47.6494,-136.1568,0.0000
19568,-47.5994,-136.1568,0.0000
19569,-47.5494,-136.1568,0.0000
19570,-47.4994,-136.1568,0.0000
19571,-47.4494,-136.1568,0.0000
19572,-47.3994,-136.1568,0.0000
19573,-47.3494,-136.1568,0.0000
19574,-47.2994,-136.1568,0.0000
19575,-47.2494,-136.1568,0.0000
19576,-47.1994,-136.1568,0.0000
19577,-47.1494,-136.1568,0.0000
19578,-47.0994,-136.1568,0.0000
19579,-47.0494,-136.1568,0.0000
19580,-46.9994,-136.1568,0.0000
19581,-46.9494,-136.1568,0.0000
19582,-46.8994,-136.1568,0.0000
19583,-46.8494,-136.1568,0.0000
19584,-46.7994,-136.1568,0.0000
19585,-46.7494,-136.1568,0.0000
19586,-46.6994,-136.1568,0.0000
19587,-46.6494,-136.1568,0.0000
19588,-46.5994,-136.1568,0.0000
19589,-46.5494,-136.1568,0.0000
19590,-46.4994,-136.1568,0.0000
19591,-46.4494,-136.1568,0.0000
19592,-46.3994,-136.1568,0.0000
19593,-46.3494,-136.1568,0.0000
19594,-46.2994,-136.1568,0.0000
19595,-46.2494,-136.1568,0.0000
19596,-46.1994,-136.1568,0.0000
19597,-46.1494,-136.1568,0.0000
19598,-46.0994,-136.1568,0.0000
19599,-46.0494,-136.1568,0.0000
19600,-45.9994,-136.1568,0.0000
19601,-45.9494,-136.1568,0.0000
19602,-45.8994,-136.1568,0.0000
19603,-45.8494,-136.1568,0.0000
19604,-45.7994,-136.1568,0.0000
19605,-45.7494,-136.1568,0.0000
19606,-45.6994,-136.1568,0.0000
19607,-45.6494,-136.1568,0.0000
19608,-45.5994,-136.1568,0.0000
19609,-45.5494,-136.1568,0.0000
19610,-45.4994,-136.1568,0.0000
19611,-45.4494,-136.1568,0.0000
19612,-45.3994,-136.1568,0.0000
19613,-45.3494,-136.1568,0.0000
19614,-45.2994,-136.1568,0.0000
19615,-45.2494,-136.1568,0.0000
19616,-45.1994,-136.1568,0.0000
19617,-45.1494,-136.1568,0.0000
19618,-45.0994,-136.1568,0.0000
19619,-45.0494,-136.1568,0.0000
19620,-44.9994,-136.1568,0.0000
19621,-44.9494,-136.1568,0.0000
19622,-44.8994,-136.1568,0.0000
19623,-44.8494,-136.1568,0.0000
19624,-44.7994,-136.1568,0.0000
19625,-44.7494,-136.1568,0.0000
19626,-44.6994,-136.1568,0.0000
19627,-44.6494,-136.1568,0.0000
19628,-44.5994,-136.1568,0.0000
19629,-44.5494,-136.1568,0.0000
19630,-44.4994,-136.1568,0.0000
19631,-44.4494,-136.1568,0.0000
19632,-44.3994,-136.1568,0.0000
19633,-44.3494,-136.1568,0.0000
19634,-44.2994,-136.1568,0.0000
19635,-44.2494,-136.1568,0.0000
19636,-44.1994,-136.1568,0.0000
19637,-44.1494,-136.1568,0.0000
19638,-44.0994,-136.1568,0.0000
19639,-44.0494,-136.1568,0.0000
19640,-43.9994,-136.1568,0.0000
19641,-43.9494,-136.1568,0.0000
19642,-43.8994,-136.1568,0.0000
19643,-43.8494,-136.1568,0.0000
19644,-43.7994,-136.1568,0.0000
19645,-43.7494,-136.1568,0.0000
19646,-43.6994,-136.1568,0.0000
19647,-43.6494,-136.1568,0.0000
19648,-43.5994,-136.1568,0.0000
19649,-43.5494,-136.1568,0.0000
19650,-43.4994,-136.1568,0.0000
19651,-43.4494,-136.1568,0.0000
19652,-43.3994,-136.1568,0.0000
19653,-43.3494,-136.1568,0.0000
19654,-43.2994,-136.1568,0.0000
19655,-43.2494,-136.1568,0.0000
19656,-43.1994,-136.1568,0.0000
19657,-43.1494,-136.1568,0.0000
19658,-43.0994,-136.1568,0.0000
19659,-43.0494,-136.1568,0.0000
19660,-42.9994,-136.1568,0.0000
19661,-42.9494,-136.1568,0.0000
19662,-42.8994,-136.1568,0.0000
19663,-42.8494,-136.1568,0.0000
19664,-42.7994,-136.1568,0.0000
19665,-42.7494,-136.1568,0.0000
19666,-42.6994,-136.1568,0.0000
19667,-42.6494,-136.1568,0.0000
19668,-42.5994,-136.1568,0.0000
19669,-42.5494,-136.1568,0.0000
19670,-42.4994,-136.1568,0.0000
19671,-42.4494,-136.1568,0.0000
19672,-42.3994,-136.1568,0.0000
19673,-42.3494,-136.1568,0.0000
19674,-42.2994,-136.1568,0.0000
19675,-42.2494,-136.1568,0.0000
19676,-42.1994,-136.1568,0.0000
19677,-42.1494,-136.1568,0.0000
19678,-42.0994,-136.1568,0.0000
19679,-42.0494,-136.1568,0.0000
19680,-41.9994,-136.1568,0.0000
19681,-41.9494,-136.1568,0.0000
19682,-41.8994,-136.1568,0.0000
19683,-41.8494,-136.1568,0.0000
19684,-41.7994,-136.1568,0.0000
19685,-41.7494,-136.1568,0.0000
19686,-41.6994,-136.1568,0.0000
19687,-41.6494,-136.1568,0.0000
19688,-41.5994,-136.1568,0.0000
19689,-41.5494,-136.1568,0.0000
19690,-41.4994,-136.1568,0.0000
19691,-41.4494,-136.1568,0.0000
19692,-41.3994,-136.1568,0.0000
19693,-41.3494,-136.1568,0.0000
19694,-41.2994,-136.1568,0.0000
19695,-41.2494,-136.1568,0.0000
19696,-41.1994,-136.1568,0.0000
19697,-41.1494,-136.1568,0.0000
19698,-41.0994,-136.1568,0.0000
19699,-41.0494,-136.1568,0.0000
19700,-40.9994,-136.1568,0.0000
19701,-40.9494,-136.1568,0.0000
19702,-40.8994,-136.1568,0.0000
19703,-40.8494,-136.1568,0.0000
19704,-40.7994,-136.1568,0.0000
19705,-40.7494,-136.1568,0.0000
19706,-40.6994,-136.1568,0.0000
19707,-40.6494,-136.1568,0.0000
19708,-40.5994,-136.1568,0.0000
19709,-40.5494,-136.1568,0.0000
19710,-40.4994,-136.1568,0.0000
19711,-40.4494,-136.1568,0.0000
19712,-40.3994,-136.1568,0.0000
19713,-40.3494,-136.1568,0.0000
19714,-40.2994,-136.1568,0.0000
19715,-40.2494,-136.1568,0.0000
19716,-40.1994,-136.1568,0.0000
19717,-40.1494,-136.1568,0.0000
19718,-40.0994,-136.1568,0.0000
19719,-40.0494,-136.1568,0.0000
19720,-39.9994,-136.1568,0.0000
19721,-39.9494,-136.1568,0.0000
19722,-39.8994,-136.1568,0.0000
19723,-39.8494,-136.1568,0.0000
19724,-39.7994,-136.1568,0.0000
19725,-39.7494,-136.1568,0.0000
19726,-39.6994,-136.1568,0.0000
19727,-39.6494,-136.1568,0.0000
19728,-39.5994,-136.1568,0.0000
19729,-39.5494,-136.1568,0.0000
19730,-39.4994,-136.1568,0.0000
19731,-39.4494,-136.1568,0.0000
19732,-39.3994,-136.1568,0.0000
19733,-39.3494,-136.1568,0.0000
19734,-39.2994,-136.1568,0.0000
19735,-39.2494,-136.1568,0.0000
19736,-39.1994,-136.1568,0.0000
19737,-39.1494,-136.1568,0.0000
19738,-39.0994,-136.1568,0.0000
19739,-39.0494,-136.1568,0.0000
19740,-38.9994,-136.1568,0.0000
19741,-38.9494,-136.1568,0.0000
19742,-38.8994,-136.1568,0.0000
19743,-38.8494,-136.1568,0.0000
19744,-38.7994,-136.1568,0.0000
19745,-38.7494,-136.1568,0.0000
19746,-38.6994,-136.1568,0.0000
19747,-38.6494,-136.1568,0.0000
19748,-38.5994,-136.1568,0.0000
19749,-38.5494,-136.1568,0.0000
19750,-38.4994,-136.1568,0.0000
19751,-38.4494,-136.1568,0.0000
19752,-38.3994,-136.1568,0.0000
19753,-38.3494,-136.1568,0.0000
19754,-38.2994,-136.1568,0.0000
19755,-38.2494,-136.1568,0.0000
19756,-38.1994,-136.1568,0.0000
19757,-38.1494,-136.1568,0.0000
19758,-38.0994,-136.1568,0.0000
19759,-38.0494,-136.1568,0.0000
19760,-37.9994,-136.1568,0.0000
19761,-37.9494,-136.1568,0.0000
19762,-37.8994,-136.1568,0.0000
19763,-37.8494,-136.1568,0.0000
19764,-37.7994,-136.1568,0.0000
19765,-37.7494,-136.1568,0.0000
19766,-37.6994,-136.1568,0.0000
19767,-37.6494,-136.1568,0.0000
19768,-37.5994,-136.1568,0.0000
19769,-37.5494,-136.1568,0.0000
19770,-37.4994,-136.1568,0.0000
19771,-37.4494,-136.1568,0.0000
19772,-37.3994,-136.1568,0.0000
19773,-37.3494,-136.1568,0.0000
19774,-37.2994,-136.1568,0.0000
19775,-37.2494,-136.1568,0.0000
19776,-37.1994,-136.1568,0.0000
19777,-37.1494,-136.1568,0.0000
19778,-37.0994,-136.1568,0.0000
19779,-37.0494,-136.1568,0.0000
19780,-36.9994,-136.1568,0.0000
19781,-36.9494,-136.1568,0.0000
19782,-36.8994,-136.1568,0.0000
19783,-36.8494,-136.1568,0.0000
19784,-36.7994,-136.1568,0.0000
19785,-36.7494,-136.1568,0.0000
19786,-36.6994,-136.1568,0.0000
19787,-36.6494,-136.1568,0.0000
19788,-36.5994,-136.1568,0.0000
19789,-36.5494,-136.1568,0.0000
19790,-36.4994,-136.1568,0.0000
19791,-36.4494,-136.1568,0.0000
19792,-36.3994,-136.1568,0.0000
19793,-36.3494,-136.1568,0.0000
19794,-36.2994,-136.1568,0.0000
19795,-36.2494,-136.1568,0.0000
19796,-36.1994,-136.1568,0.0000
19797,-36.1494,-136.1568,0.0000
19798,-36.0994,-136.1568,0.0000
19799,-36.0494,-136.1568,0.0000
19800,-35.9994,-136.1568,0.0000
19801,-35.9494,-136.1568,0.0000
19802,-35.8994,-136.1568,0.0000
19803,-35.8494,-136.1568,0.0000
19804,-35.7994,-136.1568,0.0000
19805,-35.7494,-136.1568,0.0000
19806,-35.6994,-136.1568,0.0000
19807,-35.6494,-136.1568,0.0000
19808,-35.5994,-136.1568,0.0000
19809,-35.5494,-136.1568,0.0000
19810,-35.4994,-136.1568,0.0000
19811,-35.4494,-136.1568,0.0000
19812,-35.3994,-136.1568,0.0000
19813,-35.3494,-136.1568,0.0000
19814,-35.2994,-136.1568,0.0000
19815,-35.2494,-136.1568,0.0000
19816,-35.1994,-136.1568,0.0000
19817,-35.1494,-136.1568,0.0000
19818,-35.0994,-136.1568,0.0000
19819,-35.0494,-136.1568,0.0000
19820,-34.9994,-136.1568,0.0000
19821,-34.9494,-136.1568,0.0000
19822,-34.8994,-136.1568,0.0000
19823,-34.8494,-136.1568,0.0000
19824,-34.7994,-136.1568,0.0000
19825,-34.7494,-136.1568,0.0000
19826,-34.6994,-136.1568,0.0000
19827,-34.6494,-136.1568,0.0000
19828,-34.5994,-136.1568,0.0000
19829,-34.5494,-136.1568,0.0000
19830,-34.4994,-136.1568,0.0000
19831,-34.4494,-136.1568,0.0000
19832,-34.3994,-136.1568,0.0000
19833,-34.3494,-136.1568,0.0000
19834,-34.2994,-136.1568,0.0000
19835,-34.2494,-136.1568,0.0000
19836,-34.1994,-136.1568,0.0000
19837,-34.1494,-136.1568,0.0000
19838,-34.0994,-136.1568,0.0000
19839,-34.0494,-136.1568,0.0000
19840,-33.9994,-136.1568,0.0000
19841,-33.9494,-136.1568,0.0000
19842,-33.8994,-136.1568,0.0000
19843,-33.8494,-136.1568,0.0000
19844,-33.7994,-136.1568,0.0000
19845,-33.7494,-136.1568,0.0000
19846,-33.6994,-136.1568,0.0000
19847,-33.6494,-136.1568,0.0000
19848,-33.5994,-136.1568,0.0000
19849,-33.5494,-136.1568,0.0000
19850,-33.4994,-136.1568,0.0000
19851,-33.4494,-136.1568,0.0000
19852,-33.3994,-136.1568,0.0000
19853,-33.3494,-136.1568,0.0000
19854,-33.2994,-136.1568,0.0000
19855,-33.2494,-136.1568,0.0000
19856,-33.1994,-136.1568,0.0000
19857,-33.1494,-136.1568,0.0000
19858,-33.0994,-136.1568,0.0000
19859,-33.0494,-136.1568,0.0000
19860,-32.9994,-136.1568,0.0000
19861,-32.9494,-136.1568,0.0000
19862,-32.8994,-136.1568,0.0000
19863,-32.8494,-136.1568,0.0000
19864,-32.7994,-136.1568,0.0000
19865,-32.7494,-136.1568,0.0000
19866,-32.6994,-136.1568,0.0000
19867,-32.6494,-136.1568,0.0000
19868,-32.5994,-136.1568,0.0000
19869,-32.5494,-136.1568,0.0000
19870,-32.4994,-136.1568,0.0000
19871,-32.4494,-136.1568,0.0000
19872,-32.3994,-136.1568,0.0000
19873,-32.3494,-136.1568,0.0000
19874,-32.2994,-136.1568,0.0000
19875,-32.2494,-136.1568,0.0000
19876,-32.1994,-136.1568,0.0000
19877,-32.1494,-136.1568,0.0000
19878,-32.0994,-136.1568,0.0000
19879,-32.0494,-136.1568,0.0000
19880,-31.9994,-136.1568,0.0000
19881,-31.9494,-136.1568,0.0000
19882,-31.8994,-136.1568,0.0000
19883,-31.8494,-136.1568,0.0000
19884,-31.7994,-136.1568,0.0000
19885,-31.7494,-136.1568,0.0000
19886,-31.6994,-136.1568,0.0000
19887,-31.6494,-136.1568,0.0000
19888,-31.5994,-136.1568,0.0000
19889,-31.5494,-136.1568,0.0000
19890,-31.4994,-136.1568,0.0000
19891,-31.4494,-136.1568,0.0000
19892,-31.3994,-136.1568,0.0000
19893,-31.3494,-136.1568,0.0000
19894,-31.2994,-136.1568,0.0000
19895,-31.2494,-136.1568,0.0000
19896,-31.1994,-136.1568,0.0000
19897,-31.1494,-136.1568,0.0000
19898,-31.0994,-136.1568,0.0000
19899,-31.0494,-136.1568,0.0000
19900,-30.9994,-136.1568,0.0000
19901,-30.9494,-136.1568,0.0000
19902,-30.8994,-136.1568,0.0000
19903,-30.8494,-136.1568,0.0000
19904,-30.7994,-136.1568,0.0000
19905,-30.7494,-136.1568,0.0000
19906,-30.6994,-136.1568,0.0000
19907,-30.6494,-136.1568,0.0000
19908,-30.5994,-136.1568,0.0000
19909,-30.5494,-136.1568,0.0000
19910,-30.4994,-136.1568,0.0000
19911,-30.4494,-136.1568,0.0000
19912,-30.3994,-136.1568,0.0000
19913,-30.3494,-136.1568,0.0000
19914,-30.2994,-136.1568,0.0000
19915,-30.2494,-136.1568,0.0000
19916,-30.1994,-136.1568,0.0000
19917,-30.1494,-136.1568,0.0000
19918,-30.0994,-136.1568,0.0000
19919,-30.0494,-136.1568,0.0000
19920,-29.9994,-136.1568,0.0000
19921,-29.9494,-136.1568,0.0000
19922,-29.8994,-136.1568,0.0000
19923,-29.8494,-136.1568,0.0000
19924,-29.7994,-136.1568,0.0000
19925,-29.7494,-136.1568,0.0000
19926,-29.6994,-136.1568,0.0000
19927,-29.6494,-136.1568,0.0000
19928,-29.5994,-136.1568,0.0000
19929,-29.5494,-136.1568,0.0000
19930,-29.4994,-136.1568,0.0000
19931,-29.4494,-136.1568,0.0000
19932,-29.3994,-136.1568,0.0000
19933,-29.3494,-136.1568,0.0000
19934,-29.2994,-136.1568,0.0000
19935,-29.2494,-136.1568,0.0000
19936,-29.1994,-136.1568,0.0000
19937,-29.1494,-136.1568,0.0000
19938,-29.0994,-136.1568,0.0000
19939,-29.0494,-136.1568,0.0000
19940,-28.9994,-136.1568,0.0000
19941,-28.9494,-136.1568,0.0000
19942,-28.8994,-136.1568,0.0000
19943,-28.8494,-136.1568,0.0000
19944,-28.7994,-136.1568,0.0000
19945,-28.7494,-136.1568,0.0000
19946,-28.6994,-136.1568,0.0000
19947,-28.6494,-136.1568,0.0000
19948,-28.5994,-136.1568,0.0000
19949,-28.5494,-136.1568,0.0000
19950,-28.4994,-136.1568,0.0000
19951,-28.4494,-136.1568,0.0000
19952,-28.3994,-136.1568,0.0000
19953,-28.3494,-136.1568,0.0000
19954,-28.2994,-136.1568,0.0000
19955,-28.2494,-136.1568,0.0000
19956,-28.1994,-136.1568,0.0000
19957,-28.1494,-136.1568,0.0000
19958,-28.0994,-136.1568,0.0000
19959,-28.0494,-136.1568,0.0000
19960,-27.9994,-136.1568,0.0000
19961,-27.9494,-136.1568,0.0000
19962,-27.8994,-136.1568,0.0000
19963,-27.8494,-136.1568,0.0000
19964,-27.7994,-136.1568,0.0000
19965,-27.7494,-136.1568,0.0000
19966,-27.6994,-136.1568,0.0000
19967,-27.6494,-136.1568,0.0000
19968,-27.5994,-136.1568,0.0000
19969,-27.5494,-136.1568,0.0000
19970,-27.4994,-136.1568,0.0000
19971,-27.4494,-136.1568,0.0000
19972,-27.3994,-136.1568,0.0000
19973,-27.3494,-136.1568,0.0000
19974,-27.2994,-136.1568,0.0000
19975,-27.2494,-136.1568,0.0000
19976,-27.1994,-136.1568,0.0000
19977,-27.1494,-136.1568,0.0000
19978,-27.0994,-136.1568,0.0000
19979,-27.0494,-136.1568,0.0000
19980,-26.9994,-136.1568,0.0000
19981,-26.9494,-136.1568,0.0000
19982,-26.8994,-136.1568,0.0000
19983,-26.8494,-136.1568,0.0000
19984,-26.7994,-136.1568,0.0000
19985,-26.7494,-136.1568,0.0000
19986,-26.6994,-136.1568,0.0000
19987,-26.6494,-136.1568,0.0000
19988,-26.5994,-136.1568,0.0000
19989,-26.5494,-136.1568,0.0000
19990,-26.4994,-136.1568,0.0000
19991,-26.4494,-136.1568,0.0000
19992,-26.3994,-136.1568,0.0000
19993,-26.3494,-136.1568,0.0000
19994,-26.2994,-136.1568,0.0000
19995,-26.2494,-136.1568,0.0000
19996,-26.1994,-136.1568,0.0000
19997,-26.1494,-136.1568,0.0000
19998,-26.0994,-136.1568,0.0000
19999,-26.0494,-136.1568,0.0000
20000,-25.9994,-136.1568,0.0000
20001,-25.9494,-136.1568,0.0000
20002,-25.8994,-136.1568,0.0000
20003,-25.8494,-136.1568,0.0000
20004,-25.7994,-136.1568,0.0000
20005,-25.7494,-136.1568,0.0000
20006,-25.6994,-136.1568,0.0000
20007,-25.6494,-136.1568,0.0000
20008,-25.5994,-136.1568,0.0000
20009,-25.5494,-136.1568,0.0000
20010,-25.4994,-136.1568,0.0000
20011,-25.4494,-136.1568,0.0000
20012,-25.3994,-136.1568,0.0000
20013,-25.3494,-136.1568,0.0000
20014,-25.2994,-136.1568,0.0000
20015,-25.2494,-136.1568,0.0000
20016,-25.1994,-136.1568,0.0000
20017,-25.1494,-136.1568,0.0000
20018,-25.0994,-136.1568,0.0000
20019,-25.0494,-136.1568,0.0000
20020,-24.9994,-136.1568,0.0000
20021,-24.9494,-136.1568,0.0000
20022,-24.8994,-136.1568,0.0000
20023,-24.8494,-136.1568,0.0000
20024,-24.7994,-136.1568,0.0000
20025,-24.7494,-136.1568,0.0000
20026,-24.6994,-136.1568,0.0000
20027,-24.6494,-136.1568,0.0000
20028,-24.5994,-136.1568,0.0000
20029,-24.5494,-136.1568,0.0000
20030,-24.4994,-136.1568,0.0000
20031,-24.4494,-136.1568,0.0000
20032,-24.3994,-136.1568,0.0000
20033,-24.3494,-136.1568,0.0000
20034,-24.2994,-136.1568,0.0000
20035,-24.2494,-136.1568,0.0000
20036,-24.1994,-136.1568,0.0000
20037,-24.1494,-136.1568,0.0000
20038,-24.0994,-136.1568,0.0000
20039,-24.0494,-136.1568,0.0000
20040,-23.9994,-136.1568,0.0000
20041,-23.9494,-136.1568,0.0000
20042,-23.8994,-136.1568,0.0000
20043,-23.8494,-136.1568,0.0000
20044,-23.7994,-136.1568,0.0000
20045,-23.7494,-136.1568,0.0000
20046,-23.6994,-136.1568,0.0000
20047,-23.6494,-136.1568,0.0000
20048,-23.5994,-136.1568,0.0000
20049,-23.5494,-136.1568,0.0000
20050,-23.4994,-136.1568,0.0000
20051,-23.4494,-136.1568,0.0000
20052,-23.3994,-136.1568,0.0000
20053,-23.3494,-136.1568,0.0000
20054,-23.2994,-136.1568,0.0000
20055,-23.2494,-136.1568,0.0000
20056,-23.1994,-136.1568,0.0000
20057,-23.1494,-136.1568,0.0000
20058,-23.0994,-136.1568,0.0000
20059,-23.0494,-136.1568,0.0000
20060,-22.9994,-136.1568,0.0000
20061,-22.9494,-136.1568,0.0000
20062,-22.8994,-136.1568,0.0000
20063,-22.8494,-136.1568,0.0000
20064,-22.7994,-136.1568,0.0000
20065,-22.7494,-136.1568,0.0000
20066,-22.6994,-136.1568,0.0000
20067,-22.6494,-136.1568,0.0000
20068,-22.5994,-136.1568,0.0000
20069,-22.5494,-136.1568,0.0000
20070,-22.4994,-136.1568,0.0000
20071,-22.4494,-136.1568,0.0000
20072,-22.3994,-136.1568,0.0000
20073,-22.3494,-136.1568,0.0000
20074,-22.2994,-136.1568,0.0000
20075,-22.2494,-136.1568,0.0000
20076,-22.1994,-136.1568,0.0000
20077,-22.1494,-136.1568,0.0000
20078,-22.0994,-136.1568,0.0000
20079,-22.0494,-136.1568,0.0000
20080,-21.9994,-136.1568,0.0000
20081,-21.9494,-136.1568,0.0000
20082,-21.8994,-136.1568,0.0000
20083,-21.8494,-136.1568,0.0000
20084,-21.7994,-136.1568,0.0000
20085,-21.7494,-136.1568,0.0000
20086,-21.6994,-136.1568,0.0000
20087,-21.6494,-136.1568,0.0000
20088,-21.5994,-136.1568,0.0000
20089,-21.5494,-136.1568,0.0000
20090,-21.4994,-136.1568,0.0000
20091,-21.4494,-136.1568,0.0000
20092,-21.3994,-136.1568,0.0000
20093,-21.3494,-136.1568,0.0000
20094,-21.2994,-136.1568,0.0000
20095,-21.2494,-136.1568,0.0000
20096,-21.1994,-136.1568,0.0000
20097,-21.1494,-136.1568,0.0000
20098,-21.0994,-136.1568,0.0000
20099,-21.0494,-136.1568,0.0000
20100,-20.9994,-136.1568,0.0000
20101,-20.9494,-136.1568,0.0000
20102,-20.8994,-136.1568,0.0000
20103,-20.8494,-136.1568,0.0000
20104,-20.7994,-136.1568,0.0000
20105,-20.7494,-136.1568,0.0000
20106,-20.6994,-136.1568,0.0000
20107,-20.6494,-136.1568,0.0000
20108,-20.5994,-136.1568,0.0000
20109,-20.5494,-136.1568,0.0000
20110,-20.4994,-136.1568,0.0000
20111,-20.4494,-136.1568,0.0000
20112,-20.3994,-136.1568,0.0000
20113,-20.3494,-136.1568,0.0000
20114,-20.2994,-136.1568,0.0000
20115,-20.2494,-136.1568,0.0000
20116,-20.1994,-136.1568,0.0000
20117,-20.1494,-136.1568,0.0000
20118,-20.0994,-136.1568,0.0000
20119,-20.0494,-136.1568,0.0000
20120,-19.9994,-136.1568,0.0000
20121,-19.9494,-136.1568,0.0000
20122,-19.8994,-136.1568,0.0000
20123,-19.8494,-136.1568,0.0000
20124,-19.7994,-136.1568,0.0000
20125,-19.7494,-136.1568,0.0000
20126,-19.6994,-136.1568,0.0000
20127,-19.6494,-136.1568,0.0000
20128,-19.5994,-136.1568,0.0000
20129,-19.5494,-136.1568,0.0000
20130,-19.4994,-136.1568,0.0000
20131,-19.4494,-136.1568,0.0000
20132,-19.3994,-136.1568,0.0000
20133,-19.3494,-136.1568,0.0000
20134,-19.2994,-136.1568,0.0000
20135,-19.2494,-136.1568,0.0000
20136,-19.1994,-136.1568,0.0000
20137,-19.1494,-136.1568,0.0000
20138,-19.0994,-136.1568,0.0000
20139,-19.0494,-136.1568,0.0000
20140,-18.9994,-136.1568,0.0000
20141,-18.9494,-136.1568,0.0000
20142,-18.8994,-136.1568,0.0000
20143,-18.8494,-136.1568,0.0000
20144,-18.7994,-136.1568,0.0000
20145,-18.7494,-136.1568,0.0000
20146,-18.6994,-136.1568,0.0000
20147,-18.6494,-136.1568,0.0000
20148,-18.5994,-136.1568,0.0000
20149,-18.5494,-136.1568,0.0000
20150,-18.4994,-136.1568,0.0000
20151,-18.4494,-136.1568,0.0000
20152,-18.3994,-136.1568,0.0000
20153,-18.3494,-136.1568,0.0000
20154,-18.2994,-136.1568,0.0000
20155,-18.2494,-136.1568,0.0000
20156,-18.1994,-136.1568,0.0000
20157,-18.1494,-136.1568,0.0000
20158,-18.0994,-136.1568,0.0000
20159,-18.0494,-136.1568,0.0000
20160,-17.9994,-136.1568,0.0000
20161,-17.9494,-136.1568,0.0000
20162,-17.8994,-136.1568,0.0000
20163,-17.8494,-136.1568,0.0000
20164,-17.7994,-136.1568,0.0000
20165,-17.7494,-136.1568,0.0000
20166,-17.6994,-136.1568,0.0000
20167,-17.6494,-136.1568,0.0000
20168,-17.5994,-136.1568,0.0000
20169,-17.5494,-136.1568,0.0000
20170,-17.4994,-136.1568,0.0000
20171,-17.4494,-136.1568,0.0000
20172,-17.3994,-136.1568,0.0000
20173,-17.3494,-136.1568,0.0000
20174,-17.2994,-136.1568,0.0000
20175,-17.2494,-136.1568,0.0000
20176,-17.1994,-136.1568,0.0000
20177,-17.1494,-136.1568,0.0000
20178,-17.0994,-136.1568,0.0000
20179,-17.0494,-136.1568,0.0000
20180,-16.9994,-136.1568,0.0000
20181,-16.9494,-136.1568,0.0000
20182,-16.8994,-136.1568,0.0000
20183,-16.8494,-136.1568,0.0000
20184,-16.7994,-136.1568,0.0000
20185,-16.7494,-136.1568,0.0000
20186,-16.6994,-136.1568,0.0000
20187,-16.6494,-136.1568,0.0000
20188,-16.5994,-136.1568,0.0000
20189,-16.5494,-136.1568,0.0000
20190,-16.4994,-136.1568,0.0000
20191,-16.4494,-136.1568,0.0000
20192,-16.3994,-136.1568,0.0000
20193,-16.3494,-136.1568,0.0000
20194,-16.2994,-136.1568,0.0000
20195,-16.2494,-136.1568,0.0000
20196,-16.1994,-136.1568,0.0000
20197,-16.1494,-136.1568,0.0000
20198,-16.0994,-136.1568,0.0000
20199,-16.0494,-136.1568,0.0000
20200,-15.9994,-136.1568,0.0000
20201,-15.9494,-136.1568,0.0000
20202,-15.8994,-136.1568,0.0000
20203,-15.8494,-136.1568,0.0000
20204,-15.7994,-136.1568,0.0000
20205,-15.7494,-136.1568,0.0000
20206,-15.6994,-136.1568,0.0000
20207,-15.6494,-136.1568,0.0000
20208,-15.5994,-136.1568,0.0000
20209,-15.5494,-136.1568,0.0000
20210,-15.4994,-136.1568,0.0000
20211,-15.4494,-136.1568,0.0000
20212,-15.3994,-136.1568,0.0000
20213,-15.3494,-136.1568,0.0000
20214,-15.2994,-136.1568,0.0000
20215,-15.2494,-136.1568,0.0000
20216,-15.1994,-136.1568,0.0000
20217,-15.1494,-136.1568,0.0000
20218,-15.0994,-136.1568,0.0000
20219,-15.0494,-136.1568,0.0000
20220,-14.9994,-136.1568,0.0000
20221,-14.9494,-136.1568,0.0000
20222,-14.8994,-136.1568,0.0000
20223,-14.8494,-136.1568,0.0000
20224,-14.7994,-136.1568,0.0000
20225,-14.7494,-136.1568,0.0000
20226,-14.6994,-136.1568,0.0000
20227,-14.6494,-136.1568,0.0000
20228,-14.5994,-136.1568,0.0000
20229,-14.5494,-136.1568,0.0000
20230,-14.4994,-136.1568,0.0000
20231,-14.4494,-136.1568,0.0000
20232,-14.3994,-136.1568,0.0000
20233,-14.3494,-136.1568,0.0000
20234,-14.2994,-136.1568,0.0000
20235,-14.2494,-136.1568,0.0000
20236,-14.1994,-136.1568,0.0000
20237,-14.1494,-136.1568,0.0000
20238,-14.0994,-136.1568,0.0000
20239,-14.0494,-136.1568,0.0000
20240,-13.9994,-136.1568,0.0000
20241,-13.9494,-136.1568,0.0000
20242,-13.8994,-136.1568,0.0000
20243,-13.8494,-136.1568,0.0000
20244,-13.7994,-136.1568,0.0000
20245,-13.7494,-136.1568,0.0000
20246,-13.6994,-136.1568,0.0000
20247,-13.6494,-136.1568,0.0000
20248,-13.5994,-136.1568,0.0000
20249,-13.5494,-136.1568,0.0000
20250,-13.4994,-136.1568,0.0000
20251,-13.4494,-136.1568,0.0000
20252,-13.3994,-136.1568,0.0000
20253,-13.3494,-136.1568,0.0000
20254,-13.2994,-136.1568,0.0000
20255,-13.2494,-136.1568,0.0000
20256,-13.1994,-136.1568,0.0000
20257,-13.1494,-136.1568,0.0000
20258,-13.0994,-136.1568,0.0000
20259,-13.0494,-136.1568,0.0000
20260,-12.9994,-136.1568,0.0000
20261,-12.9494,-136.1568,0.0000
20262,-12.8994,-136.1568,0.0000
20263,-12.8494,-136.1568,0.0000
20264,-12.7994,-136.1568,0.0000
20265,-12.7494,-136.1568,0.0000
20266,-12.6994,-136.1568,0.0000
20267,-12.6494,-136.1568,0.0000
20268,-12.5994,-136.1568,0.0000
20269,-12.5494,-136.1568,0.0000
20270,-12.4994,-136.1568,0.0000
20271,-12.4494,-136.1568,0.0000
20272,-12.3994,-136.1568,0.0000
20273,-12.3494,-136.1568,0.0000
20274,-12.2994,-136.1568,0.0000
20275,-12.2494,-136.1568,0.0000
20276,-12.1994,-136.1568,0.0000
20277,-12.1494,-136.1568,0.0000
20278,-12.0994,-136.1568,0.0000
20279,-12.0494,-136.1568,0.0000
20280,-11.9994,-136.1568,0.0000
20281,-11.9494,-136.1568,0.0000
20282,-11.8994,-136.1568,0.0000
20283,-11.8494,-136.1568,0.0000
20284,-11.7994,-136.1568,0.0000
20285,-11.7494,-136.1568,0.0000
20286,-11.6994,-136.1568,0.0000
20287,-11.6494,-136.1568,0.0000
20288,-11.5994,-136.1568,0.0000
20289,-11.5494,-136.1568,0.0000
20290,-11.4994,-136.1568,0.0000
20291,-11.4494,-136.1568,0.0000
20292,-11.3994,-136.1568,0.0000
20293,-11.3494,-136.1568,0.0000
20294,-11.2994,-136.1568,0.0000
20295,-11.2494,-136.1568,0.0000
20296,-11.1994,-136.1568,0.0000
20297,-11.1494,-136.1568,0.0000
20298,-11.0994,-136.1568,0.0000
20299,-11.0494,-136.1568,0.0000
20300,-10.9994,-136.1568,0.0000
20301,-10.9494,-136.1568,0.0000
20302,-10.8994,-136.1568,0.0000
20303,-10.8494,-136.1568,0.0000
20304,-10.7994,-136.1568,0.0000
20305,-10.7494,-136.1568,0.0000
20306,-10.6994,-136.1568,0.0000
20307,-10.6494,-136.1568,0.0000
20308,-10.5994,-136.1568,0.0000
20309,-10.5494,-136.1568,0.0000
20310,-10.4994,-136.1568,0.0000
20311,-10.4494,-136.1568,0.0000
20312,-10.3994,-136.1568,0.0000
20313,-10.3494,-136.1568,0.0000
20314,-10.2994,-136.1568,0.0000
20315,-10.2494,-136.1568,0.0000
20316,-10.1994,-136.1568,0.0000
20317,-10.1494,-136.1568,0.0000
20318,-10.0994,-136.1568,0.0000
20319,-10.0494,-136.1568,0.0000
20320,-9.9994,-136.1568,0.0000
20321,-9.9494,-136.1568,0.0000
20322,-9.8994,-136.1568,0.0000
20323,-9.8494,-136.1568,0.0000
20324,-9.7994,-136.1568,0.0000
20325,-9.7494,-136.1568,0.0000
20326,-9.6994,-136.1568,0.0000
20327,-9.6494,-136.1568,0.0000
20328,-9.5994,-136.1568,0.0000
20329,-9.5494,-136.1568,0.0000
20330,-9.4994,-136.1568,0.0000
20331,-9.4494,-136.1568,0.0000
20332,-9.3994,-136.1568,0.0000
20333,-9.3494,-136.1568,0.0000
20334,-9.2994,-136.1568,0.0000
20335,-9.2494,-136.1568,0.0000
20336,-9.1994,-136.1568,0.0000
20337,-9.1494,-136.1568,0.0000
20338,-9.0994,-136.1568,0.0000
20339,-9.0494,-136.1568,0.0000
20340,-8.9994,-136.1568,0.0000
20341,-8.9494,-136.1568,0.0000
20342,-8.8994,-136.1568,0.0000
20343,-8.8494,-136.1568,0.0000
20344,-8.7994,-136.1568,0.0000
20345,-8.7494,-136.1568,0.0000
20346,-8.6994,-136.1568,0.0000
20347,-8.6494,-136.1568,0.0000
20348,-8.5994,-136.1568,0.0000
20349,-8.5494,-136.1568,0.0000
20350,-8.4994,-136.1568,0.0000
20351,-8.4494,-136.1568,0.0000
20352,-8.3994,-136.1568,0.0000
20353,-8.3494,-136.1568,0.0000
20354,-8.2994,-136.1568,0.0000
20355,-8.2494,-136.1568,0.0000
20356,-8.1994,-136.1568,0.0000
20357,-8.1494,-136.1568,0.0000
20358,-8.0994,-136.1568,0.0000
20359,-8.0494,-136.1568,0.0000
20360,-7.9994,-136.1568,0.0000
20361,-7.9494,-136.1568,0.0000
20362,-7.8994,-136.1568,0.0000
20363,-7.8494,-136.1568,0.0000
20364,-7.7994,-136.1568,0.0000
20365,-7.7494,-136.1568,0.0000
20366,-7.6994,-136.1568,0.0000
20367,-7.6494,-136.1568,0.0000
20368,-7.5994,-136.1568,0.0000
20369,-7.5494,-136.1568,0.0000
20370,-7.4994,-136.1568,0.0000
20371,-7.4494,-136.1568,0.0000
20372,-7.3994,-136.1568,0.0000
20373,-7.3494,-136.1568,0.0000
20374,-7.2994,-136.1568,0.0000
20375,-7.2494,-136.1568,0.0000
20376,-7.1994,-136.1568,0.0000
20377,-7.1494,-136.1568,0.0000
20378,-7.0994,-136.1568,0.0000
20379,-7.0494,-136.1568,0.0000
20380,-6.9994,-136.1568,0.0000
20381,-6.9494,-136.1568,0.0000
20382,-6.8994,-136.1568,0.0000
20383,-6.8494,-136.1568,0.0000
20384,-6.7994,-136.1568,0.0000
20385,-6.7494,-136.1568,0.0000
20386,-6.6994,-136.1568,0.0000
20387,-6.6494,-136.1568,0.0000
20388,-6.5994,-136.1568,0.0000
20389,-6.5494,-136.1568,0.0000
20390,-6.4994,-136.1568,0.0000
20391,-6.4494,-136.1568,0.0000
20392,-6.3994,-136.1568,0.0000
20393,-6.3494,-136.1568,0.0000
20394,-6.2994,-136.1568,0.0000
20395,-6.2494,-136.1568,0.0000
20396,-6.1994,-136.1568,0.0000
20397,-6.1494,-136.1568,0.0000
20398,-6.0994,-136.1568,0.0000
20399,-6.0494,-136.1568,0.0000
20400,-5.9994,-136.1568,0.0000
20401,-5.9494,-136.1568,0.0000
20402,-5.8994,-136.1568,0.0000
20403,-5.8494,-136.1568,0.0000
20404,-5.7994,-136.1568,0.0000
20405,-5.7494,-136.1568,0.0000
20406,-5.6994,-136.1568,0.0000
20407,-5.6494,-136.1568,0.0000
20408,-5.5994,-136.1568,0.0000
20409,-5.5494,-136.1568,0.0000
20410,-5.4994,-136.1568,0.0000
20411,-5.4494,-136.1568,0.0000
20412,-5.3994,-136.1568,0.0000
20413,-5.3494,-136.1568,0.0000
20414,-5.2994,-136.1568,0.0000
20415,-5.2494,-136.1568,0.0000
20416,-5.1994,-136.1568,0.0000
20417,-5.1494,-136.1568,0.0000
20418,-5.0994,-136.1568,0.0000
20419,-5.0494,-136.1568,0.0000
20420,-4.9994,-136.1568,0.0000
20421,-4.9494,-136.1568,0.0000
20422,-4.8994,-136.1568,0.0000
20423,-4.8494,-136.1568,0.0000
20424,-4.7994,-136.1568,0.0000
20425,-4.7494,-136.1568,0.0000
20426,-4.6994,-136.1568,0.0000
20427,-4.6494,-136.1568,0.0000
20428,-4.5994,-136.1568,0.0000
20429,-4.5494,-136.1568,0.0000
20430,-4.4994,-136.1568,0.0000
20431,-4.4494,-136.1568,0.0000
20432,-4.3994,-136.1568,0.0000
20433,-4.3494,-136.1568,0.0000
20434,-4.2994,-136.1568,0.0000
20435,-4.2494,-136.1568,0.0000
20436,-4.1994,-136.1568,0.0000
20437,-4.1494,-136.1568,0.0000
20438,-4.0994,-136.1568,0.0000
20439,-4.0494,-136.1568,0.0000
20440,-3.9994,-136.1568,0.0000
20441,-3.9494,-136.1568,0.0000
20442,-3.8994,-136.1568,0.0000
20443,-3.8494,-136.1568,0.0000
20444,-3.7994,-136.1568,0.0000
20445,-3.7494,-136.1568,0.0000
20446,-3.6994,-136.1568,0.0000
20447,-3.6494,-136.1568,0.0000
20448,-3.5994,-136.1568,0.0000
20449,-3.5494,-136.1568,0.0000
20450,-3.4994,-136.1568,0.0000
20451,-3.4494,-136.1568,0.0000
20452,-3.3994,-136.1568,0.0000
20453,-3.3494,-136.1568,0.0000
20454,-3.2994,-136.1568,0.0000
20455,-3.2494,-136.1568,0.0000
20456,-3.1994,-136.1568,0.0000
20457,-3.1494,-136.1568,0.0000
20458,-3.0994,-136.1568,0.0000
20459,-3.0494,-136.1568,0.0000
20460,-2.9994,-136.1568,0.0000
20461,-2.9494,-136.1568,0.0000
20462,-2.8994,-136.1568,0.0000
20463,-2.8494,-136.1568,0.0000
20464,-2.7994,-136.1568,0.0000
20465,-2.7494,-136.1568,0.0000
20466,-2.6994,-136.1568,0.0000
20467,-2.6494,-136.1568,0.0000
20468,-2.5994,-136.1568,0.0000
20469,-2.5494,-136.1568,0.0000
20470,-2.4994,-136.1568,0.0000
20471,-2.4494,-136.1568,0.0000
20472,-2.3994,-136.1568,0.0000
20473,-2.3494,-136.1568,0.0000
20474,-2.2994,-136.1568,0.0000
20475,-2.2494,-136.1568,0.0000
20476,-2.1994,-136.1568,0.0000
20477,-2.1494,-136.1568,0.0000
20478,-2.0994,-136.1568,0.0000
20479,-2.0494,-136.1568,0.0000
20480,-1.9994,-136.1568,0.0000
20481,-1.9494,-136.1568,0.0000
20482,-1.8994,-136.1568,0.0000
20483,-1.8494,-136.1568,0.0000
20484,-1.7994,-136.1568,0.0000
20485,-1.7494,-136.1568,0.0000
20486,-1.6994,-136.1568,0.0000
20487,-1.6494,-136.1568,0.0000
20488,-1.5994,-136.1568,0.0000
20489,-1.5494,-136.1568,0.0000
20490,-1.4994,-136.1568,0.0000
20491,-1.4494,-136.1568,0.0000
20492,-1.3994,-136.1568,0.0000
20493,-1.3494,-136.1568,0.0000
20494,-1.2994,-136.1568,0.0000
20495,-1.2494,-136.1568,0.0000
20496,-1.1994,-136.1568,0.0000
20497,-1.1494,-136.1568,0.0000
20498,-1.0994,-136.1568,0.0000
20499,-1.0494,-136.1568,0.0000
20500,-0.9994,-136.1568,0.0000
20501,-0.9494,-136.1568,0.0000
20502,-0.8994,-136.1568,0.0000
20503,-0.8494,-136.1568,0.0000
20504,-0.7994,-136.1568,0.0000
20505,-0.7494,-136.1568,0.0000
20506,-0.6994,-136.1568,0.0000
20507,-0.6494,-136.1568,0.0000
20508,-0.5994,-136.1568,0.0000
20509,-0.5494,-136.1568,0.0000
20510,-0.4994,-136.1568,0.0000
20511,-0.4494,-136.1568,0.0000
20512,-0.3994,-136.1568,0.0000
20513,-0.3494,-136.1568,0.0000
20514,-0.2994,-136.1568,0.0000
20515,-0.2494,-136.1568,0.0000
20516,-0.1994,-136.1568,0.0000
20517,-0.1494,-136.1568,0.0000
20518,-0.0994,-136.1568,0.0000
20519,-0.0494,-136.1568,0.0000
20520,0.0006,-136.1568,0.0000
20521,0.0506,-136.1568,0.0000
20522,0.1006,-136.1568,0.0000
20523,0.1506,-136.1568,0.0000
20524,0.2006,-136.1568,0.0000
20525,0.2506,-136.1568,0.0000
20526,0.3006,-136.1568,0.0000
20527,0.3506,-136.1568,0.0000
20528,0.4006,-136.1568,0.0000
20529,0.4506,-136.1568,0.0000
20530,0.5006,-136.1568,0.0000
20531,0.5506,-136.1568,0.0000
20532,0.6006,-136.1568,0.0000
20533,0.6506,-136.1568,0.0000
20534,0.7006,-136.1568,0.0000
20535,0.7506,-136.1568,0.0000
20536,0.8006,-136.1568,0.0000
20537,0.8506,-136.1568,0.0000
20538,0.9006,-136.1568,0.0000
20539,0.9506,-136.1568,0.0000
20540,1.0006,-136.1568,0.0000
20541,1.0506,-136.1568,0.0000
20542,1.1006,-136.1568,0.0000
20543,1.1506,-136.1568,0.0000
20544,1.2006,-136.1568,0.0000
20545,1.2506,-136.1568,0.0000
20546,1.3006,-136.1568,0.0000
20547,1.3506,-136.1568,0.0000
20548,1.4006,-136.1568,0.0000
20549,1.4506,-136.1568,0.0000
20550,1.5006,-136.1568,0.0000
20551,1.5506,-136.1568,0.0000
20552,1.6006,-136.1568,0.0000
20553,1.6506,-136.1568,0.0000
20554,1.7006,-136.1568,0.0000
20555,1.7506,-136.1568,0.0000
20556,1.8006,-136.1568,0.0000
20557,1.8506,-136.1568,0.0000
20558,1.9006,-136.1568,0.0000
20559,1.9506,-136.1568,0.0000
20560,2.0006,-136.1568,0.0000
20561,2.0506,-136.1568,0.0000
20562,2.1006,-136.1568,0.0000
20563,2.1506,-136.1568,0.0000
20564,2.2006,-136.1568,0.0000
20565,2.2506,-136.1568,0.0000
20566,2.3006,-136.1568,0.0000
20567,2.3506,-136.1568,0.0000
20568,2.4006,-136.1568,0.0000
20569,2.4506,-136.1568,0.0000
20570,2.5006,-136.1568,0.0000
20571,2.5506,-136.1568,0.0000
20572,2.6006,-136.1568,0.0000
20573,2.6506,-136.1568,0.0000
20574,2.7006,-136.1568,0.0000
20575,2.7506,-136.1568,0.0000
20576,2.8006,-136.1568,0.0000
20577,2.8506,-136.1568,0.0000
20578,2.9006,-136.1568,0.0000
20579,2.9506,-136.1568,0.0000
20580,3.0006,-136.1568,0.0000
20581,3.0506,-136.1568,0.0000
20582,3.1006,-136.1568,0.0000
20583,3.1506,-136.1568,0.0000
20584,3.2006,-136.1568,0.0000
20585,3.2506,-136.1568,0.0000
20586,3.3006,-136.1568,0.0000
20587,3.3506,-136.1568,0.0000
20588,3.4006,-136.1568,0.0000
20589,3.4506,-136.1568,0.0000
20590,3.5006,-136.1568,0.0000
20591,3.5506,-136.1568,0.0000
20592,3.6006,-136.1568,0.0000
20593,3.6506,-136.1568,0.0000
20594,3.7006,-136.1568,0.0000
20595,3.7506,-136.1568,0.0000
20596,3.8006,-136.1568,0.0000
20597,3.8506,-136.1568,0.0000
20598,3.9006,-136.1568,0.0000
20599,3.9506,-136.1568,0.0000
20600,4.0006,-136.1568,0.0000
20601,4.0506,-136.1568,0.0000
20602,4.1006,-136.1568,0.0000
20603,4.1506,-136.1568,0.0000
20604,4.2006,-136.1568,0.0000
20605,4.2506,-136.1568,0.0000
20606,4.3006,-136.1568,0.0000
20607,4.3506,-136.1568,0.0000
20608,4.4006,-136.1568,0.0000
20609,4.4506,-136.1568,0.0000
20610,4.5006,-136.1568,0.0000
20611,4.5506,-136.1568,0.0000
20612,4.6006,-136.1568,0.0000
20613,4.6506,-136.1568,0.0000
20614,4.7006,-136.1568,0.0000
20615,4.7506,-136.1568,0.0000
20616,4.8006,-136.1568,0.0000
20617,4.8506,-136.1568,0.0000
20618,4.9006,-136.1568,0.0000
20619,4.9506,-136.1568,0.0000
20620,5.0006,-136.1568,0.0000
20621,5.0506,-136.1568,0.0000
20622,5.1006,-136.1568,0.0000
20623,5.1506,-136.1568,0.0000
20624,5.2006,-136.1568,0.0000
20625,5.2506,-136.1568,0.0000
20626,5.3006,-136.1568,0.0000
20627,5.3506,-136.1568,0.0000
20628,5.4006,-136.1568,0.0000
20629,5.4506,-136.1568,0.0000
20630,5.5006,-136.1568,0.0000
20631,5.5506,-136.1568,0.0000
20632,5.6006,-136.1568,0.0000
20633,5.6506,-136.1568,0.0000
20634,5.7006,-136.1568,0.0000
20635,5.7506,-136.1568,0.0000
20636,5.8006,-136.1568,0.0000
20637,5.8506,-136.1568,0.0000
20638,5.9006,-136.1568,0.0000
20639,5.9506,-136.1568,0.0000
20640,6.0006,-136.1568,0.0000
20641,6.0506,-136.1568,0.0000
20642,6.1006,-136.1568,0.0000
20643,6.1506,-136.1568,0.0000
20644,6.2006,-136.1568,0.0000
20645,6.2506,-136.1568,0.0000
20646,6.3006,-136.1568,0.0000
20647,6.3506,-136.1568,0.0000
20648,6.4006,-136.1568,0.0000
20649,6.4506,-136.1568,0.0000
20650,6.5006,-136.1568,0.0000
20651,6.5506,-136.1568,0.0000
20652,6.6006,-136.1568,0.0000
20653,6.6506,-136.1568,0.0000
20654,6.7006,-136.1568,0.0000
20655,6.7506,-136.1568,0.0000
20656,6.8006,-136.1568,0.0000
20657,6.8506,-136.1568,0.0000
20658,6.9006,-136.1568,0.0000
20659,6.9506,-136.1568,0.0000
20660,7.0006,-136.1568,0.0000
20661,7.0506,-136.1568,0.0000
20662,7.1006,-136.1568,0.0000
20663,7.1506,-136.1568,0.0000
20664,7.2006,-136.1568,0.0000
20665,7.2506,-136.1568,0.0000
20666,7.3006,-136.1568,0.0000
20667,7.3506,-136.1568,0.0000
20668,7.4006,-136.1568,0.0000
20669,7.4506,-136.1568,0.0000
20670,7.5006,-136.1568,0.0000
20671,7.5506,-136.1568,0.0000
20672,7.6006,-136.1568,0.0000
20673,7.6506,-136.1568,0.0000
20674,7.7006,-136.1568,0.0000
20675,7.7506,-136.1568,0.0000
20676,7.8006,-136.1568,0.0000
20677,7.8506,-136.1568,0.0000
20678,7.9006,-136.1568,0.0000
20679,7.9506,-136.1568,0.0000
20680,8.0006,-136.1568,0.0000
20681,8.0506,-136.1568,0.0000
20682,8.1006,-136.1568,0.0000
20683,8.1506,-136.1568,0.0000
20684,8.2006,-136.1568,0.0000
20685,8.2506,-136.1568,0.0000
20686,8.3006,-136.1568,0.0000
20687,8.3506,-136.1568,0.0000
20688,8.4006,-136.1568,0.0000
20689,8.4506,-136.1568,0.0000
20690,8.5006,-136.1568,0.0000
20691,8.5506,-136.1568,0.0000
20692,8.6006,-136.1568,0.0000
20693,8.6506,-136.1568,0.0000
20694,8.7006,-136.1568,0.0000
20695,8.7506,-136.1568,0.0000
20696,8.8006,-136.1568,0.0000
20697,8.8506,-136.1568,0.0000
20698,8.9006,-136.1568,0.0000
20699,8.9506,-136.1568,0.0000
20700,9.0006,-136.1568,0.0000
20701,9.0506,-136.1568,0.0000
20702,9.1006,-136.1568,0.0000
20703,9.1506,-136.1568,0.0000
20704,9.2006,-136.1568,0.0000
20705,9.2506,-136.1568,0.0000
20706,9.3006,-136.1568,0.0000
20707,9.3506,-136.1568,0.0000
20708,9.4006,-136.1568,0.0000
20709,9.4506,-136.1568,0.0000
20710,9.5006,-136.1568,0.0000
20711,9.5506,-136.1568,0.0000
20712,9.6006,-136.1568,0.0000
20713,9.6506,-136.1568,0.0000
20714,9.7006,-136.1568,0.0000
20715,9.7506,-136.1568,0.0000
20716,9.8006,-136.1568,0.0000
20717,9.8506,-136.1568,0.0000
20718,9.9006,-136.1568,0.0000
20719,9.9506,-136.1568,0.0000
20720,10.0006,-136.1568,0.0000
20721,10.0506,-136.1568,0.0000
20722,10.1006,-136.1568,0.0000
20723,10.1506,-136.1568,0.0000
20724,10.2006,-136.1568,0.0000
20725,10.2506,-136.1568,0.0000
20726,10.3006,-136.1568,0.0000
20727,10.3506,-136.1568,0.0000
20728,10.4006,-136.1568,0.0000
20729,10.4506,-136.1568,0.0000
20730,10.5006,-136.1568,0.0000
20731,10.5506,-136.1568,0.0000
20732,10.6006,-136.1568,0.0000
20733,10.6506,-136.1568,0.0000
20734,10.7006,-136.1568,0.0000
20735,10.7506,-136.1568,0.0000
20736,10.8006,-136.1568,0.0000
20737,10.8506,-136.1568,0.0000
20738,10.9006,-136.1568,0.0000
20739,10.9506,-136.1568,0.0000
20740,11.0006,-136.1568,0.0000
20741,11.0506,-136.1568,0.0000
20742,11.1006,-136.1568,0.0000
20743,11.1506,-136.1568,0.0000
20744,11.2006,-136.1568,0.0000
20745,11.2506,-136.1568,0.0000
20746,11.3006,-136.1568,0.0000
20747,11.3506,-136.1568,0.0000
20748,11.4006,-136.1568,0.0000
20749,11.4506,-136.1568,0.0000
20750,11.5006,-136.1568,0.0000
20751,11.5506,-136.1568,0.0000
20752,11.6006,-136.1568,0.0000
20753,11.6506,-136.1568,0.0000
20754,11.7006,-136.1568,0.0000
20755,11.7506,-136.1568,0.0000
20756,11.8006,-136.1568,0.0000
20757,11.8506,-136.1568,0.0000
20758,11.9006,-136.1568,0.0000
20759,11.9506,-136.1568,0.0000
20760,12.0006,-136.1568,0.0000
20761,12.0506,-136.1568,0.0000
20762,12.1006,-136.1568,0.0000
20763,12.1506,-136.1568,0.0000
20764,12.2006,-136.1568,0.0000
20765,12.2506,-136.1568,0.0000
20766,12.3006,-136.1568,0.0000
20767,12.3506,-136.1568,0.0000
20768,12.4006,-136.1568,0.0000
20769,12.4506,-136.1568,0.0000
20770,12.5006,-136.1568,0.0000
20771,12.5506,-136.1568,0.0000
20772,12.6006,-136.1568,0.0000
20773,12.6506,-136.1568,0.0000
20774,12.7006,-136.1568,0.0000
20775,12.7506,-136.1568,0.0000
20776,12.8006,-136.1568,0.0000
20777,12.8506,-136.1568,0.0000
20778,12.9006,-136.1568,0.0000
20779,12.9506,-136.1568,0.0000
20780,13.0006,-136.1568,0.0000
20781,13.0506,-136.1568,0.0000
20782,13.1006,-136.1568,0.0000
20783,13.1506,-136.1568,0.0000
20784,13.2006,-136.1568,0.0000
20785,13.2506,-136.1568,0.0000
20786,13.3006,-136.1568,0.0000
20787,13.3506,-136.1568,0.0000
20788,13.4006,-136.1568,0.0000
20789,13.4506,-136.1568,0.0000
20790,13.5006,-136.1568,0.0000
20791,13.5506,-136.1568,0.0000
20792,13.6006,-136.1568,0.0000
20793,13.6506,-136.1568,0.0000
20794,13.7006,-136.1568,0.0000
20795,13.7506,-136.1568,0.0000
20796,13.8006,-136.1568,0.0000
20797,13.8506,-136.1568,0.0000
20798,13.9006,-136.1568,0.0000
20799,13.9506,-136.1568,0.0000
20800,14.0006,-136.1568,0.0000
20801,14.0506,-136.1568,0.0000
20802,14.1006,-136.1568,0.0000
20803,14.1506,-136.1568,0.0000
20804,14.2006,-136.1568,0.0000
20805,14.2506,-136.1568,0.0000
20806,14.3006,-136.1568,0.0000
20807,14.3506,-136.1568,0.0000
20808,14.4006,-136.1568,0.0000
20809,14.4506,-136.1568,0.0000
20810,14.5006,-136.1568,0.0000
20811,14.5506,-136.1568,0.0000
20812,14.6006,-136.1568,0.0000
20813,14.6506,-136.1568,0.0000
20814,14.7006,-136.1568,0.0000
20815,14.7506,-136.1568,0.0000
20816,14.8006,-136.1568,0.0000
20817,14.8506,-136.1568,0.0000
20818,14.9006,-136.1568,0.0000
20819,14.9506,-136.1568,0.0000
20820,15.0006,-136.1568,0.0000
20821,15.0506,-136.1568,0.0000
20822,15.1006,-136.1568,0.0000
20823,15.1506,-136.1568,0.0000
20824,15.2006,-136.1568,0.0000
20825,15.2506,-136.1568,0.0000
20826,15.3006,-136.1568,0.0000
20827,15.3506,-136.1568,0.0000
20828,15.4006,-136.1568,0.0000
20829,15.4506,-136.1568,0.0000
20830,15.5006,-136.1568,0.0000
20831,15.5506,-136.1568,0.0000
20832,15.6006,-136.1568,0.0000
20833,15.6506,-136.1568,0.0000
20834,15.7006,-136.1568,0.0000
20835,15.7506,-136.1568,0.0000
20836,15.8006,-136.1568,0.0000
20837,15.8506,-136.1568,0.0000
20838,15.9006,-136.1568,0.0000
20839,15.9506,-136.1568,0.0000
20840,16.0006,-136.1568,0.0000
20841,16.0506,-136.1568,0.0000
20842,16.1006,-136.1568,0.0000
20843,16.1506,-136.1568,0.0000
20844,16.2006,-136.1568,0.0000
20845,16.2506,-136.1568,0.0000
20846,16.3006,-136.1568,0.0000
20847,16.3506,-136.1568,0.0000
20848,16.4006,-136.1568,0.0000
20849,16.4506,-136.1568,0.0000
20850,16.5006,-136.1568,0.0000
20851,16.5506,-136.1568,0.0000
20852,16.6006,-136.1568,0.0000
20853,16.6506,-136.1568,0.0000
20854,16.7006,-136.1568,0.0000
20855,16.7506,-136.1568,0.0000
20856,16.8006,-136.1568,0.0000
20857,16.8506,-136.1568,0.0000
20858,16.9006,-136.1568,0.0000
20859,16.9506,-136.1568,0.0000
20860,17.0006,-136.1568,0.0000
20861,17.0506,-136.1568,0.0000
20862,17.1006,-136.1568,0.0000
20863,17.1506,-136.1568,0.0000
20864,17.2006,-136.1568,0.0000
20865,17.2506,-136.1568,0.0000
20866,17.3006,-136.1568,0.0000
20867,17.3506,-136.1568,0.0000
20868,17.4006,-136.1568,0.0000
20869,17.4506,-136.1568,0.0000
20870,17.5006,-136.1568,0.0000
20871,17.5506,-136.1568,0.0000
20872,17.6006,-136.1568,0.0000
20873,17.6506,-136.1568,0.0000
20874,17.7006,-136.1568,0.0000
20875,17.7506,-136.1568,0.0000
20876,17.8006,-136.1568,0.0000
20877,17.8506,-136.1568,0.0000
20878,17.9006,-136.1568,0.0000
20879,17.9506,-136.1568,0.0000
20880,18.0006,-136.1568,0.0000
20881,18.0506,-136.1568,0.0000
20882,18.1006,-136.1568,0.0000
20883,18.1506,-136.1568,0.0000
20884,18.2006,-136.1568,0.0000
20885,18.2506,-136.1568,0.0000
20886,18.3006,-136.1568,0.0000
20887,18.3506,-136.1568,0.0000
20888,18.4006,-136.1568,0.0000
20889,18.4506,-136.1568,0.0000
20890,18.5006,-136.1568,0.0000
20891,18.5506,-136.1568,0.0000
20892,18.6006,-136.1568,0.0000
20893,18.6506,-136.1568,0.0000
20894,18.7006,-136.1568,0.0000
20895,18.7506,-136.1568,0.0000
20896,18.8006,-136.1568,0.0000
20897,18.8506,-136.1568,0.0000
20898,18.9006,-136.1568,0.0000
20899,18.9506,-136.1568,0.0000
20900,19.0006,-136.1568,0.0000
20901,19.0506,-136.1568,0.0000
20902,19.1006,-136.1568,0.0000
20903,19.1506,-136.1568,0.0000
20904,19.2006,-136.1568,0.0000
20905,19.2506,-136.1568,0.0000
20906,19.3006,-136.1568,0.0000
20907,19.3506,-136.1568,0.0000
20908,19.4006,-136.1568,0.0000
20909,19.4506,-136.1568,0.0000
20910,19.5006,-136.1568,0.0000
20911,19.5506,-136.1568,0.0000
20912,19.6006,-136.1568,0.0000
20913,19.6506,-136.1568,0.0000
20914,19.7006,-136.1568,0.0000
20915,19.7506,-136.1568,0.0000
20916,19.8006,-136.1568,0.0000
20917,19.8506,-136.1568,0.0000
20918,19.9006,-136.1568,0.0000
20919,19.9506,-136.1568,0.0000
20920,20.0006,-136.1568,0.0000
20921,20.0506,-136.1568,0.0000
20922,20.1006,-136.1568,0.0000
20923,20.1506,-136.1568,0.0000
20924,20.2006,-136.1568,0.0000
20925,20.2506,-136.1568,0.0000
20926,20.3006,-136.1568,0.0000
20927,20.3506,-136.1568,0.0000
20928,20.4006,-136.1568,0.0000
20929,20.4506,-136.1568,0.0000
20930,20.5006,-136.1568,0.0000
20931,20.5506,-136.1568,0.0000
20932,20.6006,-136.1568,0.0000
20933,20.6506,-136.1568,0.0000
20934,20.7006,-136.1568,0.0000
20935,20.7506,-136.1568,0.0000
20936,20.8006,-136.1568,0.0000
20937,20.8506,-136.1568,0.0000
20938,20.9006,-136.1568,0.0000
20939,20.9506,-136.1568,0.0000
20940,21.0006,-136.1568,0.0000
20941,21.0506,-136.1568,0.0000
20942,21.1006,-136.1568,0.0000
20943,21.1506,-136.1568,0.0000
20944,21.2006,-136.1568,0.0000
20945,21.2506,-136.1568,0.0000
20946,21.3006,-136.1568,0.0000
20947,21.3506,-136.1568,0.0000
20948,21.4006,-136.1568,0.0000
20949,21.4506,-136.1568,0.0000
20950,21.5006,-136.1568,0.0000
20951,21.5506,-136.1568,0.0000
20952,21.6006,-136.1568,0.0000
20953,21.6506,-136.1568,0.0000
20954,21.7006,-136.1568,0.0000
20955,21.7506,-136.1568,0.0000
20956,21.8006,-136.1568,0.0000
20957,21.8506,-136.1568,0.0000
20958,21.9006,-136.1568,0.0000
20959,21.9506,-136.1568,0.0000
20960,22.0006,-136.1568,0.0000
20961,22.0506,-136.1568,0.0000
20962,22.1006,-136.1568,0.0000
20963,22.1506,-136.1568,0.0000
20964,22.2006,-136.1568,0.0000
20965,22.2506,-136.1568,0.0000
20966,22.3006,-136.1568,0.0000
20967,22.3506,-136.1568,0.0000
20968,22.4006,-136.1568,0.0000
20969,22.4506,-136.1568,0.0000
20970,22.5006,-136.1568,0.0000
20971,22.5506,-136.1568,0.0000
20972,22.6006,-136.1568,0.0000
20973,22.6506,-136.1568,0.0000
20974,22.7006,-136.1568,0.0000
20975,22.7506,-136.1568,0.0000
20976,22.8006,-136.1568,0.0000
20977,22.8506,-136.1568,0.0000
20978,22.9006,-136.1568,0.0000
20979,22.9506,-136.1568,0.0000
20980,23.0006,-136.1568,0.0000
20981,23.0506,-136.1568,0.0000
20982,23.1006,-136.1568,0.0000
20983,23.1506,-136.1568,0.0000
20984,23.2006,-136.1568,0.0000
20985,23.2506,-136.1568,0.0000
20986,23.3006,-136.1568,0.0000
20987,23.3506,-136.1568,0.0000
20988,23.4006,-136.1568,0.0000
20989,23.4506,-136.1568,0.0000
20990,23.5006,-136.1568,0.0000
20991,23.5506,-136.1568,0.0000
20992,23.6006,-136.1568,0.0000
20993,23.6506,-136.1568,0.0000
20994,23.7006,-136.1568,0.0000
20995,23.7506,-136.1568,0.0000
20996,23.8006,-136.1568,0.0000
20997,23.8506,-136.1568,0.0000
20998,23.9006,-136.1568,0.0000
20999,23.9506,-136.1568,0.0000
21000,24.0006,-136.1568,0.0000
21001,24.0506,-136.1568,0.0000
21002,24.1006,-136.1568,0.0000
21003,24.1506,-136.1568,0.0000
21004,24.2006,-136.1568,0.0000
21005,24.2506,-136.1568,0.0000
21006,24.3006,-136.1568,0.0000
21007,24.3506,-136.1568,0.0000
21008,24.4006,-136.1568,0.0000
21009,24.4506,-136.1568,0.0000
21010,24.5006,-136.1568,0.0000
21011,24.5506,-136.1568,0.0000
21012,24.6006,-136.1568,0.0000
21013,24.6506,-136.1568,0.0000
21014,24.7006,-136.1568,0.0000
21015,24.7506,-136.1568,0.0000
21016,24.8006,-136.1568,0.0000
21017,24.8506,-136.1568,0.0000
21018,24.9006,-136.1568,0.0000
21019,24.9506,-136.1568,0.0000
21020,25.0006,-136.1568,0.0000
21021,25.0506,-136.1568,0.0000
21022,25.1006,-136.1568,0.0000
21023,25.1506,-136.1568,0.0000
21024,25.2006,-136.1568,0.0000
21025,25.2506,-136.1568,0.0000
21026,25.3006,-136.1568,0.0000
21027,25.3506,-136.1568,0.0000
21028,25.4006,-136.1568,0.0000
21029,25.4506,-136.1568,0.0000
21030,25.5006,-136.1568,0.0000
21031,25.5506,-136.1568,0.0000
21032,25.6006,-136.1568,0.0000
21033,25.6506,-136.1568,0.0000
21034,25.7006,-136.1568,0.0000
21035,25.7506,-136.1568,0.0000
21036,25.8006,-136.1568,0.0000
21037,25.8506,-136.1568,0.0000
21038,25.9006,-136.1568,0.0000
21039,25.9506,-136.1568,0.0000
21040,26.0006,-136.1568,0.0000
21041,26.0506,-136.1568,0.0000
21042,26.1006,-136.1568,0.0000
21043,26.1506,-136.1568,0.0000
21044,26.2006,-136.1568,0.0000
21045,26.2506,-136.1568,0.0000
21046,26.3006,-136.1568,0.0000
21047,26.3506,-136.1568,0.0000
21048,26.4006,-136.1568,0.0000
21049,26.4506,-136.1568,0.0000
21050,26.5006,-136.1568,0.0000
21051,26.5506,-136.1568,0.0000
21052,26.6006,-136.1568,0.0000
21053,26.6506,-136.1568,0.0000
21054,26.7006,-136.1568,0.0000
21055,26.7506,-136.1568,0.0000
21056,26.8006,-136.1568,0.0000
21057,26.8506,-136.1568,0.0000
21058,26.9006,-136.1568,0.0000
21059,26.9506,-136.1568,0.0000
21060,27.0006,-136.1568,0.0000
21061,27.0506,-136.1568,0.0000
21062,27.1006,-136.1568,0.0000
21063,27.1506,-136.1568,0.0000
21064,27.2006,-136.1568,0.0000
21065,27.2506,-136.1568,0.0000
21066,27.3006,-136.1568,0.0000
21067,27.3506,-136.1568,0.0000
21068,27.4006,-136.1568,0.0000
21069,27.4506,-136.1568,0.0000
21070,27.5006,-136.1568,0.0000
21071,27.5506,-136.1568,0.0000
21072,27.6006,-136.1568,0.0000
21073,27.6506,-136.1568,0.0000
21074,27.7006,-136.1568,0.0000
21075,27.7506,-136.1568,0.0000
21076,27.8006,-136.1568,0.0000
21077,27.8506,-136.1568,0.0000
21078,27.9006,-136.1568,0.0000
21079,27.9506,-136.1568,0.0000
21080,28.0006,-136.1568,0.0000
21081,28.0506,-136.1568,0.0000
21082,28.1006,-136.1568,0.0000
21083,28.1506,-136.1568,0.0000
21084,28.2006,-136.1568,0.0000
21085,28.2506,-136.1568,0.0000
21086,28.3006,-136.1568,0.0000
21087,28.3506,-136.1568,0.0000
21088,28.4006,-136.1568,0.0000
21089,28.4506,-136.1568,0.0000
21090,28.5006,-136.1568,0.0000
21091,28.5506,-136.1568,0.0000
21092,28.6006,-136.1568,0.0000
21093,28.6506,-136.1568,0.0000
21094,28.7006,-136.1568,0.0000
21095,28.7506,-136.1568,0.0000
21096,28.8006,-136.1568,0.0000
21097,28.8506,-136.1568,0.0000
21098,28.9006,-136.1568,0.0000
21099,28.9506,-136.1568,0.0000
21100,29.0006,-136.1568,0.0000
21101,29.0506,-136.1568,0.0000
21102,29.1006,-136.1568,0.0000
21103,29.1506,-136.1568,0.0000
21104,29.2006,-136.1568,0.0000
21105,29.2506,-136.1568,0.0000
21106,29.3006,-136.1568,0.0000
21107,29.3506,-136.1568,0.0000
21108,29.4006,-136.1568,0.0000
21109,29.4506,-136.1568,0.0000
21110,29.5006,-136.1568,0.0000
21111,29.5506,-136.1568,0.0000
21112,29.6006,-136.1568,0.0000
21113,29.6506,-136.1568,0.0000
21114,29.7006,-136.1568,0.0000
21115,29.7506,-136.1568,0.0000
21116,29.8006,-136.1568,0.0000
21117,29.8506,-136.1568,0.0000
21118,29.9006,-136.1568,0.0000
21119,29.9506,-136.1568,0.0000
21120,30.0006,-136.1568,0.0000
21121,30.0506,-136.1568,0.0000
21122,30.1006,-136.1568,0.0000
21123,30.1506,-136.1568,0.0000
21124,30.2006,-136.1568,0.0000
21125,30.2506,-136.1568,0.0000
21126,30.3006,-136.1568,0.0000
21127,30.3506,-136.1568,0.0000
21128,30.4006,-136.1568,0.0000
21129,30.4506,-136.1568,0.0000
21130,30.5006,-136.1568,0.0000
21131,30.5506,-136.1568,0.0000
21132,30.6006,-136.1568,0.0000
21133,30.6506,-136.1568,0.0000
21134,30.7006,-136.1568,0.0000
21135,30.7506,-136.1568,0.0000
21136,30.8006,-136.1568,0.0000
21137,30.8506,-136.1568,0.0000
21138,30.9006,-136.1568,0.0000
21139,30.9506,-136.1568,0.0000
21140,31.0006,-136.1568,0.0000
21141,31.0506,-136.1568,0.0000
21142,31.1006,-136.1568,0.0000
21143,31.1506,-136.1568,0.0000
21144,31.2006,-136.1568,0.0000
21145,31.2506,-136.1568,0.0000
21146,31.3006,-136.1568,0.0000
21147,31.3506,-136.1568,0.0000
21148,31.4006,-136.1568,0.0000
21149,31.4506,-136.1568,0.0000
21150,31.5006,-136.1568,0.0000
21151,31.5506,-136.1568,0.0000
21152,31.6006,-136.1568,0.0000
21153,31.6506,-136.1568,0.0000
21154,31.7006,-136.1568,0.0000
21155,31.7506,-136.1568,0.0000
21156,31.8006,-136.1568,0.0000
21157,31.8506,-136.1568,0.0000
21158,31.9006,-136.1568,0.0000
21159,31.9506,-136.1568,0.0000
21160,32.0006,-136.1568,0.0000
21161,32.0506,-136.1568,0.0000
21162,32.1006,-136.1568,0.0000
21163,32.1506,-136.1568,0.0000
21164,32.2006,-136.1568,0.0000
21165,32.2506,-136.1568,0.0000
21166,32.3006,-136.1568,0.0000
21167,32.3506,-136.1568,0.0000
21168,32.4006,-136.1568,0.0000
21169,32.4506,-136.1568,0.0000
21170,32.5006,-136.1568,0.0000
21171,32.5506,-136.1568,0.0000
21172,32.6006,-136.1568,0.0000
21173,32.6506,-136.1568,0.0000
21174,32.7006,-136.1568,0.0000
21175,32.7506,-136.1568,0.0000
21176,32.8006,-136.1568,0.0000
21177,32.8506,-136.1568,0.0000
21178,32.9006,-136.1568,0.0000
21179,32.9506,-136.1568,0.0000
21180,33.0006,-136.1568,0.0000
21181,33.0506,-136.1568,0.0000
21182,33.1006,-136.1568,0.0000
21183,33.1506,-136.1568,0.0000
21184,33.2006,-136.1568,0.0000
21185,33.2506,-136.1568,0.0000
21186,33.3006,-136.1568,0.0000
21187,33.3506,-136.1568,0.0000
21188,33.4006,-136.1568,0.0000
21189,33.4506,-136.1568,0.0000
21190,33.5006,-136.1568,0.0000
21191,33.5506,-136.1568,0.0000
21192,33.6006,-136.1568,0.0000
21193,33.6506,-136.1568,0.0000
21194,33.7006,-136.1568,0.0000
21195,33.7506,-136.1568,0.0000
21196,33.8006,-136.1568,0.0000
21197,33.8506,-136.1568,0.0000
21198,33.9006,-136.1568,0.0000
21199,33.9506,-136.1568,0.0000
21200,34.0006,-136.1568,0.0000
21201,34.0506,-136.1568,0.0000
21202,34.1006,-136.1568,0.0000
21203,34.1506,-136.1568,0.0000
21204,34.2006,-136.1568,0.0000
21205,34.2506,-136.1568,0.0000
21206,34.3006,-136.1568,0.0000
21207,34.3506,-136.1568,0.0000
21208,34.4006,-136.1568,0.0000
21209,34.4506,-136.1568,0.0000
21210,34.5006,-136.1568,0.0000
21211,34.5506,-136.1568,0.0000
21212,34.6006,-136.1568,0.0000
21213,34.6506,-136.1568,0.0000
21214,34.7006,-136.1568,0.0000
21215,34.7506,-136.1568,0.0000
21216,34.8006,-136.1568,0.0000
21217,34.8506,-136.1568,0.0000
21218,34.9006,-136.1568,0.0000
21219,34.9506,-136.1568,0.0000
21220,35.0006,-136.1568,0.0000
21221,35.0506,-136.1568,0.0000
21222,35.1006,-136.1568,0.0000
21223,35.1506,-136.1568,0.0000
21224,35.2006,-136.1568,0.0000
21225,35.2506,-136.1568,0.0000
21226,35.3006,-136.1568,0.0000
21227,35.3506,-136.1568,0.0000
21228,35.4006,-136.1568,0.0000
21229,35.4506,-136.1568,0.0000
21230,35.5006,-136.1568,0.0000
21231,35.5506,-136.1568,0.0000
21232,35.6006,-136.1568,0.0000
21233,35.6506,-136.1568,0.0000
21234,35.7006,-136.1568,0.0000
21235,35.7506,-136.1568,0.0000
21236,35.8006,-136.1568,0.0000
21237,35.8506,-136.1568,0.0000
21238,35.9006,-136.1568,0.0000
21239,35.9506,-136.1568,0.0000
21240,36.0006,-136.1568,0.0000
21241,36.0506,-136.1568,0.0000
21242,36.1006,-136.1568,0.0000
21243,36.1506,-136.1568,0.0000
21244,36.2006,-136.1568,0.0000
21245,36.2506,-136.1568,0.0000
21246,36.3006,-136.1568,0.0000
21247,36.3506,-136.1568,0.0000
21248,36.4006,-136.1568,0.0000
21249,36.4506,-136.1568,0.0000
21250,36.5006,-136.1568,0.0000
21251,36.5506,-136.1568,0.0000
21252,36.6006,-136.1568,0.0000
21253,36.6506,-136.1568,0.0000
21254,36.7006,-136.1568,0.0000
21255,36.7506,-136.1568,0.0000
21256,36.8006,-136.1568,0.0000
21257,36.8506,-136.1568,0.0000
21258,36.9006,-136.1568,0.0000
21259,36.9506,-136.1568,0.0000
21260,37.0006,-136.1568,0.0000
21261,37.0506,-136.1568,0.0000
21262,37.1006,-136.1568,0.0000
21263,37.1506,-136.1568,0.0000
21264,37.2006,-136.1568,0.0000
21265,37.2506,-136.1568,0.0000
21266,37.3006,-136.1568,0.0000
21267,37.3506,-136.1568,0.0000
21268,37.4006,-136.1568,0.0000
21269,37.4506,-136.1568,0.0000
21270,37.5006,-136.1568,0.0000
21271,37.5506,-136.1568,0.0000
21272,37.6006,-136.1568,0.0000
21273,37.6506,-136.1568,0.0000
21274,37.7006,-136.1568,0.0000
21275,37.7506,-136.1568,0.0000
21276,37.8006,-136.1568,0.0000
21277,37.8506,-136.1568,0.0000
21278,37.9006,-136.1568,0.0000
21279,37.9506,-136.1568,0.0000
21280,38.0006,-136.1568,0.0000
21281,38.0506,-136.1568,0.0000
21282,38.1006,-136.1568,0.0000
21283,38.1506,-136.1568,0.0000
21284,38.2006,-136.1568,0.0000
21285,38.2506,-136.1568,0.0000
21286,38.3006,-136.1568,0.0000
21287,38.3506,-136.1568,0.0000
21288,38.4006,-136.1568,0.0000
21289,38.4506,-136.1568,0.0000
21290,38.5006,-136.1568,0.0000
21291,38.5506,-136.1568,0.0000
21292,38.6006,-136.1568,0.0000
21293,38.6506,-136.1568,0.0000
21294,38.7006,-136.1568,0.0000
21295,38.7506,-136.1568,0.0000
21296,38.8006,-136.1568,0.0000
21297,38.8506,-136.1568,0.0000
21298,38.9006,-136.1568,0.0000
21299,38.9506,-136.1568,0.0000
21300,39.0006,-136.1568,0.0000
21301,39.0506,-136.1568,0.0000
21302,39.1006,-136.1568,0.0000
21303,39.1506,-136.1568,0.0000
21304,39.2006,-136.1568,0.0000
21305,39.2506,-136.1568,0.0000
21306,39.3006,-136.1568,0.0000
21307,39.3506,-136.1568,0.0000
21308,39.4006,-136.1568,0.0000
21309,39.4506,-136.1568,0.0000
21310,39.5006,-136.1568,0.0000
21311,39.5506,-136.1568,0.0000
21312,39.6006,-136.1568,0.0000
21313,39.6506,-136.1568,0.0000
21314,39.7006,-136.1568,0.0000
21315,39.7506,-136.1568,0.0000
21316,39.8006,-136.1568,0.0000
21317,39.8506,-136.1568,0.0000
21318,39.9006,-136.1568,0.0000
21319,39.9506,-136.1568,0.0000
21320,40.0006,-136.1568,0.0000
21321,40.0506,-136.1568,0.0000
21322,40.1006,-136.1568,0.0000
21323,40.1506,-136.1568,0.0000
21324,40.2006,-136.1568,0.0000
21325,40.2506,-136.1568,0.0000
21326,40.3006,-136.1568,0.0000
21327,40.3506,-136.1568,0.0000
21328,40.4006,-136.1568,0.0000
21329,40.4506,-136.1568,0.0000
21330,40.5006,-136.1568,0.0000
21331,40.5506,-136.1568,0.0000
21332,40.6006,-136.1568,0.0000
21333,40.6506,-136.1568,0.0000
21334,40.7006,-136.1568,0.0000
21335,40.7506,-136.1568,0.0000
21336,40.8006,-136.1568,0.0000
21337,40.8506,-136.1568,0.0000
21338,40.9006,-136.1568,0.0000
21339,40.9506,-136.1568,0.0000
21340,41.0006,-136.1568,0.0000
21341,41.0506,-136.1568,0.0000
21342,41.1006,-136.1568,0.0000
21343,41.1506,-136.1568,0.0000
21344,41.2006,-136.1568,0.0000
21345,41.2506,-136.1568,0.0000
21346,41.3006,-136.1568,0.0000
21347,41.3506,-136.1568,0.0000
21348,41.4006,-136.1568,0.0000
21349,41.4506,-136.1568,0.0000
21350,41.5006,-136.1568,0.0000
21351,41.5506,-136.1568,0.0000
21352,41.6006,-136.1568,0.0000
21353,41.6506,-136.1568,0.0000
21354,41.7006,-136.1568,0.0000
21355,41.7506,-136.1568,0.0000
21356,41.8006,-136.1568,0.0000
21357,41.8506,-136.1568,0.0000
21358,41.9006,-136.1568,0.0000
21359,41.9506,-136.1568,0.0000
21360,42.0006,-136.1568,0.0000
21361,42.0506,-136.1568,0.0000
21362,42.1006,-136.1568,0.0000
21363,42.1506,-136.1568,0.0000
21364,42.2006,-136.1568,0.0000
21365,42.2506,-136.1568,0.0000
21366,42.3006,-136.1568,0.0000
21367,42.3506,-136.1568,0.0000
21368,42.4006,-136.1568,0.0000
21369,42.4506,-136.1568,0.0000
21370,42.5006,-136.1568,0.0000
21371,42.5506,-136.1568,0.0000
21372,42.6006,-136.1568,0.0000
21373,42.6506,-136.1568,0.0000
21374,42.7006,-136.1568,0.0000
21375,42.7506,-136.1568,0.0000
21376,42.8006,-136.1568,0.0000
21377,42.8506,-136.1568,0.0000
21378,42.9006,-136.1568,0.0000
21379,42.9506,-136.1568,0.0000
21380,43.0006,-136.1568,0.0000
21381,43.0506,-136.1568,0.0000
21382,43.1006,-136.1568,0.0000
21383,43.1506,-136.1568,0.0000
21384,43.2006,-136.1568,0.0000
21385,43.2506,-136.1568,0.0000
21386,43.3006,-136.1568,0.0000
21387,43.3506,-136.1568,0.0000
21388,43.4006,-136.1568,0.0000
21389,43.4506,-136.1568,0.0000
21390,43.5006,-136.1568,0.0000
21391,43.5506,-136.1568,0.0000
21392,43.6006,-136.1568,0.0000
21393,43.6506,-136.1568,0.0000
21394,43.7006,-136.1568,0.0000
21395,43.7506,-136.1568,0.0000
21396,43.8006,-136.1568,0.0000
21397,43.8506,-136.1568,0.0000
21398,43.9006,-136.1568,0.0000
21399,43.9506,-136.1568,0.0000
21400,44.0006,-136.1568,0.0000
21401,44.0506,-136.1568,0.0000
21402,44.1006,-136.1568,0.0000
21403,44.1506,-136.1568,0.0000
21404,44.2006,-136.1568,0.0000
21405,44.2506,-136.1568,0.0000
21406,44.3006,-136.1568,0.0000
21407,44.3506,-136.1568,0.0000
21408,44.4006,-136.1568,0.0000
21409,44.4506,-136.1568,0.0000
21410,44.5006,-136.1568,0.0000
21411,44.5506,-136.1568,0.0000
21412,44.6006,-136.1568,0.0000
21413,44.6506,-136.1568,0.0000
21414,44.7006,-136.1568,0.0000
21415,44.7506,-136.1568,0.0000
21416,44.8006,-136.1568,0.0000
21417,44.8506,-136.1568,0.0000
21418,44.9006,-136.1568,0.0000
21419,44.9506,-136.1568,0.0000
21420,45.0006,-136.1568,0.0000
21421,45.0506,-136.1568,0.0000
21422,45.1006,-136.1568,0.0000
21423,45.1506,-136.1568,0.0000
21424,45.2006,-136.1568,0.0000
21425,45.2506,-136.1568,0.0000
21426,45.3006,-136.1568,0.0000
21427,45.3506,-136.1568,0.0000
21428,45.4006,-136.1568,0.0000
21429,45.4506,-136.1568,0.0000
21430,45.5006,-136.1568,0.0000
21431,45.5506,-136.1568,0.0000
21432,45.6006,-136.1568,0.0000
21433,45.6506,-136.1568,0.0000
21434,45.7006,-136.1568,0.0000
21435,45.7506,-136.1568,0.0000
21436,45.8006,-136.1568,0.0000
21437,45.8506,-136.1568,0.0000
21438,45.9006,-136.1568,0.0000
21439,45.9506,-136.1568,0.0000
21440,46.0006,-136.1568,0.0000
21441,46.0506,-136.1568,0.0000
21442,46.1006,-136.1568,0.0000
21443,46.1506,-136.1568,0.0000
21444,46.2006,-136.1568,0.0000
21445,46.2506,-136.1568,0.0000
21446,46.3006,-136.1568,0.0000
21447,46.3506,-136.1568,0.0000
21448,46.4006,-136.1568,0.0000
21449,46.4506,-136.1568,0.0000
21450,46.5006,-136.1568,0.0000
21451,46.5506,-136.1568,0.0000
21452,46.6006,-136.1568,0.0000
21453,46.6506,-136.1568,0.0000
21454,46.7006,-136.1568,0.0000
21455,46.7506,-136.1568,0.0000
21456,46.8006,-136.1568,0.0000
21457,46.8506,-136.1568,0.0000
21458,46.9006,-136.1568,0.0000
21459,46.9506,-136.1568,0.0000
21460,47.0006,-136.1568,0.0000
21461,47.0506,-136.1568,0.0000
21462,47.1006,-136.1568,0.0000
21463,47.1506,-136.1568,0.0000
21464,47.2006,-136.1568,0.0000
21465,47.2506,-136.1568,0.0000
21466,47.3006,-136.1568,0.0000
21467,47.3506,-136.1568,0.0000
21468,47.4006,-136.1568,0.0000
21469,47.4506,-136.1568,0.0000
21470,47.5006,-136.1568,0.0000
21471,47.5506,-136.1568,0.0000
21472,47.6006,-136.1568,0.0000
21473,47.6506,-136.1568,0.0000
21474,47.7006,-136.1568,0.0000
21475,47.7506,-136.1568,0.0000
21476,47.8006,-136.1568,0.0000
21477,47.8506,-136.1568,0.0000
21478,47.9006,-136.1568,0.0000
21479,47.9506,-136.1568,0.0000
21480,48.0006,-136.1568,0.0000
21481,48.0506,-136.1568,0.0000
21482,48.1006,-136.1568,0.0000
21483,48.1506,-136.1568,0.0000
21484,48.2006,-136.1568,0.0000
21485,48.2506,-136.1568,0.0000
21486,48.3006,-136.1568,0.0000
21487,48.3506,-136.1568,0.0000
21488,48.4006,-136.1568,0.0000
21489,48.4506,-136.1568,0.0000
21490,48.5006,-136.1568,0.0000
21491,48.5506,-136.1568,0.0000
21492,48.6006,-136.1568,0.0000
21493,48.6506,-136.1568,0.0000
21494,48.7006,-136.1568,0.0000
21495,48.7506,-136.1568,0.0000
21496,48.8006,-136.1568,0.0000
21497,48.8506,-136.1568,0.0000
21498,48.9006,-136.1568,0.0000
21499,48.9506,-136.1568,0.0000
21500,49.0006,-136.1568,0.0000
21501,49.0506,-136.1568,0.0000
21502,49.1006,-136.1568,0.0000
21503,49.1506,-136.1568,0.0000
21504,49.2006,-136.1568,0.0000
21505,49.2506,-136.1568,0.0000
21506,49.3006,-136.1568,0.0000
21507,49.3506,-136.1568,0.0000
21508,49.4006,-136.1568,0.0000
21509,49.4506,-136.1568,0.0000
21510,49.5006,-136.1568,0.0000
21511,49.5506,-136.1568,0.0000
21512,49.6006,-136.1568,0.0000
21513,49.6506,-136.1568,0.0000
21514,49.7006,-136.1568,0.0000
21515,49.7506,-136.1568,0.0000
21516,49.8006,-136.1568,0.0000
21517,49.8506,-136.1568,0.0000
21518,49.9006,-136.1568,0.0000
21519,49.9506,-136.1568,0.0000
21520,50.0006,-136.1568,0.0000
21521,50.0506,-136.1568,0.0000
21522,50.1006,-136.1568,0.0000
21523,50.1506,-136.1568,0.0000
21524,50.2006,-136.1568,0.0000
21525,50.2506,-136.1568,0.0000
21526,50.3006,-136.1568,0.0000
21527,50.3506,-136.1568,0.0000
21528,50.4006,-136.1568,0.0000
21529,50.4506,-136.1568,0.0000
21530,50.5006,-136.1568,0.0000
21531,50.5506,-136.1568,0.0000
21532,50.6006,-136.1568,0.0000
21533,50.6506,-136.1568,0.0000
21534,50.7006,-136.1568,0.0000
21535,50.7506,-136.1568,0.0000
21536,50.8006,-136.1568,0.0000
21537,50.8506,-136.1568,0.0000
21538,50.9006,-136.1568,0.0000
21539,50.9506,-136.1568,0.0000
21540,51.0006,-136.1568,0.0000
21541,51.0506,-136.1568,0.0000
21542,51.1006,-136.1568,0.0000
21543,51.1506,-136.1568,0.0000
21544,51.2006,-136.1568,0.0000
21545,51.2506,-136.1568,0.0000
21546,51.3006,-136.1568,0.0000
21547,51.3506,-136.1568,0.0000
21548,51.4006,-136.1568,0.0000
21549,51.4506,-136.1568,0.0000
21550,51.5006,-136.1568,0.0000
21551,51.5506,-136.1568,0.0000
21552,51.6006,-136.1568,0.0000
21553,51.6506,-136.1568,0.0000
21554,51.7006,-136.1568,0.0000
21555,51.7506,-136.1568,0.0000
21556,51.8006,-136.1568,0.0000
21557,51.8506,-136.1568,0.0000
21558,51.9006,-136.1568,0.0000
21559,51.9506,-136.1568,0.0000
21560,52.0006,-136.1568,0.0000
21561,52.0506,-136.1568,0.0000
21562,52.1006,-136.1568,0.0000
21563,52.1506,-136.1568,0.0000
21564,52.2006,-136.1568,0.0000
21565,52.2506,-136.1568,0.0000
21566,52.3006,-136.1568,0.0000
21567,52.3506,-136.1568,0.0000
21568,52.4006,-136.1568,0.0000
21569,52.4506,-136.1568,0.0000
21570,52.5006,-136.1568,0.0000
21571,52.5506,-136.1568,0.0000
21572,52.6006,-136.1568,0.0000
21573,52.6506,-136.1568,0.0000
21574,52.7006,-136.1568,0.0000
21575,52.7506,-136.1568,0.0000
21576,52.8006,-136.1568,0.0000
21577,52.8506,-136.1568,0.0000
21578,52.9006,-136.1568,0.0000
21579,52.9506,-136.1568,0.0000
21580,53.0006,-136.1568,0.0000
21581,53.0506,-136.1568,0.0000
21582,53.1006,-136.1568,0.0000
21583,53.1506,-136.1568,0.0000
21584,53.2006,-136.1568,0.0000
21585,53.2506,-136.1568,0.0000
21586,53.3006,-136.1568,0.0000
21587,53.3506,-136.1568,0.0000
21588,53.4006,-136.1568,0.0000
21589,53.4506,-136.1568,0.0000
21590,53.5006,-136.1568,0.0000
21591,53.5506,-136.1568,0.0000
21592,53.6006,-136.1568,0.0000
21593,53.6506,-136.1568,0.0000
21594,53.7006,-136.1568,0.0000
21595,53.7506,-136.1568,0.0000
21596,53.8006,-136.1568,0.0000
21597,53.8506,-136.1568,0.0000
21598,53.9006,-136.1568,0.0000
21599,53.9506,-136.1568,0.0000
21600,54.0006,-136.1568,0.0000
21601,54.0506,-136.1568,0.0000
21602,54.1006,-136.1568,0.0000
21603,54.1506,-136.1568,0.0000
21604,54.2006,-136.1568,0.0000
21605,54.2506,-136.1568,0.0000
21606,54.3006,-136.1568,0.0000
21607,54.3506,-136.1568,0.0000
21608,54.4006,-136.1568,0.0000
21609,54.4506,-136.1568,0.0000
21610,54.5006,-136.1568,0.0000
21611,54.5506,-136.1568,0.0000
21612,54.6006,-136.1568,0.0000
21613,54.6506,-136.1568,0.0000
21614,54.7006,-136.1568,0.0000
21615,54.7506,-136.1568,0.0000
21616,54.8006,-136.1568,0.0000
21617,54.8506,-136.1568,0.0000
21618,54.9006,-136.1568,0.0000
21619,54.9506,-136.1568,0.0000
21620,55.0006,-136.1568,0.0000
21621,55.0506,-136.1568,0.0000
21622,55.1006,-136.1568,0.0000
21623,55.1506,-136.1568,0.0000
21624,55.2006,-136.1568,0.0000
21625,55.2506,-136.1568,0.0000
21626,55.3006,-136.1568,0.0000
21627,55.3506,-136.1568,0.0000
21628,55.4006,-136.1568,0.0000
21629,55.4506,-136.1568,0.0000
21630,55.5006,-136.1568,0.0000
21631,55.5506,-136.1568,0.0000
21632,55.6006,-136.1568,0.0000
21633,55.6506,-136.1568,0.0000
21634,55.7006,-136.1568,0.0000
21635,55.7506,-136.1568,0.0000
21636,55.8006,-136.1568,0.0000
21637,55.8506,-136.1568,0.0000
21638,55.9006,-136.1568,0.0000
21639,55.9506,-136.1568,0.0000
21640,56.0006,-136.1568,0.0000
21641,56.0506,-136.1568,0.0000
21642,56.1006,-136.1568,0.0000
21643,56.1506,-136.1568,0.0000
21644,56.2006,-136.1568,0.0000
21645,56.2506,-136.1568,0.0000
21646,56.3006,-136.1568,0.0000
21647,56.3506,-136.1568,0.0000
21648,56.4006,-136.1568,0.0000
21649,56.4506,-136.1568,0.0000
21650,56.5006,-136.1568,0.0000
21651,56.5506,-136.1568,0.0000
21652,56.6006,-136.1568,0.0000
21653,56.6506,-136.1568,0.0000
21654,56.7006,-136.1568,0.0000
21655,56.7506,-136.1568,0.0000
21656,56.8006,-136.1568,0.0000
21657,56.8506,-136.1568,0.0000
21658,56.9006,-136.1568,0.0000
21659,56.9506,-136.1568,0.0000
21660,57.0006,-136.1568,0.0000
21661,57.0506,-136.1568,0.0000
21662,57.1006,-136.1568,0.0000
21663,57.1506,-136.1568,0.0000
21664,57.2006,-136.1568,0.0000
21665,57.2506,-136.1568,0.0000
21666,57.3006,-136.1568,0.0000
21667,57.3506,-136.1568,0.0000
21668,57.4006,-136.1568,0.0000
21669,57.4506,-136.1568,0.0000
21670,57.5006,-136.1568,0.0000
21671,57.5506,-136.1568,0.0000
21672,57.6006,-136.1568,0.0000
21673,57.6506,-136.1568,0.0000
21674,57.7006,-136.1568,0.0000
21675,57.7506,-136.1568,0.0000
21676,57.8006,-136.1568,0.0000
21677,57.8506,-136.1568,0.0000
21678,57.9006,-136.1568,0.0000
21679,57.9506,-136.1568,0.0000
21680,58.0006,-136.1568,0.0000
21681,58.0506,-136.1568,0.0000
21682,58.1006,-136.1568,0.0000
21683,58.1506,-136.1568,0.0000
21684,58.2006,-136.1568,0.0000
21685,58.2506,-136.1568,0.0000
21686,58.3006,-136.1568,0.0000
21687,58.3506,-136.1568,0.0000
21688,58.4006,-136.1568,0.0000
21689,58.4506,-136.1568,0.0000
21690,58.5006,-136.1568,0.0000
21691,58.5506,-136.1568,0.0000
21692,58.6006,-136.1568,0.0000
21693,58.6506,-136.1568,0.0000
21694,58.7006,-136.1568,0.0000
21695,58.7506,-136.1568,0.0000
21696,58.8006,-136.1568,0.0000
21697,58.8506,-136.1568,0.0000
21698,58.9006,-136.1568,0.0000
21699,58.9506,-136.1568,0.0000
21700,59.0006,-136.1568,0.0000
21701,59.0506,-136.1568,0.0000
21702,59.1006,-136.1568,0.0000
21703,59.1506,-136.1568,0.0000
21704,59.2006,-136.1568,0.0000
21705,59.2506,-136.1568,0.0000
21706,59.3006,-136.1568,0.0000
21707,59.3506,-136.1568,0.0000
21708,59.4006,-136.1568,0.0000
21709,59.4506,-136.1568,0.0000
21710,59.5006,-136.1568,0.0000
21711,59.5506,-136.1568,0.0000
21712,59.6006,-136.1568,0.0000
21713,59.6506,-136.1568,0.0000
21714,59.7006,-136.1568,0.0000
21715,59.7506,-136.1568,0.0000
21716,59.8006,-136.1568,0.0000
21717,59.8506,-136.1568,0.0000
21718,59.9006,-136.1568,0.0000
21719,59.9506,-136.1568,0.0000
21720,60.0006,-136.1568,0.0000
21721,60.0506,-136.1568,0.0000
21722,60.1006,-136.1568,0.0000
21723,60.1506,-136.1568,0.0000
21724,60.2006,-136.1568,0.0000
21725,60.2506,-136.1568,0.0000
21726,60.3006,-136.1568,0.0000
21727,60.3506,-136.1568,0.0000
21728,60.4006,-136.1568,0.0000
21729,60.4506,-136.1568,0.0000
21730,60.5006,-136.1568,0.0000
21731,60.5506,-136.1568,0.0000
21732,60.6006,-136.1568,0.0000
21733,60.6506,-136.1568,0.0000
21734,60.7006,-136.1568,0.0000
21735,60.7506,-136.1568,0.0000
21736,60.8006,-136.1568,0.0000
21737,60.8506,-136.1568,0.0000
21738,60.9006,-136.1568,0.0000
21739,60.9506,-136.1568,0.0000
21740,61.0006,-136.1568,0.0000
21741,61.0506,-136.1568,0.0000
21742,61.1006,-136.1568,0.0000
21743,61.1506,-136.1568,0.0000
21744,61.2006,-136.1568,0.0000
21745,61.2506,-136.1568,0.0000
21746,61.3006,-136.1568,0.0000
21747,61.3506,-136.1568,0.0000
21748,61.4006,-136.1568,0.0000
21749,61.4506,-136.1568,0.0000
21750,61.5006,-136.1568,0.0000
21751,61.5506,-136.1568,0.0000
21752,61.6006,-136.1568,0.0000
21753,61.6506,-136.1568,0.0000
21754,61.7006,-136.1568,0.0000
21755,61.7506,-136.1568,0.0000
21756,61.8006,-136.1568,0.0000
21757,61.8506,-136.1568,0.0000
21758,61.9006,-136.1568,0.0000
21759,61.9506,-136.1568,0.0000
21760,62.0006,-136.1568,0.0000
21761,62.0506,-136.1568,0.0000
21762,62.1006,-136.1568,0.0000
21763,62.1506,-136.1568,0.0000
21764,62.2006,-136.1568,0.0000
21765,62.2506,-136.1568,0.0000
21766,62.3006,-136.1568,0.0000
21767,62.3506,-136.1568,0.0000
21768,62.4006,-136.1568,0.0000
21769,62.4506,-136.1568,0.0000
21770,62.5006,-136.1568,0.0000
21771,62.5506,-136.1568,0.0000
21772,62.6006,-136.1568,0.0000
21773,62.6506,-136.1568,0.0000
21774,62.7006,-136.1568,0.0000
21775,62.7506,-136.1568,0.0000
21776,62.8006,-136.1568,0.0000
21777,62.8506,-136.1568,0.0000
21778,62.9006,-136.1568,0.0000
21779,62.9506,-136.1568,0.0000
21780,63.0006,-136.1568,0.0000
21781,63.0506,-136.1568,0.0000
21782,63.1006,-136.1568,0.0000
21783,63.1506,-136.1568,0.0000
21784,63.2006,-136.1568,0.0000
21785,63.2506,-136.1568,0.0000
21786,63.3006,-136.1568,0.0000
21787,63.3506,-136.1568,0.0000
21788,63.4006,-136.1568,0.0000
21789,63.4506,-136.1568,0.0000
21790,63.5006,-136.1568,0.0000
21791,63.5506,-136.1568,0.0000
21792,63.6006,-136.1568,0.0000
21793,63.6506,-136.1568,0.0000
21794,63.7006,-136.1568,0.0000
21795,63.7506,-136.1568,0.0000
21796,63.8006,-136.1568,0.0000
21797,63.8506,-136.1568,0.0000
21798,63.9006,-136.1568,0.0000
21799,63.9506,-136.1568,0.0000
21800,64.0006,-136.1568,0.0000
21801,64.0506,-136.1568,0.0000
21802,64.1006,-136.1568,0.0000
21803,64.1506,-136.1568,0.0000
21804,64.2006,-136.1568,0.0000
21805,64.2506,-136.1568,0.0000
21806,64.3006,-136.1568,0.0000
21807,64.3506,-136.1568,0.0000
21808,64.4006,-136.1568,0.0000
21809,64.4506,-136.1568,0.0000
21810,64.5006,-136.1568,0.0000
21811,64.5506,-136.1568,0.0000
21812,64.6006,-136.1568,0.0000
21813,64.6506,-136.1568,0.0000
21814,64.7006,-136.1568,0.0000
21815,64.7506,-136.1568,0.0000
21816,64.8006,-136.1568,0.0000
21817,64.8506,-136.1568,0.0000
21818,64.9006,-136.1568,0.0000
21819,64.9506,-136.1568,0.0000
21820,65.0006,-136.1568,0.0000
21821,65.0506,-136.1568,0.0000
21822,65.1006,-136.1568,0.0000
21823,65.1506,-136.1568,0.0000
21824,65.2006,-136.1568,0.0000
21825,65.2506,-136.1568,0.0000
21826,65.3006,-136.1568,0.0000
21827,65.3506,-136.1568,0.0000
21828,65.4006,-136.1568,0.0000
21829,65.4506,-136.1568,0.0000
21830,65.5006,-136.1568,0.0000
21831,65.5506,-136.1568,0.0000
21832,65.6006,-136.1568,0.0000
21833,65.6506,-136.1568,0.0000
21834,65.7006,-136.1568,0.0000
21835,65.7506,-136.1568,0.0000
21836,65.8006,-136.1568,0.0000
21837,65.8506,-136.1568,0.0000
21838,65.9006,-136.1568,0.0000
21839,65.9506,-136.1568,0.0000
21840,66.0006,-136.1568,0.0000
21841,66.0506,-136.1568,0.0000
21842,66.1006,-136.1568,0.0000
21843,66.1506,-136.1568,0.0000
21844,66.2006,-136.1568,0.0000
21845,66.2506,-136.1568,0.0000
21846,66.3006,-136.1568,0.0000
21847,66.3506,-136.1568,0.0000
21848,66.4006,-136.1568,0.0000
21849,66.4506,-136.1568,0.0000
21850,66.5006,-136.1568,0.0000
21851,66.5506,-136.1568,0.0000
21852,66.6006,-136.1568,0.0000
21853,66.6506,-136.1568,0.0000
21854,66.7006,-136.1568,0.0000
21855,66.7506,-136.1568,0.0000
21856,66.8006,-136.1568,0.0000
21857,66.8506,-136.1568,0.0000
21858,66.9006,-136.1568,0.0000
21859,66.9506,-136.1568,0.0000
21860,67.0006,-136.1568,0.0000
21861,67.0506,-136.1568,0.0000
21862,67.1006,-136.1568,0.0000
21863,67.1506,-136.1568,0.0000
21864,67.2006,-136.1568,0.0000
21865,67.2506,-136.1568,0.0000
21866,67.3006,-136.1568,0.0000
21867,67.3506,-136.1568,0.0000
21868,67.4006,-136.1568,0.0000
21869,67.4506,-136.1568,0.0000
21870,67.5006,-136.1568,0.0000
21871,67.5506,-136.1568,0.0000
21872,67.6006,-136.1568,0.0000
21873,67.6506,-136.1568,0.0000
21874,67.7006,-136.1568,0.0000
21875,67.7506,-136.1568,0.0000
21876,67.8006,-136.1568,0.0000
21877,67.8506,-136.1568,0.0000
21878,67.9006,-136.1568,0.0000
21879,67.9506,-136.1568,0.0000
21880,68.0006,-136.1568,0.0000
21881,68.0506,-136.1568,0.0000
21882,68.1006,-136.1568,0.0000
21883,68.1506,-136.1568,0.0000
21884,68.2006,-136.1568,0.0000
21885,68.2506,-136.1568,0.0000
21886,68.3006,-136.1568,0.0000
21887,68.3506,-136.1568,0.0000
21888,68.4006,-136.1568,0.0000
21889,68.4506,-136.1568,0.0000
21890,68.5006,-136.1568,0.0000
21891,68.5506,-136.1568,0.0000
21892,68.6006,-136.1568,0.0000
21893,68.6506,-136.1568,0.0000
21894,68.7006,-136.1568,0.0000
21895,68.7506,-136.1568,0.0000
21896,68.8006,-136.1568,0.0000
21897,68.8506,-136.1568,0.0000
21898,68.9006,-136.1568,0.0000
21899,68.9506,-136.1568,0.0000
21900,69.0006,-136.1568,0.0000
21901,69.0506,-136.1568,0.0000
21902,69.1006,-136.1568,0.0000
21903,69.1506,-136.1568,0.0000
21904,69.2006,-136.1568,0.0000
21905,69.2506,-136.1568,0.0000
21906,69.3006,-136.1568,0.0000
21907,69.3506,-136.1568,0.0000
21908,69.4006,-136.1568,0.0000
21909,69.4506,-136.1568,0.0000
21910,69.5006,-136.1568,0.0000
21911,69.5506,-136.1568,0.0000
21912,69.6006,-136.1568,0.0000
21913,69.6506,-136.1568,0.0000
21914,69.7006,-136.1568,0.0000
21915,69.7506,-136.1568,0.0000
21916,69.8006,-136.1568,0.0000
21917,69.8506,-136.1568,0.0000
21918,69.9006,-136.1568,0.0000
21919,69.9506,-136.1568,0.0000
21920,70.0006,-136.1568,0.0000
21921,70.0506,-136.1568,0.0000
21922,70.1006,-136.1568,0.0000
21923,70.1506,-136.1568,0.0000
21924,70.2006,-136.1568,0.0000
21925,70.2506,-136.1568,0.0000
21926,70.3006,-136.1568,0.0000
21927,70.3506,-136.1568,0.0000
21928,70.4006,-136.1568,0.0000
21929,70.4506,-136.1568,0.0000
21930,70.5006,-136.1568,0.0000
21931,70.5506,-136.1568,0.0000
21932,70.6006,-136.1568,0.0000
21933,70.6506,-136.1568,0.0000
21934,70.7006,-136.1568,0.0000
21935,70.7506,-136.1568,0.0000
21936,70.8006,-136.1568,0.0000
21937,70.8506,-136.1568,0.0000
21938,70.9006,-136.1568,0.0000
21939,70.9506,-136.1568,0.0000
21940,71.0006,-136.1568,0.0000
21941,71.0506,-136.1568,0.0000
21942,71.1006,-136.1568,0.0000
21943,71.1506,-136.1568,0.0000
21944,71.2006,-136.1568,0.0000
21945,71.2506,-136.1568,0.0000
21946,71.3006,-136.1568,0.0000
21947,71.3506,-136.1568,0.0000
21948,71.4006,-136.1568,0.0000
21949,71.4506,-136.1568,0.0000
21950,71.5006,-136.1568,0.0000
21951,71.5506,-136.1568,0.0000
21952,71.6006,-136.1568,0.0000
21953,71.6506,-136.1568,0.0000
21954,71.7006,-136.1568,0.0000
21955,71.7506,-136.1568,0.0000
21956,71.8006,-136.1568,0.0000
21957,71.8506,-136.1568,0.0000
21958,71.9006,-136.1568,0.0000
21959,71.9506,-136.1568,0.0000
21960,72.0006,-136.1568,0.0000
21961,72.0506,-136.1568,0.0000
21962,72.1006,-136.1568,0.0000
21963,72.1506,-136.1568,0.0000
21964,72.2006,-136.1568,0.0000
21965,72.2506,-136.1568,0.0000
21966,72.3006,-136.1568,0.0000
21967,72.3506,-136.1568,0.0000
21968,72.4006,-136.1568,0.0000
21969,72.4506,-136.1568,0.0000
21970,72.5006,-136.1568,0.0000
21971,72.5506,-136.1568,0.0000
21972,72.6006,-136.1568,0.0000
21973,72.6506,-136.1568,0.0000
21974,72.7006,-136.1568,0.0000
21975,72.7506,-136.1568,0.0000
21976,72.8006,-136.1568,0.0000
21977,72.8506,-136.1568,0.0000
21978,72.9006,-136.1568,0.0000
21979,72.9506,-136.1568,0.0000
21980,73.0006,-136.1568,0.0000
21981,73.0506,-136.1568,0.0000
21982,73.1006,-136.1568,0.0000
21983,73.1506,-136.1568,0.0000
21984,73.2006,-136.1568,0.0000
21985,73.2506,-136.1568,0.0000
21986,73.3006,-136.1568,0.0000
21987,73.3506,-136.1568,0.0000
21988,73.4006,-136.1568,0.0000
21989,73.4506,-136.1568,0.0000
21990,73.5006,-136.1568,0.0000
21991,73.5506,-136.1568,0.0000
21992,73.6006,-136.1568,0.0000
21993,73.6506,-136.1568,0.0000
21994,73.7006,-136.1568,0.0000
21995,73.7506,-136.1568,0.0000
21996,73.8006,-136.1568,0.0000
21997,73.8506,-136.1568,0.0000
21998,73.9006,-136.1568,0.0000
21999,73.9506,-136.1568,0.0000
22000,74.0006,-136.1568,0.0000
22001,74.0506,-136.1568,0.0000
22002,74.1006,-136.1568,0.0000
22003,74.1506,-136.1568,0.0000
22004,74.2006,-136.1568,0.0000
22005,74.2506,-136.1568,0.0000
22006,74.3006,-136.1568,0.0000
22007,74.3506,-136.1568,0.0000
22008,74.4006,-136.1568,0.0000
22009,74.4506,-136.1568,0.0000
22010,74.5006,-136.1568,0.0000
22011,74.5506,-136.1568,0.0000
22012,74.6006,-136.1568,0.0000
22013,74.6506,-136.1568,0.0000
22014,74.7006,-136.1568,0.0000
22015,74.7506,-136.1568,0.0000
22016,74.8006,-136.1568,0.0000
22017,74.8506,-136.1568,0.0000
22018,74.9006,-136.1568,0.0000
22019,74.9506,-136.1568,0.0000
22020,75.0006,-136.1568,0.0000
22021,75.0506,-136.1568,0.0000
22022,75.1006,-136.1568,0.0000
22023,75.1506,-136.1568,0.0000
22024,75.2006,-136.1568,0.0000
22025,75.2506,-136.1568,0.0000
22026,75.3006,-136.1568,0.0000
22027,75.3506,-136.1568,0.0000
22028,75.4006,-136.1568,0.0000
22029,75.4506,-136.1568,0.0000
22030,75.5006,-136.1568,0.0000
22031,75.5506,-136.1568,0.0000
22032,75.6006,-136.1568,0.0000
22033,75.6506,-136.1568,0.0000
22034,75.7006,-136.1568,0.0000
22035,75.7506,-136.1568,0.0000
22036,75.8006,-136.1568,0.0000
22037,75.8506,-136.1568,0.0000
22038,75.9006,-136.1568,0.0000
22039,75.9506,-136.1568,0.0000
22040,76.0006,-136.1568,0.0000
22041,76.0506,-136.1568,0.0000
22042,76.1006,-136.1568,0.0000
22043,76.1506,-136.1568,0.0000
22044,76.2006,-136.1568,0.0000
22045,76.2506,-136.1568,0.0000
22046,76.3006,-136.1568,0.0000
22047,76.3506,-136.1568,0.0000
22048,76.4006,-136.1568,0.0000
22049,76.4506,-136.1568,0.0000
22050,76.5006,-136.1568,0.0000
22051,76.5506,-136.1568,0.0000
22052,76.6006,-136.1568,0.0000
22053,76.6506,-136.1568,0.0000
22054,76.7006,-136.1568,0.0000
22055,76.7506,-136.1568,0.0000
22056,76.8006,-136.1568,0.0000
22057,76.8506,-136.1568,0.0000
22058,76.9006,-136.1568,0.0000
22059,76.9506,-136.1568,0.0000
22060,77.0006,-136.1568,0.0000
22061,77.0506,-136.1568,0.0000
22062,77.1006,-136.1568,0.0000
22063,77.1506,-136.1568,0.0000
22064,77.2006,-136.1568,0.0000
22065,77.2506,-136.1568,0.0000
22066,77.3006,-136.1568,0.0000
22067,77.3506,-136.1568,0.0000
22068,77.4006,-136.1568,0.0000
22069,77.4506,-136.1568,0.0000
22070,77.5006,-136.1568,0.0000
22071,77.5506,-136.1568,0.0000
22072,77.6006,-136.1568,0.0000
22073,77.6506,-136.1568,0.0000
22074,77.7006,-136.1568,0.0000
22075,77.7506,-136.1568,0.0000
22076,77.8006,-136.1568,0.0000
22077,77.8506,-136.1568,0.0000
22078,77.9006,-136.1568,0.0000
22079,77.9506,-136.1568,0.0000
22080,78.0006,-136.1568,0.0000
22081,78.0506,-136.1568,0.0000
22082,78.1006,-136.1568,0.0000
22083,78.1506,-136.1568,0.0000
22084,78.2006,-136.1568,0.0000
22085,78.2506,-136.1568,0.0000
22086,78.3006,-136.1568,0.0000
22087,78.3506,-136.1568,0.0000
22088,78.4006,-136.1568,0.0000
22089,78.4506,-136.1568,0.0000
22090,78.5006,-136.1568,0.0000
22091,78.5506,-136.1568,0.0000
22092,78.6006,-136.1568,0.0000
22093,78.6506,-136.1568,0.0000
22094,78.7006,-136.1568,0.0000
22095,78.7506,-136.1568,0.0000
22096,78.8006,-136.1568,0.0000
22097,78.8506,-136.1568,0.0000
22098,78.9006,-136.1568,0.0000
22099,78.9506,-136.1568,0.0000
22100,79.0006,-136.1568,0.0000
22101,79.0506,-136.1568,0.0000
22102,79.1006,-136.1568,0.0000
22103,79.1506,-136.1568,0.0000
22104,79.2006,-136.1568,0.0000
22105,79.2506,-136.1568,0.0000
22106,79.3006,-136.1568,0.0000
22107,79.3506,-136.1568,0.0000
22108,79.4006,-136.1568,0.0000
22109,79.4506,-136.1568,0.0000
22110,79.5006,-136.1568,0.0000
22111,79.5506,-136.1568,0.0000
22112,79.6006,-136.1568,0.0000
22113,79.6506,-136.1568,0.0000
22114,79.7006,-136.1568,0.0000
22115,79.7506,-136.1568,0.0000
22116,79.8006,-136.1568,0.0000
22117,79.8506,-136.1568,0.0000
22118,79.9006,-136.1568,0.0000
22119,79.9506,-136.1568,0.0000
22120,80.0006,-136.1568,0.0000
22121,80.0506,-136.1568,0.0000
22122,80.1006,-136.1568,0.0000
22123,80.1506,-136.1568,0.0000
22124,80.2006,-136.1568,0.0000
22125,80.2506,-136.1568,0.0000
22126,80.3006,-136.1568,0.0000
22127,80.3506,-136.1568,0.0000
22128,80.4006,-136.1568,0.0000
22129,80.4506,-136.1568,0.0000
22130,80.5006,-136.1568,0.0000
22131,80.5506,-136.1568,0.0000
22132,80.6006,-136.1568,0.0000
22133,80.6506,-136.1568,0.0000
22134,80.7006,-136.1568,0.0000
22135,80.7506,-136.1568,0.0000
22136,80.8006,-136.1568,0.0000
22137,80.8506,-136.1568,0.0000
22138,80.9006,-136.1568,0.0000
22139,80.9506,-136.1568,0.0000
22140,81.0006,-136.1568,0.0000
22141,81.0506,-136.1568,0.0000
22142,81.1006,-136.1568,0.0000
22143,81.1506,-136.1568,0.0000
22144,81.2006,-136.1568,0.0000
22145,81.2506,-136.1568,0.0000
22146,81.3006,-136.1568,0.0000
22147,81.3506,-136.1568,0.0000
22148,81.4006,-136.1568,0.0000
22149,81.4506,-136.1568,0.0000
22150,81.5006,-136.1568,0.0000
22151,81.5506,-136.1568,0.0000
22152,81.6006,-136.1568,0.0000
22153,81.6506,-136.1568,0.0000
22154,81.7006,-136.1568,0.0000
22155,81.7506,-136.1568,0.0000
22156,81.8006,-136.1568,0.0000
22157,81.8506,-136.1568,0.0000
22158,81.9006,-136.1568,0.0000
22159,81.9506,-136.1568,0.0000
22160,82.0006,-136.1568,0.0000
22161,82.0506,-136.1568,0.0000
22162,82.1006,-136.1568,0.0000
22163,82.1506,-136.1568,0.0000
22164,82.2006,-136.1568,0.0000
22165,82.2506,-136.1568,0.0000
22166,82.3006,-136.1568,0.0000
22167,82.3506,-136.1568,0.0000
22168,82.4006,-136.1568,0.0000
22169,82.4506,-136.1568,0.0000
22170,82.5006,-136.1568,0.0000
22171,82.5506,-136.1568,0.0000
22172,82.6006,-136.1568,0.0000
22173,82.6506,-136.1568,0.0000
22174,82.7006,-136.1568,0.0000
22175,82.7506,-136.1568,0.0000
22176,82.8006,-136.1568,0.0000
22177,82.8506,-136.1568,0.0000
22178,82.9006,-136.1568,0.0000
22179,82.9506,-136.1568,0.0000
22180,83.0006,-136.1568,0.0000
22181,83.0506,-136.1568,0.0000
22182,83.1006,-136.1568,0.0000
22183,83.1506,-136.1568,0.0000
22184,83.2006,-136.1568,0.0000
22185,83.2506,-136.1568,0.0000
22186,83.3006,-136.1568,0.0000
22187,83.3506,-136.1568,0.0000
22188,83.4006,-136.1568,0.0000
22189,83.4506,-136.1568,0.0000
22190,83.5006,-136.1568,0.0000
22191,83.5506,-136.1568,0.0000
22192,83.6006,-136.1568,0.0000
22193,83.6506,-136.1568,0.0000
22194,83.7006,-136.1568,0.0000
22195,83.7506,-136.1568,0.0000
22196,83.8006,-136.1568,0.0000
22197,83.8506,-136.1568,0.0000
22198,83.9006,-136.1568,0.0000
22199,83.9506,-136.1568,0.0000
22200,84.0006,-136.1568,0.0000
22201,84.0506,-136.1568,0.0000
22202,84.1006,-136.1568,0.0000
22203,84.1506,-136.1568,0.0000
22204,84.2006,-136.1568,0.0000
22205,84.2506,-136.1568,0.0000
22206,84.3006,-136.1568,0.0000
22207,84.3506,-136.1568,0.0000
22208,84.4006,-136.1568,0.0000
22209,84.4506,-136.1568,0.0000
22210,84.5006,-136.1568,0.0000
22211,84.5506,-136.1568,0.0000
22212,84.6006,-136.1568,0.0000
22213,84.6506,-136.1568,0.0000
22214,84.7006,-136.1568,0.0000
22215,84.7506,-136.1568,0.0000
22216,84.8006,-136.1568,0.0000
22217,84.8506,-136.1568,0.0000
22218,84.9006,-136.1568,0.0000
22219,84.9506,-136.1568,0.0000
22220,85.0006,-136.1568,0.0000
22221,85.0506,-136.1568,0.0000
22222,85.1006,-136.1568,0.0000
22223,85.1506,-136.1568,0.0000
22224,85.2006,-136.1568,0.0000
22225,85.2506,-136.1568,0.0000
22226,85.3006,-136.1568,0.0000
22227,85.3506,-136.1568,0.0000
22228,85.4006,-136.1568,0.0000
22229,85.4506,-136.1568,0.0000
22230,85.5006,-136.1568,0.0000
22231,85.5506,-136.1568,0.0000
22232,85.6006,-136.1568,0.0000
22233,85.6506,-136.1568,0.0000
22234,85.7006,-136.1568,0.0000
22235,85.7506,-136.1568,0.0000
22236,85.8006,-136.1568,0.0000
22237,85.8506,-136.1568,0.0000
22238,85.9006,-136.1568,0.0000
22239,85.9506,-136.1568,0.0000
22240,86.0006,-136.1568,0.0000
22241,86.0506,-136.1568,0.0000
22242,86.1006,-136.1568,0.0000
22243,86.1506,-136.1568,0.0000
22244,86.2006,-136.1568,0.0000
22245,86.2506,-136.1568,0.0000
22246,86.3006,-136.1568,0.0000
22247,86.3506,-136.1568,0.0000
22248,86.4006,-136.1568,0.0000
22249,86.4506,-136.1568,0.0000
22250,86.5006,-136.1568,0.0000
22251,86.5506,-136.1568,0.0000
22252,86.6006,-136.1568,0.0000
22253,86.6506,-136.1568,0.0000
22254,86.7006,-136.1568,0.0000
22255,86.7506,-136.1568,0.0000
22256,86.8006,-136.1568,0.0000
22257,86.8506,-136.1568,0.0000
22258,86.9006,-136.1568,0.0000
22259,86.9506,-136.1568,0.0000
22260,87.0006,-136.1568,0.0000
22261,87.0506,-136.1568,0.0000
22262,87.1006,-136.1568,0.0000
22263,87.1506,-136.1568,0.0000
22264,87.2006,-136.1568,0.0000
22265,87.2506,-136.1568,0.0000
22266,87.3006,-136.1568,0.0000
22267,87.3506,-136.1568,0.0000
22268,87.4006,-136.1568,0.0000
22269,87.4506,-136.1568,0.0000
22270,87.5006,-136.1568,0.0000
22271,87.5506,-136.1568,0.0000
22272,87.6006,-136.1568,0.0000
22273,87.6506,-136.1568,0.0000
22274,87.7006,-136.1568,0.0000
22275,87.7506,-136.1568,0.0000
22276,87.8006,-136.1568,0.0000
22277,87.8506,-136.1568,0.0000
22278,87.9006,-136.1568,0.0000
22279,87.9506,-136.1568,0.0000
22280,88.0006,-136.1568,0.0000
22281,88.0506,-136.1568,0.0000
22282,88.1006,-136.1568,0.0000
22283,88.1506,-136.1568,0.0000
22284,88.2006,-136.1568,0.0000
22285,88.2506,-136.1568,0.0000
22286,88.3006,-136.1568,0.0000
22287,88.3506,-136.1568,0.0000
22288,88.4006,-136.1568,0.0000
22289,88.4506,-136.1568,0.0000
22290,88.5006,-136.1568,0.0000
22291,88.5506,-136.1568,0.0000
22292,88.6006,-136.1568,0.0000
22293,88.6506,-136.1568,0.0000
22294,88.7006,-136.1568,0.0000
22295,88.7506,-136.1568,0.0000
22296,88.8006,-136.1568,0.0000
22297,88.8506,-136.1568,0.0000
22298,88.9006,-136.1568,0.0000
22299,88.9506,-136.1568,0.0000
22300,89.0006,-136.1568,0.0000
22301,89.0506,-136.1568,0.0000
22302,89.1006,-136.1568,0.0000
22303,89.1506,-136.1568,0.0000
22304,89.2006,-136.1568,0.0000
22305,89.2506,-136.1568,0.0000
22306,89.3006,-136.1568,0.0000
22307,89.3506,-136.1568,0.0000
22308,89.4006,-136.1568,0.0000
22309,89.4506,-136.1568,0.0000
22310,89.5006,-136.1568,0.0000
22311,89.5506,-136.1568,0.0000
22312,89.6006,-136.1568,0.0000
22313,89.6506,-136.1568,0.0000
22314,89.7006,-136.1568,0.0000
22315,89.7506,-136.1568,0.0000
22316,89.8006,-136.1568,0.0000
22317,89.8506,-136.1568,0.0000
22318,89.9006,-136.1568,0.0000
22319,89.9506,-136.1568,0.0000
22320,90.0006,-136.1568,0.0000
22321,90.0506,-136.1568,0.0000
22322,90.1006,-136.1568,0.0000
22323,90.1506,-136.1568,0.0000
22324,90.2006,-136.1568,0.0000
22325,90.2506,-136.1568,0.0000
22326,90.3006,-136.1568,0.0000
22327,90.3506,-136.1568,0.0000
22328,90.4006,-136.1568,0.0000
22329,90.4506,-136.1568,0.0000
22330,90.5006,-136.1568,0.0000
22331,90.5506,-136.1568,0.0000
22332,90.6006,-136.1568,0.0000
22333,90.6506,-136.1568,0.0000
22334,90.7006,-136.1568,0.0000
22335,90.7506,-136.1568,0.0000
22336,90.8006,-136.1568,0.0000
22337,90.8506,-136.1568,0.0000
22338,90.9006,-136.1568,0.0000
22339,90.9506,-136.1568,0.0000
22340,91.0006,-136.1568,0.0000
22341,91.0506,-136.1568,0.0000
22342,91.1006,-136.1568,0.0000
22343,91.1506,-136.1568,0.0000
22344,91.2006,-136.1568,0.0000
22345,91.2506,-136.1568,0.0000
22346,91.3006,-136.1568,0.0000
22347,91.3506,-136.1568,0.0000
22348,91.4006,-136.1568,0.0000
22349,91.4506,-136.1568,0.0000
22350,91.5006,-136.1568,0.0000
22351,91.5506,-136.1568,0.0000
22352,91.6006,-136.1568,0.0000
22353,91.6506,-136.1568,0.0000
22354,91.7006,-136.1568,0.0000
22355,91.7506,-136.1568,0.0000
22356,91.8006,-136.1568,0.0000
22357,91.8506,-136.1568,0.0000
22358,91.9006,-136.1568,0.0000
22359,91.9506,-136.1568,0.0000
22360,92.0006,-136.1568,0.0000
22361,92.0506,-136.1568,0.0000
22362,92.1006,-136.1568,0.0000
22363,92.1506,-136.1568,0.0000
22364,92.2006,-136.1568,0.0000
22365,92.2506,-136.1568,0.0000
22366,92.3006,-136.1568,0.0000
22367,92.3506,-136.1568,0.0000
22368,92.4006,-136.1568,0.0000
22369,92.4506,-136.1568,0.0000
22370,92.5006,-136.1568,0.0000
22371,92.5506,-136.1568,0.0000
22372,92.6006,-136.1568,0.0000
22373,92.6506,-136.1568,0.0000
22374,92.7006,-136.1568,0.0000
22375,92.7506,-136.1568,0.0000
22376,92.8006,-136.1568,0.0000
22377,92.8506,-136.1568,0.0000
22378,92.9006,-136.1568,0.0000
22379,92.9506,-136.1568,0.0000
22380,93.0006,-136.1568,0.0000
22381,93.0506,-136.1568,0.0000
22382,93.1006,-136.1568,0.0000
22383,93.1506,-136.1568,0.0000
22384,93.2006,-136.1568,0.0000
22385,93.2506,-136.1568,0.0000
22386,93.3006,-136.1568,0.0000
22387,93.3506,-136.1568,0.0000
22388,93.4006,-136.1568,0.0000
22389,93.4506,-136.1568,0.0000
22390,93.5006,-136.1568,0.0000
22391,93.5506,-136.1568,0.0000
22392,93.6006,-136.1568,0.0000
22393,93.6506,-136.1568,0.0000
22394,93.7006,-136.1568,0.0000
22395,93.7506,-136.1568,0.0000
22396,93.8006,-136.1568,0.0000
22397,93.8506,-136.1568,0.0000
22398,93.9006,-136.1568,0.0000
22399,93.9506,-136.1568,0.0000
22400,94.0006,-136.1568,0.0000
22401,94.0506,-136.1568,0.0000
22402,94.1006,-136.1568,0.0000
22403,94.1506,-136.1568,0.0000
22404,94.2006,-136.1568,0.0000
22405,94.2506,-136.1568,0.0000
22406,94.3006,-136.1568,0.0000
22407,94.3506,-136.1568,0.0000
22408,94.4006,-136.1568,0.0000
22409,94.4506,-136.1568,0.0000
22410,94.5006,-136.1568,0.0000
22411,94.5506,-136.1568,0.0000
22412,94.6006,-136.1568,0.0000
22413,94.6506,-136.1568,0.0000
22414,94.7006,-136.1568,0.0000
22415,94.7506,-136.1568,0.0000
22416,94.8006,-136.1568,0.0000
22417,94.8506,-136.1568,0.0000
22418,94.9006,-136.1568,0.0000
22419,94.9506,-136.1568,0.0000
22420,95.0006,-136.1568,0.0000
22421,95.0506,-136.1568,0.0000
22422,95.1006,-136.1568,0.0000
22423,95.1506,-136.1568,0.0000
22424,95.2006,-136.1568,0.0000
22425,95.2506,-136.1568,0.0000
22426,95.3006,-136.1568,0.0000
22427,95.3506,-136.1568,0.0000
22428,95.4006,-136.1568,0.0000
22429,95.4506,-136.1568,0.0000
22430,95.5006,-136.1568,0.0000
22431,95.5506,-136.1568,0.0000
22432,95.6006,-136.1568,0.0000
22433,95.6506,-136.1568,0.0000
22434,95.7006,-136.1568,0.0000
22435,95.7506,-136.1568,0.0000
22436,95.8006,-136.1568,0.0000
22437,95.8506,-136.1568,0.0000
22438,95.9006,-136.1568,0.0000
22439,95.9506,-136.1568,0.0000
22440,96.0006,-136.1568,0.0000
22441,96.0506,-136.1568,0.0000
22442,96.1006,-136.1568,0.0000
22443,96.1506,-136.1568,0.0000
22444,96.2006,-136.1568,0.0000
22445,96.2506,-136.1568,0.0000
22446,96.3006,-136.1568,0.0000
22447,96.3506,-136.1568,0.0000
22448,96.4006,-136.1568,0.0000
22449,96.4506,-136.1568,0.0000
22450,96.5006,-136.1568,0.0000
22451,96.5506,-136.1568,0.0000
22452,96.6006,-136.1568,0.0000
22453,96.6506,-136.1568,0.0000
22454,96.7006,-136.1568,0.0000
22455,96.7506,-136.1568,0.0000
22456,96.8006,-136.1568,0.0000
22457,96.8506,-136.1568,0.0000
22458,96.9006,-136.1568,0.0000
22459,96.9506,-136.1568,0.0000
22460,97.0006,-136.1568,0.0000
22461,97.0506,-136.1568,0.0000
22462,97.1006,-136.1568,0.0000
22463,97.1506,-136.1568,0.0000
22464,97.2006,-136.1568,0.0000
22465,97.2506,-136.1568,0.0000
22466,97.3006,-136.1568,0.0000
22467,97.3506,-136.1568,0.0000
22468,97.4006,-136.1568,0.0000
22469,97.4506,-136.1568,0.0000
22470,97.5006,-136.1568,0.0000
22471,97.5506,-136.1568,0.0000
22472,97.6006,-136.1568,0.0000
22473,97.6506,-136.1568,0.0000
22474,97.7006,-136.1568,0.0000
22475,97.7506,-136.1568,0.0000
22476,97.8006,-136.1568,0.0000
22477,97.8506,-136.1568,0.0000
22478,97.9006,-136.1568,0.0000
22479,97.9506,-136.1568,0.0000
22480,98.0006,-136.1568,0.0000
22481,98.0506,-136.1568,0.0000
22482,98.1006,-136.1568,0.0000
22483,98.1506,-136.1568,0.0000
22484,98.2006,-136.1568,0.0000
22485,98.2506,-136.1568,0.0000
22486,98.3006,-136.1568,0.0000
22487,98.3506,-136.1568,0.0000
22488,98.4006,-136.1568,0.0000
22489,98.4506,-136.1568,0.0000
22490,98.5006,-136.1568,0.0000
22491,98.5506,-136.1568,0.0000
22492,98.6006,-136.1568,0.0000
22493,98.6506,-136.1568,0.0000
22494,98.7006,-136.1568,0.0000
22495,98.7506,-136.1568,0.0000
22496,98.8006,-136.1568,0.0000
22497,98.8506,-136.1568,0.0000
22498,98.9006,-136.1568,0.0000
22499,98.9506,-136.1568,0.0000
22500,99.0006,-136.1568,0.0000
22501,99.0506,-136.1568,0.0000
22502,99.1006,-136.1568,0.0000
22503,99.1506,-136.1568,0.0000
22504,99.2006,-136.1568,0.0000
22505,99.2506,-136.1568,0.0000
22506,99.3006,-136.1568,0.0000
22507,99.3506,-136.1568,0.0000
22508,99.4006,-136.1568,0.0000
22509,99.4506,-136.1568,0.0000
22510,99.5006,-136.1568,0.0000
22511,99.5506,-136.1568,0.0000
22512,99.6006,-136.1568,0.0000
22513,99.6506,-136.1568,0.0000
22514,99.7006,-136.1568,0.0000
22515,99.7506,-136.1568,0.0000
22516,99.8006,-136.1568,0.0000
22517,99.8506,-136.1568,0.0000
22518,99.9006,-136.1568,0.0000
22519,99.9506,-136.1568,0.0000
22520,100.0006,-136.1568,0.0000
22521,100.0506,-136.1568,0.0000
22522,100.1006,-136.1568,0.0000
22523,100.1506,-136.1568,0.0000
22524,100.2006,-136.1568,0.0000
22525,100.2506,-136.1568,0.0000
22526,100.3006,-136.1568,0.0000
22527,100.3506,-136.1568,0.0000
22528,100.4006,-136.1568,0.0000
22529,100.4506,-136.1568,0.0000
22530,100.5006,-136.1568,0.0000
22531,100.5506,-136.1568,0.0000
22532,100.6006,-136.1568,0.0000
22533,100.6506,-136.1568,0.0000
22534,100.7006,-136.1568,0.0000
22535,100.7506,-136.1568,0.0000
22536,100.8006,-136.1568,0.0000
22537,100.8506,-136.1568,0.0000
22538,100.9006,-136.1568,0.0000
22539,100.9506,-136.1568,0.0000
22540,101.0006,-136.1568,0.0000
22541,101.0506,-136.1568,0.0000
22542,101.1006,-136.1568,0.0000
22543,101.1506,-136.1568,0.0000
22544,101.2006,-136.1568,0.0000
22545,101.2506,-136.1568,0.0000
22546,101.3006,-136.1568,0.0000
22547,101.3506,-136.1568,0.0000
22548,101.4006,-136.1568,0.0000
22549,101.4506,-136.1568,0.0000
22550,101.5006,-136.1568,0.0000
22551,101.5506,-136.1568,0.0000
22552,101.6006,-136.1568,0.0000
22553,101.6506,-136.1568,0.0000
22554,101.7006,-136.1568,0.0000
22555,101.7506,-136.1568,0.0000
22556,101.8006,-136.1568,0.0000
22557,101.8506,-136.1568,0.0000
22558,101.9006,-136.1568,0.0000
22559,101.9506,-136.1568,0.0000
22560,102.0006,-136.1568,0.0000
22561,102.0506,-136.1568,0.0000
22562,102.1006,-136.1568,0.0000
22563,102.1506,-136.1568,0.0000
22564,102.2006,-136.1568,0.0000
22565,102.2506,-136.1568,0.0000
22566,102.3006,-136.1568,0.0000
22567,102.3506,-136.1568,0.0000
22568,102.4006,-136.1568,0.0000
22569,102.4506,-136.1568,0.0000
22570,102.5006,-136.1568,0.0000
22571,102.5506,-136.1568,0.0000
22572,102.6006,-136.1568,0.0000
22573,102.6506,-136.1568,0.0000
22574,102.7006,-136.1568,0.0000
22575,102.7506,-136.1568,0.0000
22576,102.8006,-136.1568,0.0000
22577,102.8506,-136.1568,0.0000
22578,102.9006,-136.1568,0.0000
22579,102.9506,-136.1568,0.0000
22580,103.0006,-136.1568,0.0000
22581,103.0506,-136.1568,0.0000
22582,103.1006,-136.1568,0.0000
22583,103.1506,-136.1568,0.0000
22584,103.2006,-136.1568,0.0000
22585,103.2506,-136.1568,0.0000
22586,103.3006,-136.1568,0.0000
22587,103.3506,-136.1568,0.0000
22588,103.4006,-136.1568,0.0000
22589,103.4506,-136.1568,0.0000
22590,103.5006,-136.1568,0.0000
22591,103.5506,-136.1568,0.0000
22592,103.6006,-136.1568,0.0000
22593,103.6506,-136.1568,0.0000
22594,103.7006,-136.1568,0.0000
22595,103.7506,-136.1568,0.0000
22596,103.8006,-136.1568,0.0000
22597,103.8506,-136.1568,0.0000
22598,103.9006,-136.1568,0.0000
22599,103.9506,-136.1568,0.0000
22600,104.0006,-136.1568,0.0000
22601,104.0506,-136.1568,0.0000
22602,104.1006,-136.1568,0.0000
22603,104.1506,-136.1568,0.0000
22604,104.2006,-136.1568,0.0000
22605,104.2506,-136.1568,0.0000
22606,104.3006,-136.1568,0.0000
22607,104.3506,-136.1568,0.0000
22608,104.4006,-136.1568,0.0000
22609,104.4506,-136.1568,0.0000
22610,104.5006,-136.1568,0.0000
22611,104.5506,-136.1568,0.0000
22612,104.6006,-136.1568,0.0000
22613,104.6506,-136.1568,0.0000
22614,104.7006,-136.1568,0.0000
22615,104.7506,-136.1568,0.0000
22616,104.8006,-136.1568,0.0000
22617,104.8506,-136.1568,0.0000
22618,104.9006,-136.1568,0.0000
22619,104.9506,-136.1568,0.0000
22620,105.0006,-136.1568,0.0000
22621,105.0506,-136.1568,0.0000
22622,105.1006,-136.1568,0.0000
22623,105.1506,-136.1568,0.0000
22624,105.2006,-136.1568,0.0000
22625,105.2506,-136.1568,0.0000
22626,105.3006,-136.1568,0.0000
22627,105.3506,-136.1568,0.0000
22628,105.4006,-136.1568,0.0000
22629,105.4506,-136.1568,0.0000
22630,105.5006,-136.1568,0.0000
22631,105.5506,-136.1568,0.0000
22632,105.6006,-136.1568,0.0000
22633,105.6506,-136.1568,0.0000
22634,105.7006,-136.1568,0.0000
22635,105.7506,-136.1568,0.0000
22636,105.8006,-136.1568,0.0000
22637,105.8506,-136.1568,0.0000
22638,105.9006,-136.1568,0.0000
22639,105.9506,-136.1568,0.0000
22640,106.0006,-136.1568,0.0000
22641,106.0506,-136.1568,0.0000
22642,106.1006,-136.1568,0.0000
22643,106.1506,-136.1568,0.0000
22644,106.2006,-136.1568,0.0000
22645,106.2506,-136.1568,0.0000
22646,106.3006,-136.1568,0.0000
22647,106.3506,-136.1568,0.0000
22648,106.4006,-136.1568,0.0000
22649,106.4506,-136.1568,0.0000
22650,106.5006,-136.1568,0.0000
22651,106.5506,-136.1568,0.0000
22652,106.6006,-136.1568,0.0000
22653,106.6506,-136.1568,0.0000
22654,106.7006,-136.1568,0.0000
22655,106.7506,-136.1568,0.0000
22656,106.8006,-136.1568,0.0000
22657,106.8506,-136.1568,0.0000
22658,106.9006,-136.1568,0.0000
22659,106.9506,-136.1568,0.0000
22660,107.0006,-136.1568,0.0000
22661,107.0506,-136.1568,0.0000
22662,107.1006,-136.1568,0.0000
22663,107.1506,-136.1568,0.0000
22664,107.2006,-136.1568,0.0000
22665,107.2506,-136.1568,0.0000
22666,107.3006,-136.1568,0.0000
22667,107.3506,-136.1568,0.0000
22668,107.4006,-136.1568,0.0000
22669,107.4506,-136.1568,0.0000
22670,107.5006,-136.1568,0.0000
22671,107.5506,-136.1568,0.0000
22672,107.6006,-136.1568,0.0000
22673,107.6506,-136.1568,0.0000
22674,107.7006,-136.1568,0.0000
22675,107.7506,-136.1568,0.0000
22676,107.8006,-136.1568,0.0000
22677,107.8506,-136.1568,0.0000
22678,107.9006,-136.1568,0.0000
22679,107.9506,-136.1568,0.0000
22680,108.0006,-136.1568,0.0000
22681,108.0506,-136.1568,0.0000
22682,108.1006,-136.1568,0.0000
22683,108.1506,-136.1568,0.0000
22684,108.2006,-136.1568,0.0000
22685,108.2506,-136.1568,0.0000
22686,108.3006,-136.1568,0.0000
22687,108.3506,-136.1568,0.0000
22688,108.4006,-136.1568,0.0000
22689,108.4506,-136.1568,0.0000
22690,108.5006,-136.1568,0.0000
22691,108.5506,-136.1568,0.0000
22692,108.6006,-136.1568,0.0000
22693,108.6506,-136.1568,0.0000
22694,108.7006,-136.1568,0.0000
22695,108.7506,-136.1568,0.0000
22696,108.8006,-136.1568,0.0000
22697,108.8506,-136.1568,0.0000
22698,108.9006,-136.1568,0.0000
22699,108.9506,-136.1568,0.0000
22700,109.0006,-136.1568,0.0000
22701,109.0506,-136.1568,0.0000
22702,109.1006,-136.1568,0.0000
22703,109.1506,-136.1568,0.0000
22704,109.2006,-136.1568,0.0000
22705,109.2506,-136.1568,0.0000
22706,109.3006,-136.1568,0.0000
22707,109.3506,-136.1568,0.0000
22708,109.4006,-136.1568,0.0000
22709,109.4506,-136.1568,0.0000
22710,109.5006,-136.1568,0.0000
22711,109.5506,-136.1568,0.0000
22712,109.6006,-136.1568,0.0000
22713,109.6506,-136.1568,0.0000
22714,109.7006,-136.1568,0.0000
22715,109.7506,-136.1568,0.0000
22716,109.8006,-136.1568,0.0000
22717,109.8506,-136.1568,0.0000
22718,109.9006,-136.1568,0.0000
22719,109.9506,-136.1568,0.0000
22720,110.0006,-136.1568,0.0000
22721,110.0506,-136.1568,0.0000
22722,110.1006,-136.1568,0.0000
22723,110.1506,-136.1568,0.0000
22724,110.2006,-136.1568,0.0000
22725,110.2506,-136.1568,0.0000
22726,110.3006,-136.1568,0.0000
22727,110.3506,-136.1568,0.0000
22728,110.4006,-136.1568,0.0000
22729,110.4506,-136.1568,0.0000
22730,110.5006,-136.1568,0.0000
22731,110.5506,-136.1568,0.0000
22732,110.6006,-136.1568,0.0000
22733,110.6506,-136.1568,0.0000
22734,110.7006,-136.1568,0.0000
22735,110.7506,-136.1568,0.0000
22736,110.8006,-136.1568,0.0000
22737,110.8506,-136.1568,0.0000
22738,110.9006,-136.1568,0.0000
22739,110.9506,-136.1568,0.0000
22740,111.0006,-136.1568,0.0000
22741,111.0506,-136.1568,0.0000
22742,111.1006,-136.1568,0.0000
22743,111.1506,-136.1568,0.0000
22744,111.2006,-136.1568,0.0000
22745,111.2506,-136.1568,0.0000
22746,111.3006,-136.1568,0.0000
22747,111.3506,-136.1568,0.0000
22748,111.4006,-136.1568,0.0000
22749,111.4506,-136.1568,0.0000
22750,111.5006,-136.1568,0.0000
22751,111.5506,-136.1568,0.0000
22752,111.6006,-136.1568,0.0000
22753,111.6506,-136.1568,0.0000
22754,111.7006,-136.1568,0.0000
22755,111.7506,-136.1568,0.0000
22756,111.8006,-136.1568,0.0000
22757,111.8506,-136.1568,0.0000
22758,111.9006,-136.1568,0.0000
22759,111.9506,-136.1568,0.0000
22760,112.0006,-136.1568,0.0000
22761,112.0506,-136.1568,0.0000
22762,112.1006,-136.1568,0.0000
22763,112.1506,-136.1568,0.0000
22764,112.2006,-136.1568,0.0000
22765,112.2506,-136.1568,0.0000
22766,112.3006,-136.1568,0.0000
22767,112.3506,-136.1568,0.0000
22768,112.4006,-136.1568,0.0000
22769,112.4506,-136.1568,0.0000
22770,112.5006,-136.1568,0.0000
22771,112.5506,-136.1568,0.0000
22772,112.6006,-136.1568,0.0000
22773,112.6506,-136.1568,0.0000
22774,112.7006,-136.1568,0.0000
22775,112.7506,-136.1568,0.0000
22776,112.8006,-136.1568,0.0000
22777,112.8506,-136.1568,0.0000
22778,112.9006,-136.1568,0.0000
22779,112.9506,-136.1568,0.0000
22780,113.0006,-136.1568,0.0000
22781,113.0506,-136.1568,0.0000
22782,113.1006,-136.1568,0.0000
22783,113.1506,-136.1568,0.0000
22784,113.2006,-136.1568,0.0000
22785,113.2506,-136.1568,0.0000
22786,113.3006,-136.1568,0.0000
22787,113.3506,-136.1568,0.0000
22788,113.4006,-136.1568,0.0000
22789,113.4506,-136.1568,0.0000
22790,113.5006,-136.1568,0.0000
22791,113.5506,-136.1568,0.0000
22792,113.6006,-136.1568,0.0000
22793,113.6506,-136.1568,0.0000
22794,113.7006,-136.1568,0.0000
22795,113.7506,-136.1568,0.0000
22796,113.8006,-136.1568,0.0000
22797,113.8506,-136.1568,0.0000
22798,113.9006,-136.1568,0.0000
22799,113.9506,-136.1568,0.0000
22800,114.0006,-136.1568,0.0000
22801,114.0506,-136.1568,0.0000
22802,114.1006,-136.1568,0.0000
22803,114.1506,-136.1568,0.0000
22804,114.2006,-136.1568,0.0000
22805,114.2506,-136.1568,0.0000
22806,114.3006,-136.1568,0.0000
22807,114.3506,-136.1568,0.0000
22808,114.4006,-136.1568,0.0000
22809,114.4506,-136.1568,0.0000
22810,114.5006,-136.1568,0.0000
22811,114.5506,-136.1568,0.0000
22812,114.6006,-136.1568,0.0000
22813,114.6506,-136.1568,0.0000
22814,114.7006,-136.1568,0.0000
22815,114.7506,-136.1568,0.0000
22816,114.8006,-136.1568,0.0000
22817,114.8506,-136.1568,0.0000
22818,114.9006,-136.1568,0.0000
22819,114.9506,-136.1568,0.0000
22820,115.0006,-136.1568,0.0000
22821,115.0506,-136.1568,0.0000
22822,115.1006,-136.1568,0.0000
22823,115.1506,-136.1568,0.0000
22824,115.2006,-136.1568,0.0000
22825,115.2506,-136.1568,0.0000
22826,115.3006,-136.1568,0.0000
22827,115.3506,-136.1568,0.0000
22828,115.4006,-136.1568,0.0000
22829,115.4506,-136.1568,0.0000
22830,115.5006,-136.1568,0.0000
22831,115.5506,-136.1568,0.0000
22832,115.6006,-136.1568,0.0000
22833,115.6506,-136.1568,0.0000
22834,115.7006,-136.1568,0.0000
22835,115.7506,-136.1568,0.0000
22836,115.8006,-136.1568,0.0000
22837,115.8506,-136.1568,0.0000
22838,115.9006,-136.1568,0.0000
22839,115.9506,-136.1568,0.0000
22840,116.0006,-136.1568,0.0000
22841,116.0506,-136.1568,0.0000
22842,116.1006,-136.1568,0.0000
22843,116.1506,-136.1568,0.0000
22844,116.2006,-136.1568,0.0000
22845,116.2506,-136.1568,0.0000
22846,116.3006,-136.1568,0.0000
22847,116.3506,-136.1568,0.0000
22848,116.4006,-136.1568,0.0000
22849,116.4506,-136.1568,0.0000
22850,116.5006,-136.1568,0.0000
22851,116.5506,-136.1568,0.0000
22852,116.6006,-136.1568,0.0000
22853,116.6506,-136.1568,0.0000
22854,116.7006,-136.1568,0.0000
22855,116.7506,-136.1568,0.0000
22856,116.8006,-136.1568,0.0000
22857,116.8506,-136.1568,0.0000
22858,116.9006,-136.1568,0.0000
22859,116.9506,-136.1568,0.0000
22860,117.0006,-136.1568,0.0000
22861,117.0506,-136.1568,0.0000
22862,117.1006,-136.1568,0.0000
22863,117.1506,-136.1568,0.0000
22864,117.2006,-136.1568,0.0000
22865,117.2506,-136.1568,0.0000
22866,117.3006,-136.1568,0.0000
22867,117.3506,-136.1568,0.0000
22868,117.4006,-136.1568,0.0000
22869,117.4506,-136.1568,0.0000
22870,117.5006,-136.1568,0.0000
22871,117.5506,-136.1568,0.0000
22872,117.6006,-136.1568,0.0000
22873,117.6506,-136.1568,0.0000
22874,117.7006,-136.1568,0.0000
22875,117.7506,-136.1568,0.0000
22876,117.8006,-136.1568,0.0000
22877,117.8506,-136.1568,0.0000
22878,117.9006,-136.1568,0.0000
22879,117.9506,-136.1568,0.0000
22880,118.0006,-136.1568,0.0000
22881,118.0506,-136.1568,0.0000
22882,118.1006,-136.1568,0.0000
22883,118.1506,-136.1568,0.0000
22884,118.2006,-136.1568,0.0000
22885,118.2506,-136.1568,0.0000
22886,118.3006,-136.1568,0.0000
22887,118.3506,-136.1568,0.0000
22888,118.4006,-136.1568,0.0000
22889,118.4506,-136.1568,0.0000
22890,118.5006,-136.1568,0.0000
22891,118.5506,-136.1568,0.0000
22892,118.6006,-136.1568,0.0000
22893,118.6506,-136.1568,0.0000
22894,118.7006,-136.1568,0.0000
22895,118.7506,-136.1568,0.0000
22896,118.8006,-136.1568,0.0000
22897,118.8506,-136.1568,0.0000
22898,118.9006,-136.1568,0.0000
22899,118.9506,-136.1568,0.0000
22900,119.0006,-136.1568,0.0000
22901,119.0506,-136.1568,0.0000
22902,119.1006,-136.1568,0.0000
22903,119.1506,-136.1568,0.0000
22904,119.2006,-136.1568,0.0000
22905,119.2506,-136.1568,0.0000
22906,119.3006,-136.1568,0.0000
22907,119.3506,-136.1568,0.0000
22908,119.4006,-136.1568,0.0000
22909,119.4506,-136.1568,0.0000
22910,119.5006,-136.1568,0.0000
22911,119.5506,-136.1568,0.0000
22912,119.6006,-136.1568,0.0000
22913,119.6506,-136.1568,0.0000
22914,119.7006,-136.1568,0.0000
22915,119.7506,-136.1568,0.0000
22916,119.8006,-136.1568,0.0000
22917,119.8506,-136.1568,0.0000
22918,119.9006,-136.1568,0.0000
22919,119.9506,-136.1568,0.0000
22920,120.0006,-136.1568,0.0000
22921,120.0506,-136.1568,0.0000
22922,120.1006,-136.1568,0.0000
22923,120.1506,-136.1568,0.0000
22924,120.2006,-136.1568,0.0000
22925,120.2506,-136.1568,0.0000
22926,120.3006,-136.1568,0.0000
22927,120.3506,-136.1568,0.0000
22928,120.4006,-136.1568,0.0000
22929,120.4506,-136.1568,0.0000
22930,120.5006,-136.1568,0.0000
22931,120.5506,-136.1568,0.0000
22932,120.6006,-136.1568,0.0000
22933,120.6506,-136.1568,0.0000
22934,120.7006,-136.1568,0.0000
22935,120.7506,-136.1568,0.0000
22936,120.8006,-136.1568,0.0000
22937,120.8506,-136.1568,0.0000
22938,120.9006,-136.1568,0.0000
22939,120.9506,-136.1568,0.0000
22940,121.0006,-136.1568,0.0000
22941,121.0506,-136.1568,0.0000
22942,121.1006,-136.1568,0.0000
22943,121.1506,-136.1568,0.0000
22944,121.2006,-136.1568,0.0000
22945,121.2506,-136.1568,0.0000
22946,121.3006,-136.1568,0.0000
22947,121.3506,-136.1568,0.0000
22948,121.4006,-136.1568,0.0000
22949,121.4506,-136.1568,0.0000
22950,121.5006,-136.1568,0.0000
22951,121.5506,-136.1568,0.0000
22952,121.6006,-136.1568,0.0000
22953,121.6506,-136.1568,0.0000
22954,121.7006,-136.1568,0.0000
22955,121.7506,-136.1568,0.0000
22956,121.8006,-136.1568,0.0000
22957,121.8506,-136.1568,0.0000
22958,121.9006,-136.1568,0.0000
22959,121.9506,-136.1568,0.0000
22960,122.0006,-136.1568,0.0000
22961,122.0506,-136.1568,0.0000
22962,122.1006,-136.1568,0.0000
22963,122.1506,-136.1568,0.0000
22964,122.2006,-136.1568,0.0000
22965,122.2506,-136.1568,0.0000
22966,122.3006,-136.1568,0.0000
22967,122.3506,-136.1568,0.0000
22968,122.4006,-136.1568,0.0000
22969,122.4506,-136.1568,0.0000
22970,122.5006,-136.1568,0.0000
22971,122.5506,-136.1568,0.0000
22972,122.6006,-136.1568,0.0000
22973,122.6506,-136.1568,0.0000
22974,122.7006,-136.1568,0.0000
22975,122.7506,-136.1568,0.0000
22976,122.8006,-136.1568,0.0000
22977,122.8506,-136.1568,0.0000
22978,122.9006,-136.1568,0.0000
22979,122.9506,-136.1568,0.0000
22980,123.0006,-136.1568,0.0000
22981,123.0506,-136.1568,0.0000
22982,123.1006,-136.1568,0.0000
22983,123.1506,-136.1568,0.0000
22984,123.2006,-136.1568,0.0000
22985,123.2506,-136.1568,0.0000
22986,123.3006,-136.1568,0.0000
22987,123.3506,-136.1568,0.0000
22988,123.4006,-136.1568,0.0000
22989,123.4506,-136.1568,0.0000
22990,123.5006,-136.1568,0.0000
22991,123.5506,-136.1568,0.0000
22992,123.6006,-136.1568,0.0000
22993,123.6506,-136.1568,0.0000
22994,123.7006,-136.1568,0.0000
22995,123.7506,-136.1568,0.0000
22996,123.8006,-136.1568,0.0000
22997,123.8506,-136.1568,0.0000
22998,123.9006,-136.1568,0.0000
22999,123.9506,-136.1568,0.0000
23000,124.0006,-136.1568,0.0000
23001,124.0506,-136.1568,0.0000
23002,124.1006,-136.1568,0.0000
23003,124.1506,-136.1568,0.0000
23004,124.2006,-136.1568,0.0000
23005,124.2506,-136.1568,0.0000
23006,124.3006,-136.1568,0.0000
23007,124.3506,-136.1568,0.0000
23008,124.4006,-136.1568,0.0000
23009,124.4506,-136.1568,0.0000
23010,124.5006,-136.1568,0.0000
23011,124.5506,-136.1568,0.0000
23012,124.6006,-136.1568,0.0000
23013,124.6506,-136.1568,0.0000
23014,124.7006,-136.1568,0.0000
23015,124.7506,-136.1568,0.0000
23016,124.8006,-136.1568,0.0000
23017,124.8506,-136.1568,0.0000
23018,124.9006,-136.1568,0.0000
23019,124.9506,-136.1568,0.0000
23020,125.0006,-136.1568,0.0000
23021,125.0506,-136.1568,0.0000
23022,125.1006,-136.1568,0.0000
23023,125.1506,-136.1568,0.0000
23024,125.2006,-136.1568,0.0000
23025,125.2506,-136.1568,0.0000
23026,125.3006,-136.1568,0.0000
23027,125.3506,-136.1568,0.0000
23028,125.4006,-136.1568,0.0000
23029,125.4506,-136.1568,0.0000
23030,125.5006,-136.1568,0.0000
23031,125.5506,-136.1568,0.0000
23032,125.6006,-136.1568,0.0000
23033,125.6506,-136.1568,0.0000
23034,125.7006,-136.1568,0.0000
23035,125.7506,-136.1568,0.0000
23036,125.8006,-136.1568,0.0000
23037,125.8506,-136.1568,0.0000
23038,125.9006,-136.1568,0.0000
23039,125.9506,-136.1568,0.0000
23040,126.0006,-136.1568,0.0000
23041,126.0506,-136.1568,0.0000
23042,126.1006,-136.1568,0.0000
23043,126.1506,-136.1568,0.0000
23044,126.2006,-136.1568,0.0000
23045,126.2506,-136.1568,0.0000
23046,126.3006,-136.1568,0.0000
23047,126.3506,-136.1568,0.0000
23048,126.4006,-136.1568,0.0000
23049,126.4506,-136.1568,0.0000
23050,126.5006,-136.1568,0.0000
23051,126.5506,-136.1568,0.0000
23052,126.6006,-136.1568,0.0000
23053,126.6506,-136.1568,0.0000
23054,126.7006,-136.1568,0.0000
23055,126.7506,-136.1568,0.0000
23056,126.8006,-136.1568,0.0000
23057,126.8506,-136.1568,0.0000
23058,126.9006,-136.1568,0.0000
23059,126.9506,-136.1568,0.0000
23060,127.0006,-136.1568,0.0000
23061,127.0506,-136.1568,0.0000
23062,127.1006,-136.1568,0.0000
23063,127.1506,-136.1568,0.0000
23064,127.2006,-136.1568,0.0000
23065,127.2506,-136.1568,0.0000
23066,127.3006,-136.1568,0.0000
23067,127.3506,-136.1568,0.0000
23068,127.4006,-136.1568,0.0000
23069,127.4506,-136.1568,0.0000
23070,127.5006,-136.1568,0.0000
23071,127.5506,-136.1568,0.0000
23072,127.6006,-136.1568,0.0000
23073,127.6506,-136.1568,0.0000
23074,127.7006,-136.1568,0.0000
23075,127.7506,-136.1568,0.0000
23076,127.8006,-136.1568,0.0000
23077,127.8506,-136.1568,0.0000
23078,127.9006,-136.1568,0.0000
23079,127.9506,-136.1568,0.0000
23080,128.0006,-136.1568,0.0000
23081,128.0506,-136.1568,0.0000
23082,128.1006,-136.1568,0.0000
23083,128.1506,-136.1568,0.0000
23084,128.2006,-136.1568,0.0000
23085,128.2506,-136.1568,0.0000
23086,128.3006,-136.1568,0.0000
23087,128.3506,-136.1568,0.0000
23088,128.4006,-136.1568,0.0000
23089,128.4506,-136.1568,0.0000
23090,128.5006,-136.1568,0.0000
23091,128.5506,-136.1568,0.0000
23092,128.6006,-136.1568,0.0000
23093,128.6506,-136.1568,0.0000
23094,128.7006,-136.1568,0.0000
23095,128.7506,-136.1568,0.0000
23096,128.8006,-136.1568,0.0000
23097,128.8506,-136.1568,0.0000
23098,128.9006,-136.1568,0.0000
23099,128.9506,-136.1568,0.0000
23100,129.0006,-136.1568,0.0000
23101,129.0506,-136.1568,0.0000
23102,129.1006,-136.1568,0.0000
23103,129.1506,-136.1568,0.0000
23104,129.2006,-136.1568,0.0000
23105,129.2506,-136.1568,0.0000
23106,129.3006,-136.1568,0.0000
23107,129.3506,-136.1568,0.0000
23108,129.4006,-136.1568,0.0000
23109,129.4506,-136.1568,0.0000
23110,129.5006,-136.1568,0.0000
23111,129.5506,-136.1568,0.0000
23112,129.6006,-136.1568,0.0000
23113,129.6506,-136.1568,0.0000
23114,129.7006,-136.1568,0.0000
23115,129.7506,-136.1568,0.0000
23116,129.8006,-136.1568,0.0000
23117,129.8506,-136.1568,0.0000
23118,129.9006,-136.1568,0.0000
23119,129.9506,-136.1568,0.0000
23120,130.0006,-136.1568,0.0000
23121,130.0506,-136.1568,0.0000
23122,130.1006,-136.1568,0.0000
23123,130.1506,-136.1568,0.0000
23124,130.2006,-136.1568,0.0000
23125,130.2506,-136.1568,0.0000
23126,130.3006,-136.1568,0.0000
23127,130.3506,-136.1568,0.0000
23128,130.4006,-136.1568,0.0000
23129,130.4506,-136.1568,0.0000
23130,130.5006,-136.1568,0.0000
23131,130.5506,-136.1568,0.0000
23132,130.6006,-136.1568,0.0000
23133,130.6506,-136.1568,0.0000
23134,130.7006,-136.1568,0.0000
23135,130.7506,-136.1568,0.0000
23136,130.8006,-136.1568,0.0000
23137,130.8506,-136.1568,0.0000
23138,130.9006,-136.1568,0.0000
23139,130.9506,-136.1568,0.0000
23140,131.0006,-136.1568,0.0000
23141,131.0506,-136.1568,0.0000
23142,131.1006,-136.1568,0.0000
23143,131.1506,-136.1568,0.0000
23144,131.2006,-136.1568,0.0000
23145,131.2506,-136.1568,0.0000
23146,131.3006,-136.1568,0.0000
23147,131.3506,-136.1568,0.0000
23148,131.4006,-136.1568,0.0000
23149,131.4506,-136.1568,0.0000
23150,131.5006,-136.1568,0.0000
23151,131.5506,-136.1568,0.0000
23152,131.6006,-136.1568,0.0000
23153,131.6506,-136.1568,0.0000
23154,131.7006,-136.1568,0.0000
23155,131.7506,-136.1568,0.0000
23156,131.8006,-136.1568,0.0000
23157,131.8506,-136.1568,0.0000
23158,131.9006,-136.1568,0.0000
23159,131.9506,-136.1568,0.0000
23160,132.0006,-136.1568,0.0000
23161,132.0506,-136.1568,0.0000
23162,132.1006,-136.1568,0.0000
23163,132.1506,-136.1568,0.0000
23164,132.2006,-136.1568,0.0000
23165,132.2506,-136.1568,0.0000
23166,132.3006,-136.1568,0.0000
23167,132.3506,-136.1568,0.0000
23168,132.4006,-136.1568,0.0000
23169,132.4506,-136.1568,0.0000
23170,132.5006,-136.1568,0.0000
23171,132.5506,-136.1568,0.0000
23172,132.6006,-136.1568,0.0000
23173,132.6506,-136.1568,0.0000
23174,132.7006,-136.1568,0.0000
23175,132.7506,-136.1568,0.0000
23176,132.8006,-136.1568,0.0000
23177,132.8506,-136.1568,0.0000
23178,132.9006,-136.1568,0.0000
23179,132.9506,-136.1568,0.0000
23180,133.0006,-136.1568,0.0000
23181,133.0506,-136.1568,0.0000
23182,133.1006,-136.1568,0.0000
23183,133.1506,-136.1568,0.0000
23184,133.2006,-136.1568,0.0000
23185,133.2506,-136.1568,0.0000
23186,133.3006,-136.1568,0.0000
23187,133.3506,-136.1568,0.0000
23188,133.4006,-136.1568,0.0000
23189,133.4506,-136.1568,0.0000
23190,133.5006,-136.1568,0.0000
23191,133.5506,-136.1568,0.0000
23192,133.6006,-136.1568,0.0000
23193,133.6506,-136.1568,0.0000
23194,133.7006,-136.1568,0.0000
23195,133.7506,-136.1568,0.0000
23196,133.8006,-136.1568,0.0000
23197,133.8506,-136.1568,0.0000
23198,133.9006,-136.1568,0.0000
23199,133.9506,-136.1568,0.0000
23200,134.0006,-136.1568,0.0000
23201,134.0506,-136.1568,0.0000
23202,134.1006,-136.1568,0.0000
23203,134.1506,-136.1568,0.0000
23204,134.2006,-136.1568,0.0000
23205,134.2506,-136.1568,0.0000
23206,134.3006,-136.1568,0.0000
23207,134.3506,-136.1568,0.0000
23208,134.4006,-136.1568,0.0000
23209,134.4506,-136.1568,0.0000
23210,134.5006,-136.1568,0.0000
23211,134.5506,-136.1568,0.0000
23212,134.6006,-136.1568,0.0000
23213,134.6506,-136.1568,0.0000
23214,134.7006,-136.1568,0.0000
23215,134.7506,-136.1568,0.0000
23216,134.8006,-136.1568,0.0000
23217,134.8506,-136.1568,0.0000
23218,134.9006,-136.1568,0.0000
23219,134.9506,-136.1568,0.0000
23220,135.0006,-136.1568,0.0000
23221,135.0506,-136.1568,0.0000
23222,135.1006,-136.1568,0.0000
23223,135.1506,-136.1568,0.0000
23224,135.2006,-136.1568,0.0000
23225,135.2506,-136.1568,0.0000
23226,135.3006,-136.1568,0.0000
23227,135.3506,-136.1568,0.0000
23228,135.4006,-136.1568,0.0000
23229,135.4506,-136.1568,0.0000
23230,135.5006,-136.1568,0.0000
23231,135.5506,-136.1568,0.0000
23232,135.6006,-136.1568,0.0000
23233,135.6506,-136.1568,0.0000
23234,135.7006,-136.1568,0.0000
23235,135.7506,-136.1568,0.0000
23236,135.8006,-136.1568,0.0000
23237,135.8506,-136.1568,0.0000
23238,135.9006,-136.1568,0.0000
23239,135.9506,-136.1568,0.0000
23240,136.0006,-136.1568,0.0000
23241,136.0506,-136.1568,0.0000
23242,136.1006,-136.1568,0.0000
23243,136.1506,-136.1568,0.0000
23244,136.2006,-136.1568,0.0000
23245,136.2506,-136.1568,0.0000
23246,136.3006,-136.1568,0.0000
23247,136.3506,-136.1568,0.0000
23248,136.4006,-136.1568,0.0000
23249,136.4506,-136.1568,0.0000
23250,136.5006,-136.1568,0.0000
23251,136.5506,-136.1568,0.0000
23252,136.6006,-136.1568,0.0000
23253,136.6506,-136.1568,0.0000
23254,136.7006,-136.1568,0.0000
23255,136.7506,-136.1568,0.0000
23256,136.8006,-136.1568,0.0000
23257,136.8506,-136.1568,0.0000
23258,136.9006,-136.1568,0.0000
23259,136.9506,-136.1568,0.0000
23260,137.0006,-136.1568,0.0000
23261,137.0506,-136.1568,0.0000
23262,137.1006,-136.1568,0.0000
23263,137.1506,-136.1568,0.0000
23264,137.2006,-136.1568,0.0000
23265,137.2506,-136.1568,0.0000
23266,137.3006,-136.1568,0.0000
23267,137.3506,-136.1568,0.0000
23268,137.4006,-136.1568,0.0000
23269,137.4506,-136.1568,0.0000
23270,137.5006,-136.1568,0.0000
23271,137.5506,-136.1568,0.0000
23272,137.6006,-136.1568,0.0000
23273,137.6506,-136.1568,0.0000
23274,137.7006,-136.1568,0.0000
23275,137.7506,-136.1568,0.0000
23276,137.8006,-136.1568,0.0000
23277,137.8506,-136.1568,0.0000
23278,137.9006,-136.1568,0.0000
23279,137.9506,-136.1568,0.0000
23280,138.0006,-136.1568,0.0000
23281,138.0506,-136.1568,0.0000
23282,138.1006,-136.1568,0.0000
23283,138.1506,-136.1568,0.0000
23284,138.2006,-136.1568,0.0000
23285,138.2506,-136.1568,0.0000
23286,138.3006,-136.1568,0.0000
23287,138.3506,-136.1568,0.0000
23288,138.4006,-136.1568,0.0000
23289,138.4506,-136.1568,0.0000
23290,138.5006,-136.1568,0.0000
23291,138.5506,-136.1568,0.0000
23292,138.6006,-136.1568,0.0000
23293,138.6506,-136.1568,0.0000
23294,138.7006,-136.1568,0.0000
23295,138.7506,-136.1568,0.0000
23296,138.8006,-136.1568,0.0000
23297,138.8506,-136.1568,0.0000
23298,138.9006,-136.1568,0.0000
23299,138.9506,-136.1568,0.0000
23300,139.0006,-136.1568,0.0000
23301,139.0506,-136.1568,0.0000
23302,139.1006,-136.1568,0.0000
23303,139.1506,-136.1568,0.0000
23304,139.2006,-136.1568,0.0000
23305,139.2506,-136.1568,0.0000
23306,139.3006,-136.1568,0.0000
23307,139.3506,-136.1568,0.0000
23308,139.4006,-136.1568,0.0000
23309,139.4506,-136.1568,0.0000
23310,139.5006,-136.1568,0.0000
23311,139.5506,-136.1568,0.0000
23312,139.6006,-136.1568,0.0000
23313,139.6506,-136.1568,0.0000
23314,139.7006,-136.1568,0.0000
23315,139.7506,-136.1568,0.0000
23316,139.8006,-136.1568,0.0000
23317,139.8506,-136.1568,0.0000
23318,139.9006,-136.1568,0.0000
23319,139.9506,-136.1568,0.0000
23320,140.0006,-136.1568,0.0000
23321,140.0506,-136.1568,0.0000
23322,140.1006,-136.1568,0.0000
23323,140.1506,-136.1568,0.0000
23324,140.2006,-136.1568,0.0000
23325,140.2506,-136.1568,0.0000
23326,140.3006,-136.1568,0.0000
23327,140.3506,-136.1568,0.0000
23328,140.4006,-136.1568,0.0000
23329,140.4506,-136.1568,0.0000
23330,140.5006,-136.1568,0.0000
23331,140.5506,-136.1568,0.0000
23332,140.6006,-136.1568,0.0000
23333,140.6506,-136.1568,0.0000
23334,140.7006,-136.1568,0.0000
23335,140.7506,-136.1568,0.0000
23336,140.8006,-136.1568,0.0000
23337,140.8506,-136.1568,0.0000
23338,140.9006,-136.1568,0.0000
23339,140.9506,-136.1568,0.0000
23340,141.0006,-136.1568,0.0000
23341,141.0506,-136.1568,0.0000
23342,141.1006,-136.1568,0.0000
23343,141.1506,-136.1568,0.0000
23344,141.2006,-136.1568,0.0000
23345,141.2506,-136.1568,0.0000
23346,141.3006,-136.1568,0.0000
23347,141.3506,-136.1568,0.0000
23348,141.4006,-136.1568,0.0000
23349,141.4506,-136.1568,0.0000
23350,141.5006,-136.1568,0.0000
23351,141.5506,-136.1568,0.0000
23352,141.6006,-136.1568,0.0000
23353,141.6506,-136.1568,0.0000
23354,141.7006,-136.1568,0.0000
23355,141.7506,-136.1568,0.0000
23356,141.8006,-136.1568,0.0000
23357,141.8506,-136.1568,0.0000
23358,141.9006,-136.1568,0.0000
23359,141.9506,-136.1568,0.0000
23360,142.0006,-136.1568,0.0000
23361,142.0506,-136.1568,0.0000
23362,142.1006,-136.1568,0.0000
23363,142.1506,-136.1568,0.0000
23364,142.2006,-136.1568,0.0000
23365,142.2506,-136.1568,0.0000
23366,142.3006,-136.1568,0.0000
23367,142.3506,-136.1568,0.0000
23368,142.4006,-136.1568,0.0000
23369,142.4506,-136.1568,0.0000
23370,142.5006,-136.1568,0.0000
23371,142.5506,-136.1568,0.0000
23372,142.6006,-136.1568,0.0000
23373,142.6506,-136.1568,0.0000
23374,142.7006,-136.1568,0.0000
23375,142.7506,-136.1568,0.0000
23376,142.8006,-136.1568,0.0000
23377,142.8506,-136.1568,0.0000
23378,142.9006,-136.1568,0.0000
23379,142.9506,-136.1568,0.0000
23380,143.0006,-136.1568,0.0000
23381,143.0506,-136.1568,0.0000
23382,143.1006,-136.1568,0.0000
23383,143.1506,-136.1568,0.0000
23384,143.2006,-136.1568,0.0000
23385,143.2506,-136.1568,0.0000
23386,143.3006,-136.1568,0.0000
23387,143.3506,-136.1568,0.0000
23388,143.4006,-136.1568,0.0000
23389,143.4506,-136.1568,0.0000
23390,143.5006,-136.1568,0.0000
23391,143.5506,-136.1568,0.0000
23392,143.6006,-136.1568,0.0000
23393,143.6506,-136.1568,0.0000
23394,143.7006,-136.1568,0.0000
23395,143.7506,-136.1568,0.0000
23396,143.8006,-136.1568,0.0000
23397,143.8506,-136.1568,0.0000
23398,143.9006,-136.1568,0.0000
23399,143.9506,-136.1568,0.0000
23400,144.0006,-136.1568,0.0000
23401,144.0506,-136.1568,0.0000
23402,144.1006,-136.1568,0.0000
23403,144.1506,-136.1568,0.0000
23404,144.2006,-136.1568,0.0000
23405,144.2506,-136.1568,0.0000
23406,144.3006,-136.1568,0.0000
23407,144.3506,-136.1568,0.0000
23408,144.4006,-136.1568,0.0000
23409,144.4506,-136.1568,0.0000
23410,144.5006,-136.1568,0.0000
23411,144.5506,-136.1568,0.0000
23412,144.6006,-136.1568,0.0000
23413,144.6506,-136.1568,0.0000
23414,144.7006,-136.1568,0.0000
23415,144.7506,-136.1568,0.0000
23416,144.8006,-136.1568,0.0000
23417,144.8506,-136.1568,0.0000
23418,144.9006,-136.1568,0.0000
23419,144.9506,-136.1568,0.0000
23420,145.0006,-136.1568,0.0000
23421,145.0506,-136.1568,0.0000
23422,145.1006,-136.1568,0.0000
23423,145.1506,-136.1568,0.0000
23424,145.2006,-136.1568,0.0000
23425,145.2506,-136.1568,0.0000
23426,145.3006,-136.1568,0.0000
23427,145.3506,-136.1568,0.0000
23428,145.4006,-136.1568,0.0000
23429,145.4506,-136.1568,0.0000
23430,145.5006,-136.1568,0.0000
23431,145.5506,-136.1568,0.0000
23432,145.6006,-136.1568,0.0000
23433,145.6506,-136.1568,0.0000
23434,145.7006,-136.1568,0.0000
23435,145.7506,-136.1568,0.0000
23436,145.8006,-136.1568,0.0000
23437,145.8506,-136.1568,0.0000
23438,145.9006,-136.1568,0.0000
23439,145.9506,-136.1568,0.0000
23440,146.0006,-136.1568,0.0000
23441,146.0506,-136.1568,0.0000
23442,146.1006,-136.1568,0.0000
23443,146.1506,-136.1568,0.0000
23444,146.2006,-136.1568,0.0000
23445,146.2506,-136.1568,0.0000
23446,146.3006,-136.1568,0.0000
23447,146.3506,-136.1568,0.0000
23448,146.4006,-136.1568,0.0000
23449,146.4506,-136.1568,0.0000
23450,146.5006,-136.1568,0.0000
23451,146.5506,-136.1568,0.0000
23452,146.6006,-136.1568,0.0000
23453,146.6506,-136.1568,0.0000
23454,146.7006,-136.1568,0.0000
23455,146.7506,-136.1568,0.0000
23456,146.8006,-136.1568,0.0000
23457,146.8506,-136.1568,0.0000
23458,146.9006,-136.1568,0.0000
23459,146.9506,-136.1568,0.0000
23460,147.0006,-136.1568,0.0000
23461,147.0506,-136.1568,0.0000
23462,147.1006,-136.1568,0.0000
23463,147.1506,-136.1568,0.0000
23464,147.2006,-136.1568,0.0000
23465,147.2506,-136.1568,0.0000
23466,147.3006,-136.1568,0.0000
23467,147.3506,-136.1568,0.0000
23468,147.4006,-136.1568,0.0000
23469,147.4506,-136.1568,0.0000
23470,147.5006,-136.1568,0.0000
23471,147.5506,-136.1568,0.0000
23472,147.6006,-136.1568,0.0000
23473,147.6506,-136.1568,0.0000
23474,147.7006,-136.1568,0.0000
23475,147.7506,-136.1568,0.0000
23476,147.8006,-136.1568,0.0000
23477,147.8506,-136.1568,0.0000
23478,147.9006,-136.1568,0.0000
23479,147.9506,-136.1568,0.0000
23480,148.0006,-136.1568,0.0000
23481,148.0506,-136.1568,0.0000
23482,148.1006,-136.1568,0.0000
23483,148.1506,-136.1568,0.0000
23484,148.2006,-136.1568,0.0000
23485,148.2506,-136.1568,0.0000
23486,148.3006,-136.1568,0.0000
23487,148.3506,-136.1568,0.0000
23488,148.4006,-136.1568,0.0000
23489,148.4506,-136.1568,0.0000
23490,148.5006,-136.1568,0.0000
23491,148.5506,-136.1568,0.0000
23492,148.6006,-136.1568,0.0000
23493,148.6506,-136.1568,0.0000
23494,148.7006,-136.1568,0.0000
23495,148.7506,-136.1568,0.0000
23496,148.8006,-136.1568,0.0000
23497,148.8506,-136.1568,0.0000
23498,148.9006,-136.1568,0.0000
23499,148.9506,-136.1568,0.0000
23500,149.0006,-136.1568,0.0000
23501,149.0506,-136.1568,0.0000
23502,149.1006,-136.1568,0.0000
23503,149.1506,-136.1568,0.0000
23504,149.2006,-136.1568,0.0000
23505,149.2506,-136.1568,0.0000
23506,149.3006,-136.1568,0.0000
23507,149.3506,-136.1568,0.0000
23508,149.4006,-136.1568,0.0000
23509,149.4506,-136.1568,0.0000
23510,149.5006,-136.1568,0.0000
23511,149.5506,-136.1568,0.0000
23512,149.6006,-136.1568,0.0000
23513,149.6506,-136.1568,0.0000
23514,149.7006,-136.1568,0.0000
23515,149.7506,-136.1568,0.0000
23516,149.8006,-136.1568,0.0000
23517,149.8506,-136.1568,0.0000
23518,149.9006,-136.1568,0.0000
23519,149.9506,-136.1568,0.0000
23520,150.0006,-136.1568,0.0000
23521,150.0506,-136.1568,0.0000
23522,150.1006,-136.1568,0.0000
23523,150.1506,-136.1568,0.0000
23524,150.2006,-136.1568,0.0000
23525,150.2506,-136.1568,0.0000
23526,150.3006,-136.1568,0.0000
23527,150.3506,-136.1568,0.0000
23528,150.4006,-136.1568,0.0000
23529,150.4506,-136.1568,0.0000
23530,150.5006,-136.1568,0.0000
23531,150.5506,-136.1568,0.0000
23532,150.6006,-136.1568,0.0000
23533,150.6506,-136.1568,0.0000
23534,150.7006,-136.1568,0.0000
23535,150.7506,-136.1568,0.0000
23536,150.8006,-136.1568,0.0000
23537,150.8506,-136.1568,0.0000
23538,150.9006,-136.1568,0.0000
23539,150.9506,-136.1568,0.0000
23540,151.0006,-136.1568,0.0000
23541,151.0506,-136.1568,0.0000
23542,151.1006,-136.1568,0.0000
23543,151.1506,-136.1568,0.0000
23544,151.2006,-136.1568,0.0000
23545,151.2506,-136.1568,0.0000
23546,151.3006,-136.1568,0.0000
23547,151.3506,-136.1568,0.0000
23548,151.4006,-136.1568,0.0000
23549,151.4506,-136.1568,0.0000
23550,151.5006,-136.1568,0.0000
23551,151.5506,-136.1568,0.0000
23552,151.6006,-136.1568,0.0000
23553,151.6506,-136.1568,0.0000
23554,151.7006,-136.1568,0.0000
23555,151.7506,-136.1568,0.0000
23556,151.8006,-136.1568,0.0000
23557,151.8506,-136.1568,0.0000
23558,151.9006,-136.1568,0.0000
23559,151.9506,-136.1568,0.0000
23560,152.0006,-136.1568,0.0000
23561,152.0506,-136.1568,0.0000
23562,152.1006,-136.1568,0.0000
23563,152.1506,-136.1568,0.0000
23564,152.2006,-136.1568,0.0000
23565,152.2506,-136.1568,0.0000
23566,152.3006,-136.1568,0.0000
23567,152.3506,-136.1568,0.0000
23568,152.4006,-136.1568,0.0000
23569,152.4506,-136.1568,0.0000
23570,152.5006,-136.1568,0.0000
23571,152.5506,-136.1568,0.0000
23572,152.6006,-136.1568,0.0000
23573,152.6506,-136.1568,0.0000
23574,152.7006,-136.1568,0.0000
23575,152.7506,-136.1568,0.0000
23576,152.8006,-136.1568,0.0000
23577,152.8506,-136.1568,0.0000
23578,152.9006,-136.1568,0.0000
23579,152.9506,-136.1568,0.0000
23580,153.0006,-136.1568,0.0000
23581,153.0506,-136.1568,0.0000
23582,153.1006,-136.1568,0.0000
23583,153.1506,-136.1568,0.0000
23584,153.2006,-136.1568,0.0000
23585,153.2506,-136.1568,0.0000
23586,153.3006,-136.1568,0.0000
23587,153.3506,-136.1568,0.0000
23588,153.4006,-136.1568,0.0000
23589,153.4506,-136.1568,0.0000
23590,153.5006,-136.1568,0.0000
23591,153.5506,-136.1568,0.0000
23592,153.6006,-136.1568,0.0000
23593,153.6506,-136.1568,0.0000
23594,153.7006,-136.1568,0.0000
23595,153.7506,-136.1568,0.0000
23596,153.8006,-136.1568,0.0000
23597,153.8506,-136.1568,0.0000
23598,153.9006,-136.1568,0.0000
23599,153.9506,-136.1568,0.0000
23600,154.0006,-136.1568,0.0000
23601,154.0506,-136.1568,0.0000
23602,154.1006,-136.1568,0.0000
23603,154.1506,-136.1568,0.0000
23604,154.2006,-136.1568,0.0000
23605,154.2506,-136.1568,0.0000
23606,154.3006,-136.1568,0.0000
23607,154.3506,-136.1568,0.0000
23608,154.4006,-136.1568,0.0000
23609,154.4506,-136.1568,0.0000
23610,154.5006,-136.1568,0.0000
23611,154.5506,-136.1568,0.0000
23612,154.6006,-136.1568,0.0000
23613,154.6506,-136.1568,0.0000
23614,154.7006,-136.1568,0.0000
23615,154.7506,-136.1568,0.0000
23616,154.8006,-136.1568,0.0000
23617,154.8506,-136.1568,0.0000
23618,154.9006,-136.1568,0.0000
23619,154.9506,-136.1568,0.0000
23620,155.0006,-136.1568,0.0000
23621,155.0506,-136.1568,0.0000
23622,155.1006,-136.1568,0.0000
23623,155.1506,-136.1568,0.0000
23624,155.2006,-136.1568,0.0000
23625,155.2506,-136.1568,0.0000
23626,155.3006,-136.1568,0.0000
23627,155.3506,-136.1568,0.0000
23628,155.4006,-136.1568,0.0000
23629,155.4506,-136.1568,0.0000
23630,155.5006,-136.1568,0.0000
23631,155.5506,-136.1568,0.0000
23632,155.6006,-136.1568,0.0000
23633,155.6506,-136.1568,0.0000
23634,155.7006,-136.1568,0.0000
23635,155.7506,-136.1568,0.0000
23636,155.8006,-136.1568,0.0000
23637,155.8506,-136.1568,0.0000
23638,155.9006,-136.1568,0.0000
23639,155.9506,-136.1568,0.0000
23640,156.0006,-136.1568,0.0000
23641,156.0506,-136.1568,0.0000
23642,156.1006,-136.1568,0.0000
23643,156.1506,-136.1568,0.0000
23644,156.2006,-136.1568,0.0000
23645,156.2506,-136.1568,0.0000
23646,156.3006,-136.1568,0.0000
23647,156.3506,-136.1568,0.0000
23648,156.4006,-136.1568,0.0000
23649,156.4506,-136.1568,0.0000
23650,156.5006,-136.1568,0.0000
23651,156.5506,-136.1568,0.0000
23652,156.6006,-136.1568,0.0000
23653,156.6506,-136.1568,0.0000
23654,156.7006,-136.1568,0.0000
23655,156.7506,-136.1568,0.0000
23656,156.8006,-136.1568,0.0000
23657,156.8506,-136.1568,0.0000
23658,156.9006,-136.1568,0.0000
23659,156.9506,-136.1568,0.0000
23660,157.0006,-136.1568,0.0000
23661,157.0506,-136.1568,0.0000
23662,157.1006,-136.1568,0.0000
23663,157.1506,-136.1568,0.0000
23664,157.2006,-136.1568,0.0000
23665,157.2506,-136.1568,0.0000
23666,157.3006,-136.1568,0.0000
23667,157.3506,-136.1568,0.0000
23668,157.4006,-136.1568,0.0000
23669,157.4506,-136.1568,0.0000
23670,157.5006,-136.1568,0.0000
23671,157.5506,-136.1568,0.0000
23672,157.6006,-136.1568,0.0000
23673,157.6506,-136.1568,0.0000
23674,157.7006,-136.1568,0.0000
23675,157.7506,-136.1568,0.0000
23676,157.8006,-136.1568,0.0000
23677,157.8506,-136.1568,0.0000
23678,157.9006,-136.1568,0.0000
23679,157.9506,-136.1568,0.0000
23680,158.0006,-136.1568,0.0000
23681,158.0506,-136.1568,0.0000
23682,158.1006,-136.1568,0.0000
23683,158.1506,-136.1568,0.0000
23684,158.2006,-136.1568,0.0000
23685,158.2506,-136.1568,0.0000
23686,158.3006,-136.1568,0.0000
23687,158.3506,-136.1568,0.0000
23688,158.4006,-136.1568,0.0000
23689,158.4506,-136.1568,0.0000
23690,158.5006,-136.1568,0.0000
23691,158.5506,-136.1568,0.0000
23692,158.6006,-136.1568,0.0000
23693,158.6506,-136.1568,0.0000
23694,158.7006,-136.1568,0.0000
23695,158.7506,-136.1568,0.0000
23696,158.8006,-136.1568,0.0000
23697,158.8506,-136.1568,0.0000
23698,158.9006,-136.1568,0.0000
23699,158.9506,-136.1568,0.0000
23700,159.0006,-136.1568,0.0000
23701,159.0506,-136.1568,0.0000
23702,159.1006,-136.1568,0.0000
23703,159.1506,-136.1568,0.0000
23704,159.2006,-136.1568,0.0000
23705,159.2506,-136.1568,0.0000
23706,159.3006,-136.1568,0.0000
23707,159.3506,-136.1568,0.0000
23708,159.4006,-136.1568,0.0000
23709,159.4506,-136.1568,0.0000
23710,159.5006,-136.1568,0.0000
23711,159.5506,-136.1568,0.0000
23712,159.6006,-136.1568,0.0000
23713,159.6506,-136.1568,0.0000
23714,159.7006,-136.1568,0.0000
23715,159.7506,-136.1568,0.0000
23716,159.8006,-136.1568,0.0000
23717,159.8506,-136.1568,0.0000
23718,159.9006,-136.1568,0.0000
23719,159.9506,-136.1568,0.0000
23720,160.0006,-136.1568,0.0000
23721,160.0506,-136.1568,0.0000
23722,160.1006,-136.1568,0.0000
23723,160.1506,-136.1568,0.0000
23724,160.2006,-136.1568,0.0000
23725,160.2506,-136.1568,0.0000
23726,160.3006,-136.1568,0.0000
23727,160.3506,-136.1568,0.0000
23728,160.4006,-136.1568,0.0000
23729,160.4506,-136.1568,0.0000
23730,160.5006,-136.1568,0.0000
23731,160.5506,-136.1568,0.0000
23732,160.6006,-136.1568,0.0000
23733,160.6506,-136.1568,0.0000
23734,160.7006,-136.1568,0.0000
23735,160.7506,-136.1568,0.0000
23736,160.8006,-136.1568,0.0000
23737,160.8506,-136.1568,0.0000
23738,160.9006,-136.1568,0.0000
23739,160.9506,-136.1568,0.0000
23740,161.0006,-136.1568,0.0000
23741,161.0506,-136.1568,0.0000
23742,161.1006,-136.1568,0.0000
23743,161.1506,-136.1568,0.0000
23744,161.2006,-136.1568,0.0000
23745,161.2506,-136.1568,0.0000
23746,161.3006,-136.1568,0.0000
23747,161.3506,-136.1568,0.0000
23748,161.4006,-136.1568,0.0000
23749,161.4506,-136.1568,0.0000
23750,161.5006,-136.1568,0.0000
23751,161.5506,-136.1568,0.0000
23752,161.6006,-136.1568,0.0000
23753,161.6506,-136.1568,0.0000
23754,161.7006,-136.1568,0.0000
23755,161.7506,-136.1568,0.0000
23756,161.8006,-136.1568,0.0000
23757,161.8506,-136.1568,0.0000
23758,161.9006,-136.1568,0.0000
23759,161.9506,-136.1568,0.0000
23760,162.0006,-136.1568,0.0000
23761,162.0506,-136.1568,0.0000
23762,162.1006,-136.1568,0.0000
23763,162.1506,-136.1568,0.0000
23764,162.2006,-136.1568,0.0000
23765,162.2506,-136.1568,0.0000
23766,162.3006,-136.1568,0.0000
23767,162.3506,-136.1568,0.0000
23768,162.4006,-136.1568,0.0000
23769,162.4506,-136.1568,0.0000
23770,162.5006,-136.1568,0.0000
23771,162.5506,-136.1568,0.0000
23772,162.6006,-136.1568,0.0000
23773,162.6506,-136.1568,0.0000
23774,162.7006,-136.1568,0.0000
23775,162.7506,-136.1568,0.0000
23776,162.8006,-136.1568,0.0000
23777,162.8506,-136.1568,0.0000
23778,162.9006,-136.1568,0.0000
23779,162.9506,-136.1568,0.0000
23780,163.0006,-136.1568,0.0000
23781,163.0506,-136.1568,0.0000
23782,163.1006,-136.1568,0.0000
23783,163.1506,-136.1568,0.0000
23784,163.2006,-136.1568,0.0000
23785,163.2506,-136.1568,0.0000
23786,163.3006,-136.1568,0.0000
23787,163.3506,-136.1568,0.0000
23788,163.4006,-136.1568,0.0000
23789,163.4506,-136.1568,0.0000
23790,163.5006,-136.1568,0.0000
23791,163.5506,-136.1568,0.0000
23792,163.6006,-136.1568,0.0000
23793,163.6506,-136.1568,0.0000
23794,163.7006,-136.1568,0.0000
23795,163.7506,-136.1568,0.0000
23796,163.8006,-136.1568,0.0000
23797,163.8506,-136.1568,0.0000
23798,163.9006,-136.1568,0.0000
23799,163.9506,-136.1568,0.0000
23800,164.0006,-136.1568,0.0000
23801,164.0506,-136.1568,0.0000
23802,164.1006,-136.1568,0.0000
23803,164.1506,-136.1568,0.0000
23804,164.2006,-136.1568,0.0000
23805,164.2506,-136.1568,0.0000
23806,164.3006,-136.1568,0.0000
23807,164.3506,-136.1568,0.0000
23808,164.4006,-136.1568,0.0000
23809,164.4506,-136.1568,0.0000
23810,164.5006,-136.1568,0.0000
23811,164.5506,-136.1568,0.0000
23812,164.6006,-136.1568,0.0000
23813,164.6506,-136.1568,0.0000
23814,164.7006,-136.1568,0.0000
23815,164.7506,-136.1568,0.0000
23816,164.8006,-136.1568,0.0000
23817,164.8506,-136.1568,0.0000
23818,164.9006,-136.1568,0.0000
23819,164.9506,-136.1568,0.0000
23820,165.0006,-136.1568,0.0000
23821,165.0506,-136.1568,0.0000
23822,165.1006,-136.1568,0.0000
23823,165.1506,-136.1568,0.0000
23824,165.2006,-136.1568,0.0000
23825,165.2506,-136.1568,0.0000
23826,165.3006,-136.1568,0.0000
23827,165.3506,-136.1568,0.0000
23828,165.4006,-136.1568,0.0000
23829,165.4506,-136.1568,0.0000
23830,165.5006,-136.1568,0.0000
23831,165.5506,-136.1568,0.0000
23832,165.6006,-136.1568,0.0000
23833,165.6506,-136.1568,0.0000
23834,165.7006,-136.1568,0.0000
23835,165.7506,-136.1568,0.0000
23836,165.8006,-136.1568,0.0000
23837,165.8506,-136.1568,0.0000
23838,165.9006,-136.1568,0.0000
23839,165.9506,-136.1568,0.0000
23840,166.0006,-136.1568,0.0000
23841,166.0506,-136.1568,0.0000
23842,166.1006,-136.1568,0.0000
23843,166.1506,-136.1568,0.0000
23844,166.2006,-136.1568,0.0000
23845,166.2506,-136.1568,0.0000
23846,166.3006,-136.1568,0.0000
23847,166.3506,-136.1568,0.0000
23848,166.4006,-136.1568,0.0000
23849,166.4506,-136.1568,0.0000
23850,166.5006,-136.1568,0.0000
23851,166.5506,-136.1568,0.0000
23852,166.6006,-136.1568,0.0000
23853,166.6506,-136.1568,0.0000
23854,166.7006,-136.1568,0.0000
23855,166.7506,-136.1568,0.0000
23856,166.8006,-136.1568,0.0000
23857,166.8506,-136.1568,0.0000
23858,166.9006,-136.1568,0.0000
23859,166.9506,-136.1568,0.0000
23860,167.0006,-136.1568,0.0000
23861,167.0506,-136.1568,0.0000
23862,167.1006,-136.1568,0.0000
23863,167.1506,-136.1568,0.0000
23864,167.2006,-136.1568,0.0000
23865,167.2506,-136.1568,0.0000
23866,167.3006,-136.1568,0.0000
23867,167.3506,-136.1568,0.0000
23868,167.4006,-136.1568,0.0000
23869,167.4506,-136.1568,0.0000
23870,167.5006,-136.1568,0.0000
23871,167.5506,-136.1568,0.0000
23872,167.6006,-136.1568,0.0000
23873,167.6506,-136.1568,0.0000
23874,167.7006,-136.1568,0.0000
23875,167.7506,-136.1568,0.0000
23876,167.8006,-136.1568,0.0000
23877,167.8506,-136.1568,0.0000
23878,167.9006,-136.1568,0.0000
23879,167.9506,-136.1568,0.0000
23880,168.0006,-136.1568,0.0000
23881,168.0506,-136.1568,0.0000
23882,168.1006,-136.1568,0.0000
23883,168.1506,-136.1568,0.0000
23884,168.2006,-136.1568,0.0000
23885,168.2506,-136.1568,0.0000
23886,168.3006,-136.1568,0.0000
23887,168.3506,-136.1568,0.0000
23888,168.4006,-136.1568,0.0000
23889,168.4506,-136.1568,0.0000
23890,168.5006,-136.1568,0.0000
23891,168.5506,-136.1568,0.0000
23892,168.6006,-136.1568,0.0000
23893,168.6506,-136.1568,0.0000
23894,168.7006,-136.1568,0.0000
23895,168.7506,-136.1568,0.0000
23896,168.8006,-136.1568,0.0000
23897,168.8506,-136.1568,0.0000
23898,168.9006,-136.1568,0.0000
23899,168.9506,-136.1568,0.0000
23900,169.0006,-136.1568,0.0000
23901,169.0506,-136.1568,0.0000
23902,169.1006,-136.1568,0.0000
23903,169.1506,-136.1568,0.0000
23904,169.2006,-136.1568,0.0000
23905,169.2506,-136.1568,0.0000
23906,169.3006,-136.1568,0.0000
23907,169.3506,-136.1568,0.0000
23908,169.4006,-136.1568,0.0000
23909,169.4506,-136.1568,0.0000
23910,169.5006,-136.1568,0.0000
23911,169.5506,-136.1568,0.0000
23912,169.6006,-136.1568,0.0000
23913,169.6506,-136.1568,0.0000
23914,169.7006,-136.1568,0.0000
23915,169.7506,-136.1568,0.0000
23916,169.8006,-136.1568,0.0000
23917,169.8506,-136.1568,0.0000
23918,169.9006,-136.1568,0.0000
23919,169.9506,-136.1568,0.0000
23920,170.0006,-136.1568,0.0000
23921,170.0506,-136.1568,0.0000
23922,170.1006,-136.1568,0.0000
23923,170.1506,-136.1568,0.0000
23924,170.2006,-136.1568,0.0000
23925,170.2506,-136.1568,0.0000
23926,170.3006,-136.1568,0.0000
23927,170.3506,-136.1568,0.0000
23928,170.4006,-136.1568,0.0000
23929,170.4506,-136.1568,0.0000
23930,170.5006,-136.1568,0.0000
23931,170.5506,-136.1568,0.0000
23932,170.6006,-136.1568,0.0000
23933,170.6506,-136.1568,0.0000
23934,170.7006,-136.1568,0.0000
23935,170.7506,-136.1568,0.0000
23936,170.8006,-136.1568,0.0000
23937,170.8506,-136.1568,0.0000
23938,170.9006,-136.1568,0.0000
23939,170.9506,-136.1568,0.0000
23940,171.0006,-136.1568,0.0000
23941,171.0506,-136.1568,0.0000
23942,171.1006,-136.1568,0.0000
23943,171.1506,-136.1568,0.0000
23944,171.2006,-136.1568,0.0000
23945,171.2506,-136.1568,0.0000
23946,171.3006,-136.1568,0.0000
23947,171.3506,-136.1568,0.0000
23948,171.4006,-136.1568,0.0000
23949,171.4506,-136.1568,0.0000
23950,171.5006,-136.1568,0.0000
23951,171.5506,-136.1568,0.0000
23952,171.6006,-136.1568,0.0000
23953,171.6506,-136.1568,0.0000
23954,171.7006,-136.1568,0.0000
23955,171.7506,-136.1568,0.0000
23956,171.8006,-136.1568,0.0000
23957,171.8506,-136.1568,0.0000
23958,171.9006,-136.1568,0.0000
23959,171.9506,-136.1568,0.0000
23960,172.0006,-136.1568,0.0000
23961,172.0506,-136.1568,0.0000
23962,172.1006,-136.1568,0.0000
23963,172.1506,-136.1568,0.0000
23964,172.2006,-136.1568,0.0000
23965,172.2506,-136.1568,0.0000
23966,172.3006,-136.1568,0.0000
23967,172.3506,-136.1568,0.0000
23968,172.4006,-136.1568,0.0000
23969,172.4506,-136.1568,0.0000
23970,172.5006,-136.1568,0.0000
23971,172.5506,-136.1568,0.0000
23972,172.6006,-136.1568,0.0000
23973,172.6506,-136.1568,0.0000
23974,172.7006,-136.1568,0.0000
23975,172.7506,-136.1568,0.0000
23976,172.8006,-136.1568,0.0000
23977,172.8506,-136.1568,0.0000
23978,172.9006,-136.1568,0.0000
23979,172.9506,-136.1568,0.0000
23980,173.0006,-136.1568,0.0000
23981,173.0506,-136.1568,0.0000
23982,173.1006,-136.1568,0.0000
23983,173.1506,-136.1568,0.0000
23984,173.2006,-136.1568,0.0000
23985,173.2506,-136.1568,0.0000
23986,173.3006,-136.1568,0.0000
23987,173.3506,-136.1568,0.0000
23988,173.4006,-136.1568,0.0000
23989,173.4506,-136.1568,0.0000
23990,173.5006,-136.1568,0.0000
23991,173.5506,-136.1568,0.0000
23992,173.6006,-136.1568,0.0000
23993,173.6506,-136.1568,0.0000
23994,173.7006,-136.1568,0.0000
23995,173.7506,-136.1568,0.0000
23996,173.8006,-136.1568,0.0000
23997,173.8506,-136.1568,0.0000
23998,173.9006,-136.1568,0.0000
23999,173.9506,-136.1568,0.0000
24000,174.0006,-136.1568,0.0000
24001,174.0506,-136.1568,0.0000
24002,174.1006,-136.1568,0.0000
24003,174.1506,-136.1568,0.0000
24004,174.2006,-136.1568,0.0000
24005,174.2506,-136.1568,0.0000
24006,174.3006,-136.1568,0.0000
24007,174.3506,-136.1568,0.0000
24008,174.4006,-136.1568,0.0000
24009,174.4506,-136.1568,0.0000
24010,174.5006,-136.1568,0.0000
24011,174.5506,-136.1568,0.0000
24012,174.6006,-136.1568,0.0000
24013,174.6506,-136.1568,0.0000
24014,174.7006,-136.1568,0.0000
24015,174.7506,-136.1568,0.0000
24016,174.8006,-136.1568,0.0000
24017,174.8506,-136.1568,0.0000
24018,174.9006,-136.1568,0.0000
24019,174.9506,-136.1568,0.0000
24020,175.0006,-136.1568,0.0000
24021,175.0506,-136.1568,0.0000
24022,175.1006,-136.1568,0.0000
24023,175.1506,-136.1568,0.0000
24024,175.2006,-136.1568,0.0000
24025,175.2506,-136.1568,0.0000
24026,175.3006,-136.1568,0.0000
24027,175.3506,-136.1568,0.0000
24028,175.4006,-136.1568,0.0000
24029,175.4506,-136.1568,0.0000
24030,175.5006,-136.1568,0.0000
24031,175.5506,-136.1568,0.0000
24032,175.6006,-136.1568,0.0000
24033,175.6506,-136.1568,0.0000
24034,175.7006,-136.1568,0.0000
24035,175.7506,-136.1568,0.0000
24036,175.8006,-136.1568,0.0000
24037,175.8506,-136.1568,0.0000
24038,175.9006,-136.1568,0.0000
24039,175.9506,-136.1568,0.0000
24040,176.0006,-136.1568,0.0000
24041,176.0506,-136.1568,0.0000
24042,176.1006,-136.1568,0.0000
24043,176.1506,-136.1568,0.0000
24044,176.2006,-136.1568,0.0000
24045,176.2506,-136.1568,0.0000
24046,176.3006,-136.1568,0.0000
24047,176.3506,-136.1568,0.0000
24048,176.4006,-136.1568,0.0000
24049,176.4506,-136.1568,0.0000
24050,176.5006,-136.1568,0.0000
24051,176.5506,-136.1568,0.0000
24052,176.6006,-136.1568,0.0000
24053,176.6506,-136.1568,0.0000
24054,176.7006,-136.1568,0.0000
24055,176.7506,-136.1568,0.0000
24056,176.8006,-136.1568,0.0000
24057,176.8506,-136.1568,0.0000
24058,176.9006,-136.1568,0.0000
24059,176.9506,-136.1568,0.0000
24060,177.0006,-136.1568,0.0000
24061,177.0506,-136.1568,0.0000
24062,177.1006,-136.1568,0.0000
24063,177.1506,-136.1568,0.0000
24064,177.2006,-136.1568,0.0000
24065,177.2506,-136.1568,0.0000
24066,177.3006,-136.1568,0.0000
24067,177.3506,-136.1568,0.0000
24068,177.4006,-136.1568,0.0000
24069,177.4506,-136.1568,0.0000
24070,177.5006,-136.1568,0.0000
24071,177.5506,-136.1568,0.0000
24072,177.6006,-136.1568,0.0000
24073,177.6506,-136.1568,0.0000
24074,177.7006,-136.1568,0.0000
24075,177.7506,-136.1568,0.0000
24076,177.8006,-136.1568,0.0000
24077,177.8506,-136.1568,0.0000
24078,177.9006,-136.1568,0.0000
24079,177.9506,-136.1568,0.0000
24080,178.0006,-136.1568,0.0000
24081,178.0506,-136.1568,0.0000
24082,178.1006,-136.1568,0.0000
24083,178.1506,-136.1568,0.0000
24084,178.2006,-136.1568,0.0000
24085,178.2506,-136.1568,0.0000
24086,178.3006,-136.1568,0.0000
24087,178.3506,-136.1568,0.0000
24088,178.4222,-136.1568,0.0000
